Facility name,Responsible emitter,ACCU methodology determination,ACCU method type,Quantity surrendered
APN01 Appin Colliery - ICH Facility,ENDEAVOUR COAL PTY LIMITED,Carbon Credits (Carbon Farming Initiative) (Native Forest from Managed Regrowth) Methodology Determination 2013,Vegetation,"1,316"
APN01 Appin Colliery - ICH Facility,ENDEAVOUR COAL PTY LIMITED,Carbon Credits (Carbon Farming Initiative-Electricity Generation from Landfill Gas) Methodology Determination 2021,Waste,"1,552"
APN01 Appin Colliery - ICH Facility,ENDEAVOUR COAL PTY LIMITED,Carbon Credits (Carbon Farming Initiative-Electricity Generation from Landfill Gas) Methodology Determination 2021 (Compilation No. 1),Waste,723
APN01 Appin Colliery - ICH Facility,ENDEAVOUR COAL PTY LIMITED,Carbon Credits (Carbon Farming Initiative-Landfill Gas) Methodology Determination 2015 (Compilation No. 1),Waste,877
APU01 Pyrenees - AOA Facility,WOODSIDE ENERGY GLOBAL PTY LTD,Carbon Credits (Carbon Farming Initiative) (Human-Induced Regeneration of a Permanent Even-Aged Native Forest-1.1) Methodology Determination 2013 (Compilation No. 1),Vegetation,"6,032"
APU01 Pyrenees - AOA Facility,WOODSIDE ENERGY GLOBAL PTY LTD,Carbon Credits (Carbon Farming Initiative) (Human-Induced Regeneration of a Permanent Even-Aged Native Forest-1.1) Methodology Determination 2013 (Compilation No. 2),Vegetation,"1,684"
APU01 Pyrenees - AOA Facility,WOODSIDE ENERGY GLOBAL PTY LTD,Carbon Credits (Carbon Farming Initiative) (Human-Induced Regeneration of a Permanent Even-Aged Native Forest-1.1) Methodology Determination 2013 (Compilation No. 3),Vegetation,"1,046"
APU01 Pyrenees - AOA Facility,WOODSIDE ENERGY GLOBAL PTY LTD,Carbon Credits (Carbon Farming Initiative-Emissions Abatement through Savanna Fire Management) Methodology Determination 2015,Savanna Fire Management,808
APU01 Pyrenees - AOA Facility,WOODSIDE ENERGY GLOBAL PTY LTD,Carbon Credits (Carbon Farming Initiative-Landfill Gas) Methodology Determination 2015,Waste,"1,037"
Ashton Coal Mine (Underground),ASHTON COAL OPERATIONS PTY LIMITED,Carbon Credits (Carbon Farming Initiative) (Human-Induced Regeneration of a Permanent Even-Aged Native Forest-1.1) Methodology Determination 2013 (Compilation No. 1),Vegetation,"193,065"
Ashton Coal Mine (Underground),ASHTON COAL OPERATIONS PTY LIMITED,Carbon Credits (Carbon Farming Initiative) (Human-Induced Regeneration of a Permanent Even-Aged Native Forest-1.1) Methodology Determination 2013 (Compilation No. 2),Vegetation,"232,487"
Ashton Coal Mine (Underground),ASHTON COAL OPERATIONS PTY LIMITED,Carbon Credits (Carbon Farming Initiative) (Human-Induced Regeneration of a Permanent Even-Aged Native Forest-1.1) Methodology Determination 2013 (Compilation No. 3),Vegetation,"63,119"
Aurizon National Transport Facility,AURIZON OPERATIONS LIMITED,Carbon Credits (Carbon Farming Initiative) (Human-Induced Regeneration of a Permanent Even-Aged Native Forest-1.1) Methodology Determination 2013 (Compilation No. 2),Vegetation,"1,087"
Aurizon National Transport Facility,AURIZON OPERATIONS LIMITED,Carbon Credits (Carbon Farming Initiative) (Reduction of Greenhouse Gas Emissions through Early Dry Season Savanna Burning-1.1) Methodology Determination 2013,Savanna Fire Management,"10,000"
Aurizon National Transport Facility,AURIZON OPERATIONS LIMITED,Carbon Credits (Carbon Farming Initiative-Alternative Waste Treatment) Methodology Determination 2015,Waste,"5,531"
Aurizon National Transport Facility,AURIZON OPERATIONS LIMITED,Carbon Credits (Carbon Farming Initiative-Coal Mine Waste Gas) Methodology Determination 2015,Industrial Fugitives,"5,700"
Aurizon National Transport Facility,AURIZON OPERATIONS LIMITED,Carbon Credits (Carbon Farming Initiative-Emissions Abatement through Savanna Fire Management) Methodology Determination 2015,Savanna Fire Management,"45,177"
Aurizon National Transport Facility,AURIZON OPERATIONS LIMITED,Carbon Credits (Carbon Farming Initiative-Industrial Electricity and Fuel Efficiency) Methodology Determination 2015,Energy Efficiency,"16,959"
AusNet Gas Services Pty Ltd,AusNet Services Holdings Pty Ltd,Carbon Credits (Carbon Farming Initiative) (Reforestation by Environmental or Mallee Plantings-FullCAM) Methodology Determination 2014 (Compilation No. 2),Vegetation,"6,713"
Baralaba Coal Mine,BARALABA COAL COMPANY PTY LTD ,Carbon Credits (Carbon Farming Initiative-Avoided Clearing of Native Regrowth) Methodology Determination 2015 (Compilation No. 1),Vegetation,"4,945"
Baralaba Coal Mine,BARALABA COAL COMPANY PTY LTD ,Carbon Credits (Carbon Farming Initiative-Avoided Deforestation 1.1) Methodology Determination 2015,Vegetation,"1,500"
Beharra Springs,BEACH ENERGY LIMITED,Carbon Credits (Carbon Farming Initiative-Landfill Gas) Methodology Determination 2015 (Compilation No. 1),Waste,"11,588"
Bengalla Operations,Bengalla Mining Company Pty Limited,Carbon Credits (Carbon Farming Initiative) (Avoided Deforestation) Methodology Determination 2013,Vegetation,"1,434"
Bengalla Operations,Bengalla Mining Company Pty Limited,Carbon Credits (Carbon Farming Initiative-Avoided Deforestation 1.1) Methodology Determination 2015,Vegetation,"117,521"
Bengalla Operations,Bengalla Mining Company Pty Limited,Carbon Credits (Carbon Farming Initiative-Coal Mine Waste Gas) Methodology Determination 2015 (Compilation No. 3),Industrial Fugitives,"20,000"
Bengalla Operations,Bengalla Mining Company Pty Limited,Carbon Credits (Carbon Farming Initiative-Electricity Generation from Landfill Gas) Methodology Determination 2021 (Compilation No. 1),Waste,"23,848"
Bengalla Operations,Bengalla Mining Company Pty Limited,Carbon Credits (Carbon Farming Initiative-Landfill Gas) Methodology Determination 2015 (Compilation No. 1),Waste,"3,963"
Blackwater Coal Mine,WHITEHAVEN BLACKWATER PTY LTD,Carbon Credits (Carbon Farming Initiative) (Avoided Deforestation) Methodology Determination 2013,Vegetation,589
Blackwater Coal Mine,WHITEHAVEN BLACKWATER PTY LTD,Carbon Credits (Carbon Farming Initiative) (Human-Induced Regeneration of a Permanent Even-Aged Native Forest-1.1) Methodology Determination 2013 (Compilation No. 1),Vegetation,"20,736"
Blackwater Coal Mine,WHITEHAVEN BLACKWATER PTY LTD,Carbon Credits (Carbon Farming Initiative) (Human-Induced Regeneration of a Permanent Even-Aged Native Forest-1.1) Methodology Determination 2013 (Compilation No. 2),Vegetation,"13,279"
Blackwater Coal Mine,WHITEHAVEN BLACKWATER PTY LTD,Carbon Credits (Carbon Farming Initiative) (Human-Induced Regeneration of a Permanent Even-Aged Native Forest-1.1) Methodology Determination 2013 (Compilation No. 3),Vegetation,"15,985"
Blackwater Coal Mine,WHITEHAVEN BLACKWATER PTY LTD,Carbon Credits (Carbon Farming Initiative-Avoided Deforestation 1.1) Methodology Determination 2015,Vegetation,"38,033"
Blair Athol Operations,ORION MINING PTY LTD,Carbon Credits (Carbon Farming Initiative) (Human-Induced Regeneration of a Permanent Even-Aged Native Forest-1.1) Methodology Determination 2013 (Compilation No. 2),Vegetation,531
Blair Athol Operations,ORION MINING PTY LTD,Carbon Credits (Carbon Farming Initiative-Avoided Deforestation 1.1) Methodology Determination 2015,Vegetation,215
Blair Athol Operations,ORION MINING PTY LTD,Carbon Credits (Carbon Farming Initiative-Landfill Gas) Methodology Determination 2015,Waste,"1,185"
Boggabri Coal Minesite,BOGGABRI COAL PTY LIMITED,Carbon Credits (Carbon Farming Initiative) (Human-Induced Regeneration of a Permanent Even-Aged Native Forest-1.1) Methodology Determination 2013 (Compilation No. 2),Vegetation,"5,485"
Boggabri Coal Minesite,BOGGABRI COAL PTY LIMITED,Carbon Credits (Carbon Farming Initiative) (Human-Induced Regeneration of a Permanent Even-Aged Native Forest-1.1) Methodology Determination 2013 (Compilation No. 3),Vegetation,"1,469"
Boggabri Coal Minesite,BOGGABRI COAL PTY LIMITED,Carbon Credits (Carbon Farming Initiative) (Reduction of Greenhouse Gas Emissions through Early Dry Season Savanna Burning-1.1) Methodology Determination 2013,Savanna Fire Management,"6,940"
Boggabri Coal Minesite,BOGGABRI COAL PTY LIMITED,Carbon Credits (Carbon Farming Initiative-Coal Mine Waste Gas) Methodology Determination 2015 (Compilation No. 3),Industrial Fugitives,398
Boggabri Coal Minesite,BOGGABRI COAL PTY LIMITED,Carbon Credits (Carbon Farming Initiative-Landfill Gas) Methodology Determination 2015,Waste,"4,414"
Boyne Smelters Limited,RIO TINTO ALUMINIUM LIMITED,Carbon Credits (Carbon Farming Initiative) (Human-Induced Regeneration of a Permanent Even-Aged Native Forest-1.1) Methodology Determination 2013 (Compilation No. 1),Vegetation,"2,499"
Boyne Smelters Limited,RIO TINTO ALUMINIUM LIMITED,Carbon Credits (Carbon Farming Initiative) (Human-Induced Regeneration of a Permanent Even-Aged Native Forest-1.1) Methodology Determination 2013 (Compilation No. 2),Vegetation,"7,540"
Boyne Smelters Limited,RIO TINTO ALUMINIUM LIMITED,Carbon Credits (Carbon Farming Initiative) (Human-Induced Regeneration of a Permanent Even-Aged Native Forest-1.1) Methodology Determination 2013 (Compilation No. 3),Vegetation,"3,121"
Brockman 2 / Nammuldi Mines,Hamersley Iron Pty. Limited,Carbon Credits (Carbon Farming Initiative) (Human-Induced Regeneration of a Permanent Even-Aged Native Forest-1.1) Methodology Determination 2013 (Compilation No. 3),Vegetation,"76,855"
Brockman 2 / Nammuldi Mines,Hamersley Iron Pty. Limited,Carbon Credits (Carbon Farming Initiative-Emissions Abatement through Savanna Fire Management) Methodology Determination 2015,Savanna Fire Management,"75,671"
Brockman 4 Mine,Hamersley Iron Pty. Limited,Carbon Credits (Carbon Farming Initiative) (Human-Induced Regeneration of a Permanent Even-Aged Native Forest-1.1) Methodology Determination 2013 (Compilation No. 1),Vegetation,"67,711"
Byerwen Mine,BYERWEN COAL PTY LTD,Carbon Credits (Carbon Farming Initiative) (Human-Induced Regeneration of a Permanent Even-Aged Native Forest-1.1) Methodology Determination 2013 (Compilation No. 1),Vegetation,"45,848"
Byerwen Mine,BYERWEN COAL PTY LTD,Carbon Credits (Carbon Farming Initiative) (Human-Induced Regeneration of a Permanent Even-Aged Native Forest-1.1) Methodology Determination 2013 (Compilation No. 2),Vegetation,"32,906"
Byerwen Mine,BYERWEN COAL PTY LTD,Carbon Credits (Carbon Farming Initiative) (Human-Induced Regeneration of a Permanent Even-Aged Native Forest-1.1) Methodology Determination 2013 (Compilation No. 3),Vegetation,"13,810"
CAN01,South32 Cannington Proprietary Limited,Carbon Credits (Carbon Farming Initiative-Avoided Deforestation 1.1) Methodology Determination 2015,Vegetation,"16,482"
Carborough Downs Coal Mine,FITZROY (CQ) PTY LTD,Carbon Credits (Carbon Farming Initiative) (Human-Induced Regeneration of a Permanent Even-Aged Native Forest-1.1) Methodology Determination 2013 (Compilation No. 1),Vegetation,"16,062"
Carborough Downs Coal Mine,FITZROY (CQ) PTY LTD,Carbon Credits (Carbon Farming Initiative) (Human-Induced Regeneration of a Permanent Even-Aged Native Forest-1.1) Methodology Determination 2013 (Compilation No. 2),Vegetation,"16,673"
Carborough Downs Coal Mine,FITZROY (CQ) PTY LTD,Carbon Credits (Carbon Farming Initiative) (Human-Induced Regeneration of a Permanent Even-Aged Native Forest-1.1) Methodology Determination 2013 (Compilation No. 3),Vegetation,"109,791"
Carborough Downs Coal Mine,FITZROY (CQ) PTY LTD,Carbon Credits (Carbon Farming Initiative-Alternative Waste Treatment) Methodology Determination 2015,Waste,"31,772"
Carborough Downs Coal Mine,FITZROY (CQ) PTY LTD,Carbon Credits (Carbon Farming Initiative-Coal Mine Waste Gas) Methodology Determination 2015 (Compilation No. 1),Industrial Fugitives,"8,319"
Carborough Downs Coal Mine,FITZROY (CQ) PTY LTD,Carbon Credits (Carbon Farming Initiative-Coal Mine Waste Gas) Methodology Determination 2015 (Compilation No. 3),Industrial Fugitives,"16,225"
Carborough Downs Coal Mine,FITZROY (CQ) PTY LTD,Carbon Credits (Carbon Farming Initiative-Electricity Generation from Landfill Gas) Methodology Determination 2021,Waste,"26,678"
Carborough Downs Coal Mine,FITZROY (CQ) PTY LTD,Carbon Credits (Carbon Farming Initiative-Electricity Generation from Landfill Gas) Methodology Determination 2021 (Compilation No. 1),Waste,"20,516"
Carborough Downs Coal Mine,FITZROY (CQ) PTY LTD,Carbon Credits (Carbon Farming Initiative-Landfill Gas) Methodology Determination 2015,Waste,"1,586"
Carborough Downs Coal Mine,FITZROY (CQ) PTY LTD,Carbon Credits (Carbon Farming Initiative-Landfill Gas) Methodology Determination 2015 (Compilation No. 1),Waste,"15,137"
Caval Ridge Mine,BM Alliance Coal Operations Pty Limited,Carbon Credits (Carbon Farming Initiative) (Human-Induced Regeneration of a Permanent Even-Aged Native Forest-1.1) Methodology Determination 2013 (Compilation No. 1),Vegetation,"4,592"
Caval Ridge Mine,BM Alliance Coal Operations Pty Limited,Carbon Credits (Carbon Farming Initiative) (Human-Induced Regeneration of a Permanent Even-Aged Native Forest-1.1) Methodology Determination 2013 (Compilation No. 2),Vegetation,"19,319"
Caval Ridge Mine,BM Alliance Coal Operations Pty Limited,Carbon Credits (Carbon Farming Initiative) (Human-Induced Regeneration of a Permanent Even-Aged Native Forest-1.1) Methodology Determination 2013 (Compilation No. 3),Vegetation,"6,074"
Caval Ridge Mine,BM Alliance Coal Operations Pty Limited,Carbon Credits (Carbon Farming Initiative-Electricity Generation from Landfill Gas) Methodology Determination 2021,Waste,"3,911"
Caval Ridge Mine,BM Alliance Coal Operations Pty Limited,Carbon Credits (Carbon Farming Initiative-Electricity Generation from Landfill Gas) Methodology Determination 2021 (Compilation No. 1),Waste,"9,493"
Caval Ridge Mine,BM Alliance Coal Operations Pty Limited,Carbon Credits (Carbon Farming Initiative-Landfill Gas) Methodology Determination 2015,Waste,"4,483"
Caval Ridge Mine,BM Alliance Coal Operations Pty Limited,Carbon Credits (Carbon Farming Initiative-Landfill Gas) Methodology Determination 2015 (Compilation No. 1),Waste,"12,097"
Centurion Coal Mine,Centurion Coal Mining Pty Ltd,Carbon Credits (Carbon Farming Initiative) (Avoided Deforestation) Methodology Determination 2013,Vegetation,"1,003"
Centurion Coal Mine,Centurion Coal Mining Pty Ltd,Carbon Credits (Carbon Farming Initiative) (Human-Induced Regeneration of a Permanent Even-Aged Native Forest-1.1) Methodology Determination 2013 (Compilation No. 2),Vegetation,249
Centurion Coal Mine,Centurion Coal Mining Pty Ltd,Carbon Credits (Carbon Farming Initiative) (Human-Induced Regeneration of a Permanent Even-Aged Native Forest-1.1) Methodology Determination 2013 (Compilation No. 3),Vegetation,"12,438"
Centurion Coal Mine,Centurion Coal Mining Pty Ltd,Carbon Credits (Carbon Farming Initiative) (Reduction of Greenhouse Gas Emissions through Early Dry Season Savanna Burning-1.1) Methodology Determination 2013,Savanna Fire Management,18
Centurion Coal Mine,Centurion Coal Mining Pty Ltd,Carbon Credits (Carbon Farming Initiative-Alternative Waste Treatment) Methodology Determination 2015,Waste,"5,712"
Centurion Coal Mine,Centurion Coal Mining Pty Ltd,Carbon Credits (Carbon Farming Initiative-Avoided Clearing of Native Regrowth) Methodology Determination 2015 (Compilation No. 1),Vegetation,"10,707"
Centurion Coal Mine,Centurion Coal Mining Pty Ltd,Carbon Credits (Carbon Farming Initiative-Avoided Deforestation 1.1) Methodology Determination 2015,Vegetation,"268,761"
Centurion Coal Mine,Centurion Coal Mining Pty Ltd,Carbon Credits (Carbon Farming Initiative-Beef Cattle Herd Management) Methodology Determination 2015,Agriculture,"1,689"
Centurion Coal Mine,Centurion Coal Mining Pty Ltd,Carbon Credits (Carbon Farming Initiative-Beef Cattle Herd Management) Methodology Determination 2015 (Compilation No. 1),Agriculture,"3,000"
Centurion Coal Mine,Centurion Coal Mining Pty Ltd,Carbon Credits (Carbon Farming Initiative-Coal Mine Waste Gas) Methodology Determination 2015 (Compilation No. 2),Industrial Fugitives,"9,631"
Centurion Coal Mine,Centurion Coal Mining Pty Ltd,Carbon Credits (Carbon Farming Initiative-Coal Mine Waste Gas) Methodology Determination 2015 (Compilation No. 3),Industrial Fugitives,"4,261"
Centurion Coal Mine,Centurion Coal Mining Pty Ltd,Carbon Credits (Carbon Farming Initiative-Commercial and Public Lighting) Methodology Determination 2015 (Compilation No. 1),Energy Efficiency,"2,942"
Centurion Coal Mine,Centurion Coal Mining Pty Ltd,Carbon Credits (Carbon Farming Initiative-Electricity Generation from Landfill Gas) Methodology Determination 2021,Waste,762
Centurion Coal Mine,Centurion Coal Mining Pty Ltd,Carbon Credits (Carbon Farming Initiative-Electricity Generation from Landfill Gas) Methodology Determination 2021 (Compilation No. 1),Waste,"20,085"
Centurion Coal Mine,Centurion Coal Mining Pty Ltd,Carbon Credits (Carbon Farming Initiative-Emissions Abatement through Savanna Fire Management) Methodology Determination 2015,Savanna Fire Management,"15,018"
Centurion Coal Mine,Centurion Coal Mining Pty Ltd,Carbon Credits (Carbon Farming Initiative-Industrial Electricity and Fuel Efficiency) Methodology Determination 2015,Energy Efficiency,"1,952"
Centurion Coal Mine,Centurion Coal Mining Pty Ltd,Carbon Credits (Carbon Farming Initiative-Industrial Electricity and Fuel Efficiency) Methodology Determination 2015 (Compilation No. 1),Energy Efficiency,"4,643"
Centurion Coal Mine,Centurion Coal Mining Pty Ltd,Carbon Credits (Carbon Farming Initiative-Landfill Gas) Methodology Determination 2015,Waste,"6,887"
Centurion Coal Mine,Centurion Coal Mining Pty Ltd,Carbon Credits (Carbon Farming Initiative-Landfill Gas) Methodology Determination 2015 (Compilation No. 1),Waste,"11,682"
Centurion Coal Mine,Centurion Coal Mining Pty Ltd,Carbon Credits (Carbon Farming Initiative-Plantation Forestry) Methodology Determination 2017,Vegetation,125
Centurion Coal Mine,Centurion Coal Mining Pty Ltd,Carbon Credits (Carbon Farming Initiative-Plantation Forestry) Methodology Determination 2022,Vegetation,664
Centurion Coal Mine,Centurion Coal Mining Pty Ltd,Carbon Credits (Carbon Farming Initiative-Source Separated Organic Waste) Methodology Determination 2016,Waste,"1,998"
Centurion Coal Mine,Centurion Coal Mining Pty Ltd,Carbon Farming (Capture and Combustion of Methane in Landfill Gas from Legacy Waste) Methodology Determination 2012,Waste,"6,848"
Centurion Coal Mine,Centurion Coal Mining Pty Ltd,Carbon Credits (Carbon Farming Initiative-Estimation of Soil Organic Carbon Sequestration using Measurement and Models) Methodology Determination 2021,Agriculture,35
Chandala Processing Plant,Tronox Management Pty Ltd,Carbon Credits (Carbon Farming Initiative) (Reduction of Greenhouse Gas Emissions through Early Dry Season Savanna Burning-1.1) Methodology Determination 2013,Savanna Fire Management,"10,000"
Chandala Processing Plant,Tronox Management Pty Ltd,Carbon Credits (Carbon Farming Initiative-Avoided Deforestation 1.1) Methodology Determination 2015,Vegetation,"10,856"
Cloudbreak Mine,CHICHESTER METALS PTY LTD,Carbon Credits (Carbon Farming Initiative) (Human-Induced Regeneration of a Permanent Even-Aged Native Forest-1.1) Methodology Determination 2013 (Compilation No. 1),Vegetation,"11,261"
Cloudbreak Mine,CHICHESTER METALS PTY LTD,Carbon Credits (Carbon Farming Initiative) (Human-Induced Regeneration of a Permanent Even-Aged Native Forest-1.1) Methodology Determination 2013 (Compilation No. 2),Vegetation,"12,437"
Cloudbreak Mine,CHICHESTER METALS PTY LTD,Carbon Credits (Carbon Farming Initiative) (Human-Induced Regeneration of a Permanent Even-Aged Native Forest-1.1) Methodology Determination 2013 (Compilation No. 3),Vegetation,"7,877"
Cook Colliery,Constellation Mining Pty Ltd,Carbon Credits (Carbon Farming Initiative) (Human-Induced Regeneration of a Permanent Even-Aged Native Forest-1.1) Methodology Determination 2013 (Compilation No. 1),Vegetation,"26,948"
Cook Colliery,Constellation Mining Pty Ltd,Carbon Credits (Carbon Farming Initiative) (Human-Induced Regeneration of a Permanent Even-Aged Native Forest-1.1) Methodology Determination 2013 (Compilation No. 2),Vegetation,"1,513"
Cook Colliery,Constellation Mining Pty Ltd,Carbon Credits (Carbon Farming Initiative) (Human-Induced Regeneration of a Permanent Even-Aged Native Forest-1.1) Methodology Determination 2013 (Compilation No. 3),Vegetation,"7,327"
Coppabella Coal Mine,PEABODY ENERGY AUSTRALIA PCI (C&M MANAGEMENT) PTY LTD,Carbon Credits (Carbon Farming Initiative) (Human-Induced Regeneration of a Permanent Even-Aged Native Forest-1.1) Methodology Determination 2013 (Compilation No. 2),Vegetation,"15,000"
Coppabella Coal Mine,PEABODY ENERGY AUSTRALIA PCI (C&M MANAGEMENT) PTY LTD,Carbon Credits (Carbon Farming Initiative-Avoided Deforestation 1.1) Methodology Determination 2015,Vegetation,"24,651"
Coppabella Coal Mine,PEABODY ENERGY AUSTRALIA PCI (C&M MANAGEMENT) PTY LTD,Carbon Credits (Carbon Farming Initiative-Coal Mine Waste Gas) Methodology Determination 2015 (Compilation No. 3),Industrial Fugitives,"2,099"
Coppabella Coal Mine,PEABODY ENERGY AUSTRALIA PCI (C&M MANAGEMENT) PTY LTD,Carbon Credits (Carbon Farming Initiative-Electricity Generation from Landfill Gas) Methodology Determination 2021 (Compilation No. 1),Waste,"2,088"
Coppabella Coal Mine,PEABODY ENERGY AUSTRALIA PCI (C&M MANAGEMENT) PTY LTD,Carbon Credits (Carbon Farming Initiative-Industrial and Commercial Emissions Reduction) Methodology Determination 2021,Energy Efficiency,"2,813"
Dawson Mine,ANGLO COAL (DAWSON MANAGEMENT) PTY LTD,Carbon Credits (Carbon Farming Initiative) (Human-Induced Regeneration of a Permanent Even-Aged Native Forest-1.1) Methodology Determination 2013 (Compilation No. 1),Vegetation,"17,531"
Dawson Mine,ANGLO COAL (DAWSON MANAGEMENT) PTY LTD,Carbon Credits (Carbon Farming Initiative) (Reforestation by Environmental or Mallee Plantings-FullCAM) Methodology Determination 2014,Vegetation,355
Dawson Mine,ANGLO COAL (DAWSON MANAGEMENT) PTY LTD,Carbon Credits (Carbon Farming Initiative-Alternative Waste Treatment) Methodology Determination 2015,Waste,"30,416"
Dawson Mine,ANGLO COAL (DAWSON MANAGEMENT) PTY LTD,Carbon Credits (Carbon Farming Initiative-Landfill Gas) Methodology Determination 2015,Waste,"24,364"
Dawson Mine,ANGLO COAL (DAWSON MANAGEMENT) PTY LTD,Carbon Credits (Carbon Farming Initiative-Reforestation and Afforestation 2.0) Methodology Determination 2015,Vegetation,"8,250"
Dawson Mine,ANGLO COAL (DAWSON MANAGEMENT) PTY LTD,Carbon Credits (Carbon Farming Initiative) (Destruction of Methane Generated from Manure in Piggeries-1.1) Methodology Determination 2013,Agriculture,924
DEN01,Dendrobium Coal Pty Ltd,Carbon Credits (Carbon Farming Initiative-Alternative Waste Treatment) Methodology Determination 2015,Waste,"40,918"
DEN01,Dendrobium Coal Pty Ltd,Carbon Credits (Carbon Farming Initiative-Animal Effluent Management) Methodology Determination 2019,Agriculture,"37,713"
DEN01,Dendrobium Coal Pty Ltd,Carbon Credits (Carbon Farming Initiative-Avoided Deforestation 1.1) Methodology Determination 2015,Vegetation,"28,000"
DEN01,Dendrobium Coal Pty Ltd,Carbon Credits (Carbon Farming Initiative-Coal Mine Waste Gas) Methodology Determination 2015,Industrial Fugitives,"59,496"
DEN01,Dendrobium Coal Pty Ltd,Carbon Credits (Carbon Farming Initiative-Coal Mine Waste Gas) Methodology Determination 2015 (Compilation No. 3),Industrial Fugitives,268
DEN01,Dendrobium Coal Pty Ltd,Carbon Credits (Carbon Farming Initiative-Electricity Generation from Landfill Gas) Methodology Determination 2021,Waste,"5,233"
DEN01,Dendrobium Coal Pty Ltd,Carbon Credits (Carbon Farming Initiative-Electricity Generation from Landfill Gas) Methodology Determination 2021 (Compilation No. 1),Waste,"17,325"
DEN01,Dendrobium Coal Pty Ltd,Carbon Credits (Carbon Farming Initiative-Landfill Gas) Methodology Determination 2015 (Compilation No. 1),Waste,"14,935"
Drake Mine,Drake Mine Management Pty Ltd,Carbon Credits (Carbon Farming Initiative) (Human-Induced Regeneration of a Permanent Even-Aged Native Forest-1.1) Methodology Determination 2013 (Compilation No. 1),Vegetation,221
Drake Mine,Drake Mine Management Pty Ltd,Carbon Credits (Carbon Farming Initiative) (Human-Induced Regeneration of a Permanent Even-Aged Native Forest-1.1) Methodology Determination 2013 (Compilation No. 2),Vegetation,"11,763"
Drake Mine,Drake Mine Management Pty Ltd,Carbon Credits (Carbon Farming Initiative) (Human-Induced Regeneration of a Permanent Even-Aged Native Forest-1.1) Methodology Determination 2013 (Compilation No. 3),Vegetation,"10,000"
Fimiston Operations,KALGOORLIE CONSOLIDATED GOLD MINES PTY LTD,Carbon Credits (Carbon Farming Initiative-Electricity Generation from Landfill Gas) Methodology Determination 2021,Waste,"23,000"
Fimiston Operations,KALGOORLIE CONSOLIDATED GOLD MINES PTY LTD,Carbon Credits (Carbon Farming Initiative-Electricity Generation from Landfill Gas) Methodology Determination 2021 (Compilation No. 1),Waste,"88,139"
Fimiston Operations,KALGOORLIE CONSOLIDATED GOLD MINES PTY LTD,Carbon Credits (Carbon Farming Initiative-Landfill Gas) Methodology Determination 2015 (Compilation No. 1),Waste,"25,000"
Fisherman's Landing - Clinker & Cement,CEMENT AUSTRALIA (QUEENSLAND) PTY LIMITED,Carbon Credits (Carbon Farming Initiative-Avoided Clearing of Native Regrowth) Methodology Determination 2015,Vegetation,"1,989"
Fisherman's Landing - Clinker & Cement,CEMENT AUSTRALIA (QUEENSLAND) PTY LIMITED,Carbon Credits (Carbon Farming Initiative-Avoided Clearing of Native Regrowth) Methodology Determination 2015 (Compilation No. 1),Vegetation,"10,161"
Fisherman's Landing - Clinker & Cement,CEMENT AUSTRALIA (QUEENSLAND) PTY LIMITED,Carbon Credits (Carbon Farming Initiative-Avoided Deforestation 1.1) Methodology Determination 2015,Vegetation,"5,000"
Fisherman's Landing - Clinker & Cement,CEMENT AUSTRALIA (QUEENSLAND) PTY LIMITED,Carbon Credits (Carbon Farming Initiative-Commercial and Public Lighting) Methodology Determination 2015 (Compilation No. 1),Energy Efficiency,"5,000"
Fisherman's Landing - Clinker & Cement,CEMENT AUSTRALIA (QUEENSLAND) PTY LIMITED,Carbon Credits (Carbon Farming Initiative-Electricity Generation from Landfill Gas) Methodology Determination 2021 (Compilation No. 1),Waste,"24,554"
Fisherman's Landing - Lime,CEMENT AUSTRALIA (QUEENSLAND) PTY LIMITED,Carbon Credits (Carbon Farming Initiative) (Human-Induced Regeneration of a Permanent Even-Aged Native Forest-1.1) Methodology Determination 2013 (Compilation No. 1),Vegetation,143
Fisherman's Landing - Lime,CEMENT AUSTRALIA (QUEENSLAND) PTY LIMITED,Carbon Credits (Carbon Farming Initiative) (Human-Induced Regeneration of a Permanent Even-Aged Native Forest-1.1) Methodology Determination 2013 (Compilation No. 2),Vegetation,"1,511"
Fisherman's Landing - Lime,CEMENT AUSTRALIA (QUEENSLAND) PTY LIMITED,Carbon Credits (Carbon Farming Initiative) (Human-Induced Regeneration of a Permanent Even-Aged Native Forest-1.1) Methodology Determination 2013 (Compilation No. 3),Vegetation,"2,670"
Fisherman's Landing - Lime,CEMENT AUSTRALIA (QUEENSLAND) PTY LIMITED,Carbon Credits (Carbon Farming Initiative-Animal Effluent Management) Methodology Determination 2019,Agriculture,"4,827"
Fisherman's Landing - Lime,CEMENT AUSTRALIA (QUEENSLAND) PTY LIMITED,Carbon Credits (Carbon Farming Initiative-Avoided Deforestation 1.1) Methodology Determination 2015,Vegetation,1
Fisherman's Landing - Lime,CEMENT AUSTRALIA (QUEENSLAND) PTY LIMITED,Carbon Credits (Carbon Farming Initiative-Commercial and Public Lighting) Methodology Determination 2015 (Compilation No. 1),Energy Efficiency,769
Fisherman's Landing - Lime,CEMENT AUSTRALIA (QUEENSLAND) PTY LIMITED,Carbon Credits (Carbon Farming Initiative-Electricity Generation from Landfill Gas) Methodology Determination 2021 (Compilation No. 1),Waste,"6,472"
Fisherman's Landing - Lime,CEMENT AUSTRALIA (QUEENSLAND) PTY LIMITED,Carbon Credits (Carbon Farming Initiative-Plantation Forestry) Methodology Determination 2022,Vegetation,"1,882"
Foxleigh Mine,FOXLEIGH MANAGEMENT PTY LTD,Carbon Credits (Carbon Farming Initiative-Avoided Deforestation 1.1) Methodology Determination 2015,Vegetation,"60,354"
Geelong Refinery,Viva Energy Refining Pty Ltd,Carbon Credits (Carbon Farming Initiative-Avoided Deforestation 1.1) Methodology Determination 2015,Vegetation,"106,587"
Gippsland Basin facility,ESSO AUSTRALIA RESOURCES PTY LTD,Carbon Credits (Carbon Farming Initiative) (Human-Induced Regeneration of a Permanent Even-Aged Native Forest-1.1) Methodology Determination 2013 (Compilation No. 1),Vegetation,"21,764"
Gippsland Basin facility,ESSO AUSTRALIA RESOURCES PTY LTD,Carbon Credits (Carbon Farming Initiative) (Human-Induced Regeneration of a Permanent Even-Aged Native Forest-1.1) Methodology Determination 2013 (Compilation No. 2),Vegetation,"78,452"
Gippsland Basin facility,ESSO AUSTRALIA RESOURCES PTY LTD,Carbon Credits (Carbon Farming Initiative) (Human-Induced Regeneration of a Permanent Even-Aged Native Forest-1.1) Methodology Determination 2013 (Compilation No. 3),Vegetation,"33,255"
Gippsland Basin facility,ESSO AUSTRALIA RESOURCES PTY LTD,Carbon Credits (Carbon Farming Initiative) (Native Forest from Managed Regrowth) Methodology Determination 2013 (Compilation No. 1),Vegetation,"10,000"
Gippsland Basin facility,ESSO AUSTRALIA RESOURCES PTY LTD,Carbon Credits (Carbon Farming Initiative) (Reduction of Greenhouse Gas Emissions through Early Dry Season Savanna Burning-1.1) Methodology Determination 2013,Savanna Fire Management,568
Gippsland Basin facility,ESSO AUSTRALIA RESOURCES PTY LTD,Carbon Credits (Carbon Farming Initiative-Alternative Waste Treatment) Methodology Determination 2015,Waste,"4,342"
Gippsland Basin facility,ESSO AUSTRALIA RESOURCES PTY LTD,Carbon Credits (Carbon Farming Initiative-Animal Effluent Management) Methodology Determination 2019,Agriculture,"6,717"
Gippsland Basin facility,ESSO AUSTRALIA RESOURCES PTY LTD,Carbon Credits (Carbon Farming Initiative-Beef Cattle Herd Management) Methodology Determination 2015,Agriculture,"7,000"
Gippsland Basin facility,ESSO AUSTRALIA RESOURCES PTY LTD,Carbon Credits (Carbon Farming Initiative-Beef Cattle Herd Management) Methodology Determination 2015 (Compilation No. 1),Agriculture,"9,107"
Gippsland Basin facility,ESSO AUSTRALIA RESOURCES PTY LTD,Carbon Credits (Carbon Farming Initiative-Coal Mine Waste Gas) Methodology Determination 2015 (Compilation No. 1),Industrial Fugitives,"14,603"
Gippsland Basin facility,ESSO AUSTRALIA RESOURCES PTY LTD,Carbon Credits (Carbon Farming Initiative-Coal Mine Waste Gas) Methodology Determination 2015 (Compilation No. 2),Industrial Fugitives,"1,345"
Gippsland Basin facility,ESSO AUSTRALIA RESOURCES PTY LTD,Carbon Credits (Carbon Farming Initiative-Coal Mine Waste Gas) Methodology Determination 2015 (Compilation No. 3),Industrial Fugitives,"20,916"
Gippsland Basin facility,ESSO AUSTRALIA RESOURCES PTY LTD,Carbon Credits (Carbon Farming Initiative-Electricity Generation from Landfill Gas) Methodology Determination 2021,Waste,"10,000"
Gippsland Basin facility,ESSO AUSTRALIA RESOURCES PTY LTD,Carbon Credits (Carbon Farming Initiative-Electricity Generation from Landfill Gas) Methodology Determination 2021 (Compilation No. 1),Waste,"24,371"
Gippsland Basin facility,ESSO AUSTRALIA RESOURCES PTY LTD,Carbon Credits (Carbon Farming Initiative-Emissions Abatement through Savanna Fire Management) Methodology Determination 2015,Savanna Fire Management,"15,956"
Gippsland Basin facility,ESSO AUSTRALIA RESOURCES PTY LTD,Carbon Credits (Carbon Farming Initiative-Land and Sea Transport) Methodology Determination 2015,Transport,62
Gippsland Basin facility,ESSO AUSTRALIA RESOURCES PTY LTD,Carbon Credits (Carbon Farming Initiative-Landfill Gas) Methodology Determination 2015,Waste,"20,472"
Gippsland Basin facility,ESSO AUSTRALIA RESOURCES PTY LTD,Carbon Credits (Carbon Farming Initiative-Landfill Gas) Methodology Determination 2015 (Compilation No. 1),Waste,"16,342"
Gippsland Basin facility,ESSO AUSTRALIA RESOURCES PTY LTD,Carbon Farming (Capture and Combustion of Methane in Landfill Gas from Legacy Waste) Methodology Determination 2012,Waste,"10,000"
Goonyella Broadmeadow Mine,BM Alliance Coal Operations Pty Limited,Carbon Credits (Carbon Farming Initiative) (Human-Induced Regeneration of a Permanent Even-Aged Native Forest-1.1) Methodology Determination 2013 (Compilation No. 1),Vegetation,"154,794"
Goonyella Broadmeadow Mine,BM Alliance Coal Operations Pty Limited,Carbon Credits (Carbon Farming Initiative) (Human-Induced Regeneration of a Permanent Even-Aged Native Forest-1.1) Methodology Determination 2013 (Compilation No. 2),Vegetation,"40,245"
Goonyella Broadmeadow Mine,BM Alliance Coal Operations Pty Limited,Carbon Credits (Carbon Farming Initiative) (Human-Induced Regeneration of a Permanent Even-Aged Native Forest-1.1) Methodology Determination 2013 (Compilation No. 3),Vegetation,"39,335"
Goonyella Broadmeadow Mine,BM Alliance Coal Operations Pty Limited,Carbon Credits (Carbon Farming Initiative) (Native Forest from Managed Regrowth) Methodology Determination 2013 (Compilation No. 1),Vegetation,"19,058"
Goonyella Broadmeadow Mine,BM Alliance Coal Operations Pty Limited,Carbon Credits (Carbon Farming Initiative-Coal Mine Waste Gas) Methodology Determination 2015 (Compilation No. 3),Industrial Fugitives,"11,364"
Goonyella Broadmeadow Mine,BM Alliance Coal Operations Pty Limited,Carbon Credits (Carbon Farming Initiative-Commercial and Public Lighting) Methodology Determination 2015 (Compilation No. 1),Energy Efficiency,"22,235"
Goonyella Broadmeadow Mine,BM Alliance Coal Operations Pty Limited,Carbon Credits (Carbon Farming Initiative-Electricity Generation from Landfill Gas) Methodology Determination 2021,Waste,"9,562"
Goonyella Broadmeadow Mine,BM Alliance Coal Operations Pty Limited,Carbon Credits (Carbon Farming Initiative-Electricity Generation from Landfill Gas) Methodology Determination 2021 (Compilation No. 1),Waste,"117,738"
Goonyella Broadmeadow Mine,BM Alliance Coal Operations Pty Limited,Carbon Credits (Carbon Farming Initiative-Emissions Abatement through Savanna Fire Management) Methodology Determination 2015,Savanna Fire Management,"10,000"
Goonyella Broadmeadow Mine,BM Alliance Coal Operations Pty Limited,Carbon Credits (Carbon Farming Initiative-Landfill Gas) Methodology Determination 2015,Waste,"15,018"
Goonyella Broadmeadow Mine,BM Alliance Coal Operations Pty Limited,Carbon Credits (Carbon Farming Initiative-Landfill Gas) Methodology Determination 2015 (Compilation No. 1),Waste,"24,398"
Goonyella Broadmeadow Mine,BM Alliance Coal Operations Pty Limited,Carbon Farming (Capture and Combustion of Methane in Landfill Gas from Legacy Waste) Methodology Determination 2012,Waste,"5,000"
Gorgon Operations,CHEVRON AUSTRALIA PTY LTD,Carbon Credits (Carbon Farming Initiative) (Human-Induced Regeneration of a Permanent Even-Aged Native Forest-1.1) Methodology Determination 2013 (Compilation No. 1),Vegetation,"18,128"
Gorgon Operations,CHEVRON AUSTRALIA PTY LTD,Carbon Credits (Carbon Farming Initiative) (Human-Induced Regeneration of a Permanent Even-Aged Native Forest-1.1) Methodology Determination 2013 (Compilation No. 2),Vegetation,"34,883"
Gorgon Operations,CHEVRON AUSTRALIA PTY LTD,Carbon Credits (Carbon Farming Initiative) (Human-Induced Regeneration of a Permanent Even-Aged Native Forest-1.1) Methodology Determination 2013 (Compilation No. 3),Vegetation,"30,839"
Gorgon Operations,CHEVRON AUSTRALIA PTY LTD,Carbon Credits (Carbon Farming Initiative) (Native Forest from Managed Regrowth) Methodology Determination 2013 (Compilation No. 1),Vegetation,"1,411"
Gorgon Operations,CHEVRON AUSTRALIA PTY LTD,Carbon Credits (Carbon Farming Initiative-Alternative Waste Treatment) Methodology Determination 2015,Waste,"17,213"
Gorgon Operations,CHEVRON AUSTRALIA PTY LTD,Carbon Credits (Carbon Farming Initiative-Avoided Clearing of Native Regrowth) Methodology Determination 2015 (Compilation No. 1),Vegetation,"9,615"
Gorgon Operations,CHEVRON AUSTRALIA PTY LTD,Carbon Credits (Carbon Farming Initiative-Coal Mine Waste Gas) Methodology Determination 2015 (Compilation No. 1),Industrial Fugitives,"1,785"
Gorgon Operations,CHEVRON AUSTRALIA PTY LTD,Carbon Credits (Carbon Farming Initiative-Coal Mine Waste Gas) Methodology Determination 2015 (Compilation No. 3),Industrial Fugitives,"12,747"
Gorgon Operations,CHEVRON AUSTRALIA PTY LTD,"Carbon Credits (Carbon Farming Initiative-Domestic, Commercial and Industrial Wastewater) Methodology Determination 2015 (Compilation No. 1)",Waste,"2,227"
Gorgon Operations,CHEVRON AUSTRALIA PTY LTD,Carbon Credits (Carbon Farming Initiative-Electricity Generation from Landfill Gas) Methodology Determination 2021,Waste,"25,548"
Gorgon Operations,CHEVRON AUSTRALIA PTY LTD,Carbon Credits (Carbon Farming Initiative-Electricity Generation from Landfill Gas) Methodology Determination 2021 (Compilation No. 1),Waste,"263,984"
Gorgon Operations,CHEVRON AUSTRALIA PTY LTD,Carbon Credits (Carbon Farming Initiative-Landfill Gas) Methodology Determination 2015,Waste,"19,028"
Gorgon Operations,CHEVRON AUSTRALIA PTY LTD,Carbon Credits (Carbon Farming Initiative-Landfill Gas) Methodology Determination 2015 (Compilation No. 1),Waste,"34,000"
Gorgon Operations,CHEVRON AUSTRALIA PTY LTD,Carbon Credits (Carbon Farming Initiative-Plantation Forestry) Methodology Determination 2017 (Compilation No. 1),Vegetation,"1,678"
Gorgon Operations,CHEVRON AUSTRALIA PTY LTD,Carbon Credits (Carbon Farming Initiative-Plantation Forestry) Methodology Determination 2022,Vegetation,140
Gorgon Operations,CHEVRON AUSTRALIA PTY LTD,Carbon Farming (Capture and Combustion of Methane in Landfill Gas from Legacy Waste) Methodology Determination 2012,Waste,367
Gorgon Operations,CHEVRON AUSTRALIA PTY LTD,Carbon Credits (Carbon Farming Initiative) (Destruction of Methane Generated from Manure in Piggeries-1.1) Methodology Determination 2013,Agriculture,"4,821"
Gove Operations,RTA GOVE PTY LIMITED,Carbon Credits (Carbon Farming Initiative) (Human-Induced Regeneration of a Permanent Even-Aged Native Forest-1.1) Methodology Determination 2013 (Compilation No. 2),Vegetation,"6,124"
Gove Operations,RTA GOVE PTY LIMITED,Carbon Credits (Carbon Farming Initiative) (Human-Induced Regeneration of a Permanent Even-Aged Native Forest-1.1) Methodology Determination 2013 (Compilation No. 3),Vegetation,"6,505"
Gove Operations,RTA GOVE PTY LIMITED,Carbon Credits (Carbon Farming Initiative-Emissions Abatement through Savanna Fire Management) Methodology Determination 2015,Savanna Fire Management,"6,800"
Gove Operations,RTA GOVE PTY LIMITED,Carbon Credits (Carbon Farming Initiative-Industrial Electricity and Fuel Efficiency) Methodology Determination 2015 (Compilation No. 1),Energy Efficiency,"7,157"
Granny Smith Mine Site,GSM MINING COMPANY PTY LTD,Carbon Credits (Carbon Farming Initiative-Coal Mine Waste Gas) Methodology Determination 2015 (Compilation No. 3),Industrial Fugitives,341
Granny Smith Mine Site,GSM MINING COMPANY PTY LTD,Carbon Credits (Carbon Farming Initiative-Industrial Electricity and Fuel Efficiency) Methodology Determination 2015,Energy Efficiency,253
Granny Smith Mine Site,GSM MINING COMPANY PTY LTD,Carbon Credits (Carbon Farming Initiative-Industrial Electricity and Fuel Efficiency) Methodology Determination 2015 (Compilation No. 1),Energy Efficiency,"16,067"
Greenbushes Lithium Operation,Talison Lithium Australia Pty Ltd,Carbon Credits (Carbon Farming Initiative) (Reduction of Greenhouse Gas Emissions through Early Dry Season Savanna Burning-1.1) Methodology Determination 2013,Savanna Fire Management,"17,984"
Greenbushes Lithium Operation,Talison Lithium Australia Pty Ltd,Carbon Credits (Carbon Farming Initiative-Emissions Abatement through Savanna Fire Management) Methodology Determination 2015,Savanna Fire Management,"9,796"
Gruyere Mine Site,Gruyere Mining Company Pty Ltd,Carbon Credits (Carbon Farming Initiative-Alternative Waste Treatment) Methodology Determination 2015,Waste,"4,273"
Gruyere Mine Site,Gruyere Mining Company Pty Ltd,Carbon Credits (Carbon Farming Initiative-Electricity Generation from Landfill Gas) Methodology Determination 2021,Waste,"5,500"
Gruyere Mine Site,Gruyere Mining Company Pty Ltd,Carbon Credits (Carbon Farming Initiative-Electricity Generation from Landfill Gas) Methodology Determination 2021 (Compilation No. 1),Waste,"37,887"
Gruyere Mine Site,Gruyere Mining Company Pty Ltd,Carbon Credits (Carbon Farming Initiative-Landfill Gas) Methodology Determination 2015 (Compilation No. 1),Waste,"29,525"
Hope Downs 1 Mine,Hamersley HMS Pty Ltd,Carbon Credits (Carbon Farming Initiative) (Human-Induced Regeneration of a Permanent Even-Aged Native Forest-1.1) Methodology Determination 2013 (Compilation No. 1),Vegetation,"28,934"
Hope Downs 1 Mine,Hamersley HMS Pty Ltd,Carbon Credits (Carbon Farming Initiative-Emissions Abatement through Savanna Fire Management) Methodology Determination 2015,Savanna Fire Management,"32,605"
Hope Downs 4 Mine,Hamersley HMS Pty Ltd,Carbon Credits (Carbon Farming Initiative) (Human-Induced Regeneration of a Permanent Even-Aged Native Forest-1.1) Methodology Determination 2013 (Compilation No. 1),Vegetation,"1,697"
Hope Downs 4 Mine,Hamersley HMS Pty Ltd,Carbon Credits (Carbon Farming Initiative) (Human-Induced Regeneration of a Permanent Even-Aged Native Forest-1.1) Methodology Determination 2013 (Compilation No. 2),Vegetation,"29,981"
Hope Downs 4 Mine,Hamersley HMS Pty Ltd,Carbon Credits (Carbon Farming Initiative) (Human-Induced Regeneration of a Permanent Even-Aged Native Forest-1.1) Methodology Determination 2013 (Compilation No. 3),Vegetation,"7,505"
Hope Downs 4 Mine,Hamersley HMS Pty Ltd,Carbon Credits (Carbon Farming Initiative-Emissions Abatement through Savanna Fire Management) Methodology Determination 2015,Savanna Fire Management,"4,073"
Hunter Valley Operations mine,HV OPERATIONS PTY LTD,Carbon Credits (Carbon Farming Initiative-Alternative Waste Treatment) Methodology Determination 2015,Waste,"5,928"
Hunter Valley Operations mine,HV OPERATIONS PTY LTD,Carbon Credits (Carbon Farming Initiative-Electricity Generation from Landfill Gas) Methodology Determination 2021,Waste,"7,949"
Hunter Valley Operations mine,HV OPERATIONS PTY LTD,Carbon Credits (Carbon Farming Initiative-Electricity Generation from Landfill Gas) Methodology Determination 2021 (Compilation No. 1),Waste,"5,000"
Hunter Valley Operations mine,HV OPERATIONS PTY LTD,Carbon Credits (Carbon Farming Initiative-Landfill Gas) Methodology Determination 2015,Waste,"21,620"
HVY01 Hunter Valley Energy Coal - CCL Facility,Hunter Valley Energy Coal Pty Ltd,Carbon Credits (Carbon Farming Initiative) (Human-Induced Regeneration of a Permanent Even-Aged Native Forest-1.1) Methodology Determination 2013 (Compilation No. 1),Vegetation,"4,925"
HVY01 Hunter Valley Energy Coal - CCL Facility,Hunter Valley Energy Coal Pty Ltd,Carbon Credits (Carbon Farming Initiative) (Human-Induced Regeneration of a Permanent Even-Aged Native Forest-1.1) Methodology Determination 2013 (Compilation No. 2),Vegetation,202
HVY01 Hunter Valley Energy Coal - CCL Facility,Hunter Valley Energy Coal Pty Ltd,Carbon Credits (Carbon Farming Initiative) (Native Forest from Managed Regrowth) Methodology Determination 2013 (Compilation No. 1),Vegetation,"3,820"
HVY01 Hunter Valley Energy Coal - CCL Facility,Hunter Valley Energy Coal Pty Ltd,Carbon Credits (Carbon Farming Initiative-Landfill Gas) Methodology Determination 2015,Waste,"1,297"
HVY01 Hunter Valley Energy Coal - CCL Facility,Hunter Valley Energy Coal Pty Ltd,Carbon Farming (Capture and Combustion of Methane in Landfill Gas from Legacy Waste) Methodology Determination 2012,Waste,10
InfraBuild Steel - Laverton Steel Mill,THE AUSTRALIAN STEEL COMPANY (OPERATIONS) PTY LTD,Carbon Credits (Carbon Farming Initiative) (Human-Induced Regeneration of a Permanent Even-Aged Native Forest-1.1) Methodology Determination 2013 (Compilation No. 1),Vegetation,2
InfraBuild Steel - Laverton Steel Mill,THE AUSTRALIAN STEEL COMPANY (OPERATIONS) PTY LTD,Carbon Credits (Carbon Farming Initiative-Electricity Generation from Landfill Gas) Methodology Determination 2021,Waste,"4,542"
InfraBuild Steel - Laverton Steel Mill,THE AUSTRALIAN STEEL COMPANY (OPERATIONS) PTY LTD,Carbon Credits (Carbon Farming Initiative-Electricity Generation from Landfill Gas) Methodology Determination 2021 (Compilation No. 1),Waste,"1,630"
Integra Underground Mine,HV Coking Coal Pty Limited,Carbon Credits (Carbon Farming Initiative-Alternative Waste Treatment) Methodology Determination 2015,Waste,"7,500"
Integra Underground Mine,HV Coking Coal Pty Limited,Carbon Credits (Carbon Farming Initiative-Coal Mine Waste Gas) Methodology Determination 2015 (Compilation No. 3),Industrial Fugitives,"20,000"
Iron Bridge Mine,IB Operations Pty Ltd,Carbon Credits (Carbon Farming Initiative) (Human-Induced Regeneration of a Permanent Even-Aged Native Forest-1.1) Methodology Determination 2013 (Compilation No. 1),Vegetation,"8,300"
Iron Bridge Mine,IB Operations Pty Ltd,Carbon Credits (Carbon Farming Initiative) (Human-Induced Regeneration of a Permanent Even-Aged Native Forest-1.1) Methodology Determination 2013 (Compilation No. 2),Vegetation,"14,492"
Iron Bridge Mine,IB Operations Pty Ltd,Carbon Credits (Carbon Farming Initiative) (Human-Induced Regeneration of a Permanent Even-Aged Native Forest-1.1) Methodology Determination 2013 (Compilation No. 3),Vegetation,"2,027"
Isaac Plains Complex,STANMORE RESOURCES LIMITED,Carbon Credits (Carbon Farming Initiative) (Human-Induced Regeneration of a Permanent Even-Aged Native Forest-1.1) Methodology Determination 2013 (Compilation No. 1),Vegetation,"2,283"
Isaac Plains Complex,STANMORE RESOURCES LIMITED,Carbon Credits (Carbon Farming Initiative) (Human-Induced Regeneration of a Permanent Even-Aged Native Forest-1.1) Methodology Determination 2013 (Compilation No. 2),Vegetation,710
Isaac Plains Complex,STANMORE RESOURCES LIMITED,Carbon Credits (Carbon Farming Initiative) (Human-Induced Regeneration of a Permanent Even-Aged Native Forest-1.1) Methodology Determination 2013 (Compilation No. 3),Vegetation,"1,347"
Isaac Plains Complex,STANMORE RESOURCES LIMITED,Carbon Credits (Carbon Farming Initiative-Coal Mine Waste Gas) Methodology Determination 2015 (Compilation No. 2),Industrial Fugitives,"3,733"
Isaac Plains Complex,STANMORE RESOURCES LIMITED,Carbon Credits (Carbon Farming Initiative-Coal Mine Waste Gas) Methodology Determination 2015 (Compilation No. 3),Industrial Fugitives,"11,267"
Isaac Plains Complex,STANMORE RESOURCES LIMITED,Carbon Credits (Carbon Farming Initiative-Electricity Generation from Landfill Gas) Methodology Determination 2021 (Compilation No. 1),Waste,"25,582"
Isaac Plains Complex,STANMORE RESOURCES LIMITED,Carbon Credits (Carbon Farming Initiative-Landfill Gas) Methodology Determination 2015 (Compilation No. 1),Waste,"2,959"
Jax Mine,Jax Coal Pty Ltd,Carbon Credits (Carbon Farming Initiative) (Human-Induced Regeneration of a Permanent Even-Aged Native Forest-1.1) Methodology Determination 2013 (Compilation No. 1),Vegetation,"3,680"
Jellinbah Mine,JELLINBAH MINING PTY LTD,Carbon Credits (Carbon Farming Initiative) (Human-Induced Regeneration of a Permanent Even-Aged Native Forest-1.1) Methodology Determination 2013 (Compilation No. 1),Vegetation,"12,095"
Jellinbah Mine,JELLINBAH MINING PTY LTD,Carbon Credits (Carbon Farming Initiative-Alternative Waste Treatment) Methodology Determination 2015,Waste,"12,050"
Jellinbah Mine,JELLINBAH MINING PTY LTD,Carbon Credits (Carbon Farming Initiative-Avoided Deforestation 1.1) Methodology Determination 2015,Vegetation,"33,995"
Jellinbah Mine,JELLINBAH MINING PTY LTD,Carbon Credits (Carbon Farming Initiative-Landfill Gas) Methodology Determination 2015,Waste,"10,000"
Jimblebar Mine,BHP IRON ORE PTY LTD,Carbon Credits (Carbon Farming Initiative) (Human-Induced Regeneration of a Permanent Even-Aged Native Forest-1.1) Methodology Determination 2013 (Compilation No. 1),Vegetation,659
Jimblebar Mine,BHP IRON ORE PTY LTD,Carbon Credits (Carbon Farming Initiative) (Human-Induced Regeneration of a Permanent Even-Aged Native Forest-1.1) Methodology Determination 2013 (Compilation No. 2),Vegetation,"16,884"
Jimblebar Mine,BHP IRON ORE PTY LTD,Carbon Credits (Carbon Farming Initiative) (Human-Induced Regeneration of a Permanent Even-Aged Native Forest-1.1) Methodology Determination 2013 (Compilation No. 3),Vegetation,"14,378"
Jimblebar Mine,BHP IRON ORE PTY LTD,Carbon Credits (Carbon Farming Initiative) (Native Forest from Managed Regrowth) Methodology Determination 2013 (Compilation No. 1),Vegetation,512
Jimblebar Mine,BHP IRON ORE PTY LTD,Carbon Credits (Carbon Farming Initiative-Alternative Waste Treatment) Methodology Determination 2015,Waste,"3,025"
Jimblebar Mine,BHP IRON ORE PTY LTD,Carbon Credits (Carbon Farming Initiative-Electricity Generation from Landfill Gas) Methodology Determination 2021 (Compilation No. 1),Waste,"22,644"
Jimblebar Mine,BHP IRON ORE PTY LTD,Carbon Credits (Carbon Farming Initiative-Land and Sea Transport) Methodology Determination 2015,Transport,99
Jimblebar Mine,BHP IRON ORE PTY LTD,Carbon Credits (Carbon Farming Initiative-Landfill Gas) Methodology Determination 2015,Waste,"4,337"
Jimblebar Mine,BHP IRON ORE PTY LTD,Carbon Credits (Carbon Farming Initiative-Landfill Gas) Methodology Determination 2015 (Compilation No. 1),Waste,"1,303"
Karlawinda Gold Project,Capricorn Metals Limited,Carbon Credits (Carbon Farming Initiative-Electricity Generation from Landfill Gas) Methodology Determination 2021 (Compilation No. 1),Waste,"9,583"
Kestrel Mine,Kestrel Coal Group Pty Ltd,Carbon Credits (Carbon Farming Initiative) (Destruction of Methane from Piggeries using Engineered Biodigesters) Methodology Determination 2013 (Compilation No. 1),Agriculture,96
Kestrel Mine,Kestrel Coal Group Pty Ltd,Carbon Credits (Carbon Farming Initiative) (Human-Induced Regeneration of a Permanent Even-Aged Native Forest-1.1) Methodology Determination 2013 (Compilation No. 1),Vegetation,"26,442"
Kestrel Mine,Kestrel Coal Group Pty Ltd,Carbon Credits (Carbon Farming Initiative) (Human-Induced Regeneration of a Permanent Even-Aged Native Forest-1.1) Methodology Determination 2013 (Compilation No. 2),Vegetation,"9,826"
Kestrel Mine,Kestrel Coal Group Pty Ltd,Carbon Credits (Carbon Farming Initiative) (Human-Induced Regeneration of a Permanent Even-Aged Native Forest-1.1) Methodology Determination 2013 (Compilation No. 3),Vegetation,"20,469"
Kestrel Mine,Kestrel Coal Group Pty Ltd,Carbon Credits (Carbon Farming Initiative-Alternative Waste Treatment) Methodology Determination 2015,Waste,"14,884"
Kestrel Mine,Kestrel Coal Group Pty Ltd,Carbon Credits (Carbon Farming Initiative-Avoided Deforestation 1.1) Methodology Determination 2015,Vegetation,"285,242"
Kestrel Mine,Kestrel Coal Group Pty Ltd,Carbon Credits (Carbon Farming Initiative-Beef Cattle Herd Management) Methodology Determination 2015 (Compilation No. 1),Agriculture,"1,153"
Kestrel Mine,Kestrel Coal Group Pty Ltd,Carbon Credits (Carbon Farming Initiative-Coal Mine Waste Gas) Methodology Determination 2015 (Compilation No. 2),Industrial Fugitives,1
Kestrel Mine,Kestrel Coal Group Pty Ltd,Carbon Credits (Carbon Farming Initiative-Coal Mine Waste Gas) Methodology Determination 2015 (Compilation No. 3),Industrial Fugitives,989
Kestrel Mine,Kestrel Coal Group Pty Ltd,Carbon Credits (Carbon Farming Initiative-Electricity Generation from Landfill Gas) Methodology Determination 2021,Waste,"3,986"
Kestrel Mine,Kestrel Coal Group Pty Ltd,Carbon Credits (Carbon Farming Initiative-Electricity Generation from Landfill Gas) Methodology Determination 2021 (Compilation No. 1),Waste,"115,463"
Kestrel Mine,Kestrel Coal Group Pty Ltd,Carbon Credits (Carbon Farming Initiative-Industrial and Commercial Emissions Reduction) Methodology Determination 2021,Energy Efficiency,"5,539"
Kestrel Mine,Kestrel Coal Group Pty Ltd,Carbon Credits (Carbon Farming Initiative-Industrial Electricity and Fuel Efficiency) Methodology Determination 2015,Energy Efficiency,"12,714"
Kestrel Mine,Kestrel Coal Group Pty Ltd,Carbon Credits (Carbon Farming Initiative-Industrial Electricity and Fuel Efficiency) Methodology Determination 2015 (Compilation No. 1),Energy Efficiency,"1,480"
Kestrel Mine,Kestrel Coal Group Pty Ltd,Carbon Credits (Carbon Farming Initiative-Landfill Gas) Methodology Determination 2015,Waste,"6,316"
Kestrel Mine,Kestrel Coal Group Pty Ltd,Carbon Credits (Carbon Farming Initiative-Landfill Gas) Methodology Determination 2015 (Compilation No. 1),Waste,111
Kooragang Island,ORICA AUSTRALIA PTY LTD,Carbon Credits (Carbon Farming Initiative-Facilities) Methodology Determination 2015 (Compilation No. 1),Facilities,"260,000"
Kwinana Pigment Plant,Tronox Management Pty Ltd,Carbon Credits (Carbon Farming Initiative-Avoided Deforestation 1.1) Methodology Determination 2015,Vegetation,"14,144"
Kwinana Pigment Plant,Tronox Management Pty Ltd,Carbon Credits (Carbon Farming Initiative-Electricity Generation from Landfill Gas) Methodology Determination 2021 (Compilation No. 1),Waste,"7,452"
Kwinana Pigment Plant,Tronox Management Pty Ltd,Carbon Credits (Carbon Farming Initiative-Landfill Gas) Methodology Determination 2015,Waste,"1,849"
Lake Vermont Mine,THIESS PTY LTD,Carbon Credits (Carbon Farming Initiative-Avoided Deforestation 1.1) Methodology Determination 2015,Vegetation,"23,163"
Lake Vermont Mine,THIESS PTY LTD,Carbon Credits (Carbon Farming Initiative-Industrial Electricity and Fuel Efficiency) Methodology Determination 2015,Energy Efficiency,"1,464"
Liberty Primary Steel Whyalla Steelworks,ONESTEEL MANUFACTURING PTY LIMITED,Carbon Credits (Carbon Farming Initiative) (Native Forest from Managed Regrowth) Methodology Determination 2013,Vegetation,629
Liberty Primary Steel Whyalla Steelworks,ONESTEEL MANUFACTURING PTY LIMITED,Carbon Credits (Carbon Farming Initiative) (Native Forest from Managed Regrowth) Methodology Determination 2013 (Compilation No. 1),Vegetation,"2,112"
Liberty Primary Steel Whyalla Steelworks,ONESTEEL MANUFACTURING PTY LIMITED,Carbon Credits (Carbon Farming Initiative-Avoided Deforestation 1.1) Methodology Determination 2015,Vegetation,"64,565"
Liberty Primary Steel Whyalla Steelworks,ONESTEEL MANUFACTURING PTY LIMITED,Carbon Credits (Carbon Farming Initiative-Beef Cattle Herd Management) Methodology Determination 2015,Agriculture,206
Liberty Primary Steel Whyalla Steelworks,ONESTEEL MANUFACTURING PTY LIMITED,Carbon Credits (Carbon Farming Initiative-Beef Cattle Herd Management) Methodology Determination 2015 (Compilation No. 1),Agriculture,1
Liberty Primary Steel Whyalla Steelworks,ONESTEEL MANUFACTURING PTY LIMITED,Carbon Credits (Carbon Farming Initiative-Coal Mine Waste Gas) Methodology Determination 2015 (Compilation No. 3),Industrial Fugitives,"1,872"
Liberty Primary Steel Whyalla Steelworks,ONESTEEL MANUFACTURING PTY LIMITED,Carbon Credits (Carbon Farming Initiative-Electricity Generation from Landfill Gas) Methodology Determination 2021,Waste,"4,887"
Liberty Primary Steel Whyalla Steelworks,ONESTEEL MANUFACTURING PTY LIMITED,Carbon Credits (Carbon Farming Initiative-Electricity Generation from Landfill Gas) Methodology Determination 2021 (Compilation No. 1),Waste,"28,605"
Liberty Primary Steel Whyalla Steelworks,ONESTEEL MANUFACTURING PTY LIMITED,Carbon Credits (Carbon Farming Initiative-Landfill Gas) Methodology Determination 2015,Waste,"15,651"
Liberty Primary Steel Whyalla Steelworks,ONESTEEL MANUFACTURING PTY LIMITED,Carbon Credits (Carbon Farming Initiative-Landfill Gas) Methodology Determination 2015 (Compilation No. 1),Waste,"79,475"
Macedon,WOODSIDE ENERGY GLOBAL PTY LTD,Carbon Credits (Carbon Farming Initiative) (Human-Induced Regeneration of a Permanent Even-Aged Native Forest-1.1) Methodology Determination 2013 (Compilation No. 1),Vegetation,"5,602"
Macedon,WOODSIDE ENERGY GLOBAL PTY LTD,Carbon Credits (Carbon Farming Initiative) (Human-Induced Regeneration of a Permanent Even-Aged Native Forest-1.1) Methodology Determination 2013 (Compilation No. 2),Vegetation,"3,777"
Macedon,WOODSIDE ENERGY GLOBAL PTY LTD,Carbon Credits (Carbon Farming Initiative) (Human-Induced Regeneration of a Permanent Even-Aged Native Forest-1.1) Methodology Determination 2013 (Compilation No. 3),Vegetation,"1,344"
Macedon,WOODSIDE ENERGY GLOBAL PTY LTD,Carbon Credits (Carbon Farming Initiative-Emissions Abatement through Savanna Fire Management) Methodology Determination 2015,Savanna Fire Management,"1,038"
Macedon,WOODSIDE ENERGY GLOBAL PTY LTD,Carbon Credits (Carbon Farming Initiative-Landfill Gas) Methodology Determination 2015,Waste,"1,331"
Mandalong Mine,CENTENNIAL MANDALONG PTY LIMITED,Carbon Credits (Carbon Farming Initiative-Avoided Deforestation 1.1) Methodology Determination 2015,Vegetation,"68,319"
Mandalong Mine,CENTENNIAL MANDALONG PTY LIMITED,Carbon Credits (Carbon Farming Initiative-Emissions Abatement through Savanna Fire Management) Methodology Determination 2015,Savanna Fire Management,100
Marandoo Mine,Hamersley Iron Pty. Limited,Carbon Credits (Carbon Farming Initiative) (Human-Induced Regeneration of a Permanent Even-Aged Native Forest-1.1) Methodology Determination 2013 (Compilation No. 1),Vegetation,"53,982"
McArthur River Mine Operations,MCARTHUR RIVER MINING PTY. LTD.,Carbon Credits (Carbon Farming Initiative) (Human-Induced Regeneration of a Permanent Even-Aged Native Forest-1.1) Methodology Determination 2013 (Compilation No. 2),Vegetation,"1,309"
McArthur River Power Station,EDL NGD (NT) Pty Ltd,Carbon Credits (Carbon Farming Initiative-Avoided Deforestation 1.1) Methodology Determination 2015,Vegetation,"5,616"
McArthur River Power Station,EDL NGD (NT) Pty Ltd,Carbon Credits (Carbon Farming Initiative-Coal Mine Waste Gas) Methodology Determination 2015 (Compilation No. 3),Industrial Fugitives,"8,896"
McArthur River Power Station,EDL NGD (NT) Pty Ltd,Carbon Credits (Carbon Farming Initiative-Electricity Generation from Landfill Gas) Methodology Determination 2021,Waste,"7,878"
Metropolitan Colliery,METROPOLITAN COLLIERIES PTY. LTD.,Carbon Credits (Carbon Farming Initiative) (Avoided Deforestation) Methodology Determination 2013,Vegetation,"1,584"
Metropolitan Colliery,METROPOLITAN COLLIERIES PTY. LTD.,Carbon Credits (Carbon Farming Initiative) (Human-Induced Regeneration of a Permanent Even-Aged Native Forest-1.1) Methodology Determination 2013 (Compilation No. 1),Vegetation,"3,853"
Metropolitan Colliery,METROPOLITAN COLLIERIES PTY. LTD.,Carbon Credits (Carbon Farming Initiative) (Human-Induced Regeneration of a Permanent Even-Aged Native Forest-1.1) Methodology Determination 2013 (Compilation No. 2),Vegetation,"5,000"
Metropolitan Colliery,METROPOLITAN COLLIERIES PTY. LTD.,Carbon Credits (Carbon Farming Initiative) (Human-Induced Regeneration of a Permanent Even-Aged Native Forest-1.1) Methodology Determination 2013 (Compilation No. 3),Vegetation,"7,409"
Metropolitan Colliery,METROPOLITAN COLLIERIES PTY. LTD.,Carbon Credits (Carbon Farming Initiative) (Native Forest from Managed Regrowth) Methodology Determination 2013 (Compilation No. 1),Vegetation,"1,307"
Metropolitan Colliery,METROPOLITAN COLLIERIES PTY. LTD.,Carbon Credits (Carbon Farming Initiative-Alternative Waste Treatment) Methodology Determination 2015,Waste,"7,038"
Metropolitan Colliery,METROPOLITAN COLLIERIES PTY. LTD.,Carbon Credits (Carbon Farming Initiative-Avoided Clearing of Native Regrowth) Methodology Determination 2015 (Compilation No. 1),Vegetation,445
Metropolitan Colliery,METROPOLITAN COLLIERIES PTY. LTD.,Carbon Credits (Carbon Farming Initiative-Avoided Deforestation 1.1) Methodology Determination 2015,Vegetation,"100,017"
Metropolitan Colliery,METROPOLITAN COLLIERIES PTY. LTD.,Carbon Credits (Carbon Farming Initiative-Electricity Generation from Landfill Gas) Methodology Determination 2021 (Compilation No. 1),Waste,"13,220"
Metropolitan Colliery,METROPOLITAN COLLIERIES PTY. LTD.,Carbon Credits (Carbon Farming Initiative-Industrial Electricity and Fuel Efficiency) Methodology Determination 2015,Energy Efficiency,"5,000"
Metropolitan Colliery,METROPOLITAN COLLIERIES PTY. LTD.,Carbon Credits (Carbon Farming Initiative-Landfill Gas) Methodology Determination 2015,Waste,290
Metropolitan Colliery,METROPOLITAN COLLIERIES PTY. LTD.,Carbon Credits (Carbon Farming Initiative-Landfill Gas) Methodology Determination 2015 (Compilation No. 1),Waste,"12,381"
Metropolitan Colliery,METROPOLITAN COLLIERIES PTY. LTD.,Carbon Credits (Carbon Farming Initiative) (Destruction of Methane Generated from Manure in Piggeries-1.1) Methodology Determination 2013,Agriculture,"10,000"
Middlemount Coal Mine,Middlemount Coal Pty Ltd,Carbon Credits (Carbon Farming Initiative) (Native Forest from Managed Regrowth) Methodology Determination 2013 (Compilation No. 1),Vegetation,"21,684"
Middlemount Coal Mine,Middlemount Coal Pty Ltd,Carbon Credits (Carbon Farming Initiative-Avoided Clearing of Native Regrowth) Methodology Determination 2015 (Compilation No. 1),Vegetation,"18,093"
Montara Operations,JADESTONE ENERGY (EAGLE) PTY LTD,Carbon Credits (Carbon Farming Initiative) (Human-Induced Regeneration of a Permanent Even-Aged Native Forest-1.1) Methodology Determination 2013 (Compilation No. 1),Vegetation,"1,866"
Montara Operations,JADESTONE ENERGY (EAGLE) PTY LTD,Carbon Credits (Carbon Farming Initiative) (Human-Induced Regeneration of a Permanent Even-Aged Native Forest-1.1) Methodology Determination 2013 (Compilation No. 2),Vegetation,"15,522"
Montara Operations,JADESTONE ENERGY (EAGLE) PTY LTD,Carbon Credits (Carbon Farming Initiative) (Human-Induced Regeneration of a Permanent Even-Aged Native Forest-1.1) Methodology Determination 2013 (Compilation No. 3),Vegetation,"2,702"
Montara Operations,JADESTONE ENERGY (EAGLE) PTY LTD,Carbon Credits (Carbon Farming Initiative-Avoided Clearing of Native Regrowth) Methodology Determination 2015 (Compilation No. 1),Vegetation,"14,293"
Montara Operations,JADESTONE ENERGY (EAGLE) PTY LTD,Carbon Credits (Carbon Farming Initiative-Avoided Deforestation 1.1) Methodology Determination 2015,Vegetation,"128,328"
Moranbah North Mine,ANGLO COAL (MORANBAH NORTH MANAGEMENT) PTY LIMITED,Carbon Credits (Carbon Farming Initiative) (Human-Induced Regeneration of a Permanent Even-Aged Native Forest-1.1) Methodology Determination 2013 (Compilation No. 1),Vegetation,"6,555"
Moranbah North Mine,ANGLO COAL (MORANBAH NORTH MANAGEMENT) PTY LIMITED,Carbon Credits (Carbon Farming Initiative) (Human-Induced Regeneration of a Permanent Even-Aged Native Forest-1.1) Methodology Determination 2013 (Compilation No. 2),Vegetation,907
Moranbah North Mine,ANGLO COAL (MORANBAH NORTH MANAGEMENT) PTY LIMITED,Carbon Credits (Carbon Farming Initiative) (Human-Induced Regeneration of a Permanent Even-Aged Native Forest-1.1) Methodology Determination 2013 (Compilation No. 3),Vegetation,"3,358"
Moranbah North Mine,ANGLO COAL (MORANBAH NORTH MANAGEMENT) PTY LIMITED,Carbon Credits (Carbon Farming Initiative) (Native Forest from Managed Regrowth) Methodology Determination 2013,Vegetation,"5,000"
Moranbah North Mine,ANGLO COAL (MORANBAH NORTH MANAGEMENT) PTY LIMITED,Carbon Credits (Carbon Farming Initiative) (Reforestation by Environmental or Mallee Plantings-FullCAM) Methodology Determination 2014,Vegetation,"8,127"
Moranbah North Mine,ANGLO COAL (MORANBAH NORTH MANAGEMENT) PTY LIMITED,Carbon Credits (Carbon Farming Initiative-Avoided Deforestation 1.1) Methodology Determination 2015,Vegetation,"10,000"
Moranbah North Mine,ANGLO COAL (MORANBAH NORTH MANAGEMENT) PTY LIMITED,Carbon Credits (Carbon Farming Initiative-Coal Mine Waste Gas) Methodology Determination 2015,Industrial Fugitives,"55,234"
Moranbah North Mine,ANGLO COAL (MORANBAH NORTH MANAGEMENT) PTY LIMITED,Carbon Credits (Carbon Farming Initiative-Landfill Gas) Methodology Determination 2015,Waste,"70,831"
Moranbah North Mine,ANGLO COAL (MORANBAH NORTH MANAGEMENT) PTY LIMITED,Carbon Credits (Carbon Farming Initiative-Reforestation and Afforestation 2.0) Methodology Determination 2015,Vegetation,"1,469"
Mount Isa Mines Copper and Zinc Operations,MOUNT ISA MINES LIMITED,Carbon Credits (Carbon Farming Initiative) (Human-Induced Regeneration of a Permanent Even-Aged Native Forest-1.1) Methodology Determination 2013 (Compilation No. 1),Vegetation,"8,636"
Mount Isa Mines Copper and Zinc Operations,MOUNT ISA MINES LIMITED,Carbon Credits (Carbon Farming Initiative) (Human-Induced Regeneration of a Permanent Even-Aged Native Forest-1.1) Methodology Determination 2013 (Compilation No. 2),Vegetation,"10,832"
Mount Isa Mines Copper and Zinc Operations,MOUNT ISA MINES LIMITED,Carbon Credits (Carbon Farming Initiative) (Human-Induced Regeneration of a Permanent Even-Aged Native Forest-1.1) Methodology Determination 2013 (Compilation No. 3),Vegetation,"30,279"
Mount Isa Mines Copper and Zinc Operations,MOUNT ISA MINES LIMITED,Carbon Credits (Carbon Farming Initiative-Alternative Waste Treatment) Methodology Determination 2015,Waste,"4,426"
Mount Isa Mines Copper and Zinc Operations,MOUNT ISA MINES LIMITED,Carbon Credits (Carbon Farming Initiative-Avoided Deforestation 1.1) Methodology Determination 2015,Vegetation,18
Mount Isa Mines Copper and Zinc Operations,MOUNT ISA MINES LIMITED,Carbon Credits (Carbon Farming Initiative-Electricity Generation from Landfill Gas) Methodology Determination 2021 (Compilation No. 1),Waste,"1,000"
Mount Isa Mines Copper and Zinc Operations,MOUNT ISA MINES LIMITED,Carbon Credits (Carbon Farming Initiative-Landfill Gas) Methodology Determination 2015 (Compilation No. 1),Waste,"4,931"
Mt Owen Glendell Complex,MT OWEN PTY LIMITED,Carbon Credits (Carbon Farming Initiative-Alternative Waste Treatment) Methodology Determination 2015,Waste,"35,754"
Mt Owen Glendell Complex,MT OWEN PTY LIMITED,Carbon Credits (Carbon Farming Initiative-Avoided Deforestation 1.1) Methodology Determination 2015,Vegetation,237
Multinet Principal Distribution Network and South Gippsland Pipeline,MULTINET GAS (DB NO. 2) PTY LTD,Carbon Credits (Carbon Farming Initiative-Electricity Generation from Landfill Gas) Methodology Determination 2021,Waste,"20,035"
Multinet Principal Distribution Network and South Gippsland Pipeline,MULTINET GAS (DB NO. 2) PTY LTD,Carbon Credits (Carbon Farming Initiative-Electricity Generation from Landfill Gas) Methodology Determination 2021 (Compilation No. 1),Waste,4
Narrabri Underground Mine,Narrabri Coal Operations Pty Ltd,Carbon Credits (Carbon Farming Initiative) (Avoided Deforestation) Methodology Determination 2013,Vegetation,"5,794"
Narrabri Underground Mine,Narrabri Coal Operations Pty Ltd,Carbon Credits (Carbon Farming Initiative) (Human-Induced Regeneration of a Permanent Even-Aged Native Forest-1.1) Methodology Determination 2013 (Compilation No. 1),Vegetation,"2,823"
Narrabri Underground Mine,Narrabri Coal Operations Pty Ltd,Carbon Credits (Carbon Farming Initiative-Avoided Deforestation 1.1) Methodology Determination 2015,Vegetation,"129,627"
Narrabri Underground Mine,Narrabri Coal Operations Pty Ltd,Carbon Credits (Carbon Farming Initiative-Emissions Abatement through Savanna Fire Management) Methodology Determination 2015,Savanna Fire Management,"12,111"
Newlands Coal Complex including Newlands Northern UG,NC COAL COMPANY PTY LIMITED,Carbon Credits (Carbon Farming Initiative-Alternative Waste Treatment) Methodology Determination 2015,Waste,"1,144"
Newman Operations,BHP IRON ORE PTY LTD,Carbon Credits (Carbon Farming Initiative) (Human-Induced Regeneration of a Permanent Even-Aged Native Forest-1.1) Methodology Determination 2013 (Compilation No. 1),Vegetation,"10,130"
Newman Operations,BHP IRON ORE PTY LTD,Carbon Credits (Carbon Farming Initiative) (Human-Induced Regeneration of a Permanent Even-Aged Native Forest-1.1) Methodology Determination 2013 (Compilation No. 2),Vegetation,"6,843"
Newman Operations,BHP IRON ORE PTY LTD,Carbon Credits (Carbon Farming Initiative) (Human-Induced Regeneration of a Permanent Even-Aged Native Forest-1.1) Methodology Determination 2013 (Compilation No. 3),Vegetation,"15,701"
Newman Operations,BHP IRON ORE PTY LTD,Carbon Credits (Carbon Farming Initiative) (Native Forest from Managed Regrowth) Methodology Determination 2013 (Compilation No. 1),Vegetation,925
Newman Operations,BHP IRON ORE PTY LTD,Carbon Credits (Carbon Farming Initiative-Alternative Waste Treatment) Methodology Determination 2015,Waste,"10,000"
Newman Operations,BHP IRON ORE PTY LTD,Carbon Credits (Carbon Farming Initiative-Electricity Generation from Landfill Gas) Methodology Determination 2021 (Compilation No. 1),Waste,"14,399"
Newman Operations,BHP IRON ORE PTY LTD,Carbon Credits (Carbon Farming Initiative-Landfill Gas) Methodology Determination 2015,Waste,"4,447"
Newman Operations,BHP IRON ORE PTY LTD,Carbon Credits (Carbon Farming Initiative-Landfill Gas) Methodology Determination 2015 (Compilation No. 1),Waste,"2,903"
Newmont Boddington Gold Operation,Newmont Boddington Pty Ltd,Carbon Credits (Carbon Farming Initiative-Avoided Deforestation 1.1) Methodology Determination 2015,Vegetation,"6,986"
Newmont Boddington Gold Operation,Newmont Boddington Pty Ltd,Carbon Credits (Carbon Farming Initiative-Electricity Generation from Landfill Gas) Methodology Determination 2021 (Compilation No. 1),Waste,"5,000"
Newmont Tanami Operation,Newmont Tanami Pty Ltd,Carbon Credits (Carbon Farming Initiative-Alternative Waste Treatment) Methodology Determination 2015,Waste,"5,000"
Newmont Tanami Operation,Newmont Tanami Pty Ltd,Carbon Credits (Carbon Farming Initiative-Avoided Deforestation 1.1) Methodology Determination 2015,Vegetation,"2,854"
Norske Skog Boyer Mill,Boyer Paper Mill Limited,Carbon Credits (Carbon Farming Initiative) (Human-Induced Regeneration of a Permanent Even-Aged Native Forest-1.1) Methodology Determination 2013 (Compilation No. 3),Vegetation,"19,507"
Norske Skog Boyer Mill,Boyer Paper Mill Limited,Carbon Credits (Carbon Farming Initiative-Industrial Electricity and Fuel Efficiency) Methodology Determination 2015 (Compilation No. 1),Energy Efficiency,"22,530"
North West Shelf Project,Woodside Energy Ltd.,Carbon Credits (Carbon Farming Initiative) (Human-Induced Regeneration of a Permanent Even-Aged Native Forest-1.1) Methodology Determination 2013 (Compilation No. 1),Vegetation,"109,688"
North West Shelf Project,Woodside Energy Ltd.,Carbon Credits (Carbon Farming Initiative) (Human-Induced Regeneration of a Permanent Even-Aged Native Forest-1.1) Methodology Determination 2013 (Compilation No. 2),Vegetation,"54,302"
North West Shelf Project,Woodside Energy Ltd.,Carbon Credits (Carbon Farming Initiative) (Human-Induced Regeneration of a Permanent Even-Aged Native Forest-1.1) Methodology Determination 2013 (Compilation No. 3),Vegetation,"112,755"
North West Shelf Project,Woodside Energy Ltd.,Carbon Credits (Carbon Farming Initiative-Alternative Waste Treatment) Methodology Determination 2015,Waste,"28,684"
North West Shelf Project,Woodside Energy Ltd.,Carbon Credits (Carbon Farming Initiative-Avoided Clearing of Native Regrowth) Methodology Determination 2015 (Compilation No. 1),Vegetation,"6,395"
North West Shelf Project,Woodside Energy Ltd.,Carbon Credits (Carbon Farming Initiative-Avoided Deforestation 1.1) Methodology Determination 2015,Vegetation,"71,505"
North West Shelf Project,Woodside Energy Ltd.,Carbon Credits (Carbon Farming Initiative-Carbon Capture and Storage) Methodology Determination 2021,Carbon Capture,"25,736"
North West Shelf Project,Woodside Energy Ltd.,Carbon Credits (Carbon Farming Initiative-Coal Mine Waste Gas) Methodology Determination 2015 (Compilation No. 2),Industrial Fugitives,"13,832"
North West Shelf Project,Woodside Energy Ltd.,Carbon Credits (Carbon Farming Initiative-Coal Mine Waste Gas) Methodology Determination 2015 (Compilation No. 3),Industrial Fugitives,"12,085"
North West Shelf Project,Woodside Energy Ltd.,Carbon Credits (Carbon Farming Initiative-Commercial and Public Lighting) Methodology Determination 2015 (Compilation No. 1),Energy Efficiency,894
North West Shelf Project,Woodside Energy Ltd.,Carbon Credits (Carbon Farming Initiative-Electricity Generation from Landfill Gas) Methodology Determination 2021,Waste,"56,678"
North West Shelf Project,Woodside Energy Ltd.,Carbon Credits (Carbon Farming Initiative-Electricity Generation from Landfill Gas) Methodology Determination 2021 (Compilation No. 1),Waste,"83,497"
North West Shelf Project,Woodside Energy Ltd.,Carbon Credits (Carbon Farming Initiative-Emissions Abatement through Savanna Fire Management) Methodology Determination 2015,Savanna Fire Management,"33,848"
North West Shelf Project,Woodside Energy Ltd.,Carbon Credits (Carbon Farming Initiative-Industrial Electricity and Fuel Efficiency) Methodology Determination 2015,Energy Efficiency,447
North West Shelf Project,Woodside Energy Ltd.,Carbon Credits (Carbon Farming Initiative-Industrial Electricity and Fuel Efficiency) Methodology Determination 2015 (Compilation No. 1),Energy Efficiency,"3,140"
North West Shelf Project,Woodside Energy Ltd.,Carbon Credits (Carbon Farming Initiative-Land and Sea Transport) Methodology Determination 2015,Transport,271
North West Shelf Project,Woodside Energy Ltd.,Carbon Credits (Carbon Farming Initiative-Landfill Gas) Methodology Determination 2015,Waste,"67,283"
North West Shelf Project,Woodside Energy Ltd.,Carbon Credits (Carbon Farming Initiative-Source Separated Organic Waste) Methodology Determination 2016,Waste,855
Oaky Creek Coal Complex,OAKY CREEK HOLDINGS PTY LIMITED,Carbon Credits (Carbon Farming Initiative-Electricity Generation from Landfill Gas) Methodology Determination 2021,Waste,"25,921"
Oaky Creek Coal Complex,OAKY CREEK HOLDINGS PTY LIMITED,Carbon Credits (Carbon Farming Initiative-Electricity Generation from Landfill Gas) Methodology Determination 2021 (Compilation No. 1),Waste,"140,990"
Oaky Creek Coal Complex,OAKY CREEK HOLDINGS PTY LIMITED,Carbon Credits (Carbon Farming Initiative-Landfill Gas) Methodology Determination 2015,Waste,"2,911"
Oaky Creek Coal Complex,OAKY CREEK HOLDINGS PTY LIMITED,Carbon Credits (Carbon Farming Initiative-Landfill Gas) Methodology Determination 2015 (Compilation No. 1),Waste,153
Olive Downs Complex,PEMBROKE RESOURCES NOMINEE PTY LTD,Carbon Credits (Carbon Farming Initiative) (Avoided Deforestation) Methodology Determination 2013,Vegetation,237
Olive Downs Complex,PEMBROKE RESOURCES NOMINEE PTY LTD,Carbon Credits (Carbon Farming Initiative-Alternative Waste Treatment) Methodology Determination 2015,Waste,"8,294"
Olive Downs Complex,PEMBROKE RESOURCES NOMINEE PTY LTD,Carbon Credits (Carbon Farming Initiative-Avoided Clearing of Native Regrowth) Methodology Determination 2015 (Compilation No. 1),Vegetation,"7,958"
Olive Downs Complex,PEMBROKE RESOURCES NOMINEE PTY LTD,Carbon Credits (Carbon Farming Initiative-Avoided Deforestation 1.1) Methodology Determination 2015,Vegetation,"149,892"
Olive Downs Complex,PEMBROKE RESOURCES NOMINEE PTY LTD,Carbon Credits (Carbon Farming Initiative-Coal Mine Waste Gas) Methodology Determination 2015 (Compilation No. 1),Industrial Fugitives,265
Olive Downs Complex,PEMBROKE RESOURCES NOMINEE PTY LTD,Carbon Credits (Carbon Farming Initiative-Coal Mine Waste Gas) Methodology Determination 2015 (Compilation No. 3),Industrial Fugitives,"1,276"
Olive Downs Complex,PEMBROKE RESOURCES NOMINEE PTY LTD,Carbon Credits (Carbon Farming Initiative-Electricity Generation from Landfill Gas) Methodology Determination 2021,Waste,"6,509"
Olive Downs Complex,PEMBROKE RESOURCES NOMINEE PTY LTD,Carbon Credits (Carbon Farming Initiative-Electricity Generation from Landfill Gas) Methodology Determination 2021 (Compilation No. 1),Waste,"76,025"
Olive Downs Complex,PEMBROKE RESOURCES NOMINEE PTY LTD,Carbon Credits (Carbon Farming Initiative-Landfill Gas) Methodology Determination 2015,Waste,"3,000"
Olive Downs Complex,PEMBROKE RESOURCES NOMINEE PTY LTD,Carbon Credits (Carbon Farming Initiative-Landfill Gas) Methodology Determination 2015 (Compilation No. 1),Waste,"39,269"
Olive Downs Complex,PEMBROKE RESOURCES NOMINEE PTY LTD,Carbon Credits (Carbon Farming Initiative-Plantation Forestry) Methodology Determination 2017,Vegetation,41
Onslow Haul Road,ONSLOW INFRACO PTY LTD,Carbon Credits (Carbon Farming Initiative-Alternative Waste Treatment) Methodology Determination 2015,Waste,"21,076"
Onslow Haul Road,ONSLOW INFRACO PTY LTD,Carbon Credits (Carbon Farming Initiative-Electricity Generation from Landfill Gas) Methodology Determination 2021 (Compilation No. 1),Waste,"5,166"
Pacific National National Transport Facility,PACIFIC NATIONAL PTY LTD,Carbon Credits (Carbon Farming Initiative-Avoided Deforestation 1.1) Methodology Determination 2015,Vegetation,"55,820"
Pacific National National Transport Facility,PACIFIC NATIONAL PTY LTD,Carbon Credits (Carbon Farming Initiative-Electricity Generation from Landfill Gas) Methodology Determination 2021,Waste,"2,108"
Pacific National National Transport Facility,PACIFIC NATIONAL PTY LTD,Carbon Credits (Carbon Farming Initiative-Electricity Generation from Landfill Gas) Methodology Determination 2021 (Compilation No. 1),Waste,"46,038"
Peak Downs Mine,BM Alliance Coal Operations Pty Limited,Carbon Credits (Carbon Farming Initiative) (Human-Induced Regeneration of a Permanent Even-Aged Native Forest-1.1) Methodology Determination 2013 (Compilation No. 1),Vegetation,"6,334"
Peak Downs Mine,BM Alliance Coal Operations Pty Limited,Carbon Credits (Carbon Farming Initiative) (Human-Induced Regeneration of a Permanent Even-Aged Native Forest-1.1) Methodology Determination 2013 (Compilation No. 2),Vegetation,"4,788"
Peak Downs Mine,BM Alliance Coal Operations Pty Limited,Carbon Credits (Carbon Farming Initiative) (Human-Induced Regeneration of a Permanent Even-Aged Native Forest-1.1) Methodology Determination 2013 (Compilation No. 3),Vegetation,"13,393"
Peak Downs Mine,BM Alliance Coal Operations Pty Limited,Carbon Credits (Carbon Farming Initiative-Alternative Waste Treatment) Methodology Determination 2015,Waste,"3,134"
Peak Downs Mine,BM Alliance Coal Operations Pty Limited,Carbon Credits (Carbon Farming Initiative-Electricity Generation from Landfill Gas) Methodology Determination 2021 (Compilation No. 1),Waste,"12,923"
Peak Downs Mine,BM Alliance Coal Operations Pty Limited,Carbon Credits (Carbon Farming Initiative-Emissions Abatement through Savanna Fire Management) Methodology Determination 2015,Savanna Fire Management,"2,711"
Peak Downs Mine,BM Alliance Coal Operations Pty Limited,Carbon Credits (Carbon Farming Initiative-Landfill Gas) Methodology Determination 2015,Waste,"1,413"
Peak Downs Mine,BM Alliance Coal Operations Pty Limited,Carbon Credits (Carbon Farming Initiative-Landfill Gas) Methodology Determination 2015 (Compilation No. 1),Waste,"4,333"
Pilbara Rail Operations,PILBARA IRON PTY LTD,Carbon Credits (Carbon Farming Initiative) (Human-Induced Regeneration of a Permanent Even-Aged Native Forest-1.1) Methodology Determination 2013 (Compilation No. 1),Vegetation,"7,317"
Pilbara Rail Operations,PILBARA IRON PTY LTD,Carbon Credits (Carbon Farming Initiative) (Human-Induced Regeneration of a Permanent Even-Aged Native Forest-1.1) Methodology Determination 2013 (Compilation No. 2),Vegetation,"26,275"
Pilbara Rail Operations,PILBARA IRON PTY LTD,Carbon Credits (Carbon Farming Initiative) (Human-Induced Regeneration of a Permanent Even-Aged Native Forest-1.1) Methodology Determination 2013 (Compilation No. 3),Vegetation,"19,352"
Pilbara Rail Operations,PILBARA IRON PTY LTD,Carbon Credits (Carbon Farming Initiative-Emissions Abatement through Savanna Fire Management) Methodology Determination 2015,Savanna Fire Management,"28,509"
Pilgangoora Operations,PLS GROUP LIMITED,Carbon Credits (Carbon Farming Initiative) (Human-Induced Regeneration of a Permanent Even-Aged Native Forest-1.1) Methodology Determination 2013 (Compilation No. 3),Vegetation,"22,206"
Pluto LNG,Woodside Burrup Pty. Ltd.,Carbon Credits (Carbon Farming Initiative) (Reforestation and Afforestation) Methodology Determination 2013,Vegetation,"57,297"
Pluto LNG,Woodside Burrup Pty. Ltd.,Carbon Credits (Carbon Farming Initiative) (Reforestation and Afforestation-1.2) Methodology Determination 2013,Vegetation,"87,686"
Poitrel Mine,STANMORE RESOURCES LIMITED,Carbon Credits (Carbon Farming Initiative) (Human-Induced Regeneration of a Permanent Even-Aged Native Forest-1.1) Methodology Determination 2013 (Compilation No. 1),Vegetation,786
Poitrel Mine,STANMORE RESOURCES LIMITED,Carbon Credits (Carbon Farming Initiative) (Human-Induced Regeneration of a Permanent Even-Aged Native Forest-1.1) Methodology Determination 2013 (Compilation No. 2),Vegetation,"8,885"
Poitrel Mine,STANMORE RESOURCES LIMITED,Carbon Credits (Carbon Farming Initiative) (Human-Induced Regeneration of a Permanent Even-Aged Native Forest-1.1) Methodology Determination 2013 (Compilation No. 3),Vegetation,"13,630"
Poitrel Mine,STANMORE RESOURCES LIMITED,Carbon Credits (Carbon Farming Initiative) (Native Forest from Managed Regrowth) Methodology Determination 2013,Vegetation,699
Poitrel Mine,STANMORE RESOURCES LIMITED,Carbon Credits (Carbon Farming Initiative) (Native Forest from Managed Regrowth) Methodology Determination 2013 (Compilation No. 1),Vegetation,"10,145"
Poitrel Mine,STANMORE RESOURCES LIMITED,Carbon Credits (Carbon Farming Initiative-Alternative Waste Treatment) Methodology Determination 2015,Waste,97
Poitrel Mine,STANMORE RESOURCES LIMITED,Carbon Credits (Carbon Farming Initiative-Animal Effluent Management) Methodology Determination 2019,Agriculture,744
Poitrel Mine,STANMORE RESOURCES LIMITED,Carbon Credits (Carbon Farming Initiative-Avoided Deforestation 1.1) Methodology Determination 2015,Vegetation,"1,891"
Poitrel Mine,STANMORE RESOURCES LIMITED,Carbon Credits (Carbon Farming Initiative-Coal Mine Waste Gas) Methodology Determination 2015 (Compilation No. 3),Industrial Fugitives,"5,000"
Poitrel Mine,STANMORE RESOURCES LIMITED,Carbon Credits (Carbon Farming Initiative-Electricity Generation from Landfill Gas) Methodology Determination 2021,Waste,489
Poitrel Mine,STANMORE RESOURCES LIMITED,Carbon Credits (Carbon Farming Initiative-Electricity Generation from Landfill Gas) Methodology Determination 2021 (Compilation No. 1),Waste,"4,328"
Poitrel Mine,STANMORE RESOURCES LIMITED,Carbon Credits (Carbon Farming Initiative-Landfill Gas) Methodology Determination 2015,Waste,"14,265"
Portland Aluminium Smelter,Alcoa Portland Aluminium Proprietary Limited,Carbon Credits (Carbon Farming Initiative) (Human-Induced Regeneration of a Permanent Even-Aged Native Forest-1.1) Methodology Determination 2013 (Compilation No. 2),Vegetation,"1,562"
Portland Aluminium Smelter,Alcoa Portland Aluminium Proprietary Limited,Carbon Credits (Carbon Farming Initiative-Alternative Waste Treatment) Methodology Determination 2015,Waste,371
Portland Aluminium Smelter,Alcoa Portland Aluminium Proprietary Limited,Carbon Credits (Carbon Farming Initiative-Emissions Abatement through Savanna Fire Management) Methodology Determination 2015,Savanna Fire Management,"29,438"
Premier Coal Mine (Open Cut),Premier Coal Pty Ltd,Carbon Credits (Carbon Farming Initiative-Electricity Generation from Landfill Gas) Methodology Determination 2021 (Compilation No. 1),Waste,"4,856"
Premier Coal Mine (Open Cut),Premier Coal Pty Ltd,Carbon Credits (Carbon Farming Initiative-Landfill Gas) Methodology Determination 2015 (Compilation No. 1),Waste,"1,174"
PRL03 Rail - IOR Facility,BHP IRON ORE PTY LTD,Carbon Credits (Carbon Farming Initiative) (Human-Induced Regeneration of a Permanent Even-Aged Native Forest-1.1) Methodology Determination 2013 (Compilation No. 1),Vegetation,"14,358"
PRL03 Rail - IOR Facility,BHP IRON ORE PTY LTD,Carbon Credits (Carbon Farming Initiative) (Human-Induced Regeneration of a Permanent Even-Aged Native Forest-1.1) Methodology Determination 2013 (Compilation No. 2),Vegetation,"6,080"
PRL03 Rail - IOR Facility,BHP IRON ORE PTY LTD,Carbon Credits (Carbon Farming Initiative) (Human-Induced Regeneration of a Permanent Even-Aged Native Forest-1.1) Methodology Determination 2013 (Compilation No. 3),Vegetation,"3,682"
PRL03 Rail - IOR Facility,BHP IRON ORE PTY LTD,Carbon Credits (Carbon Farming Initiative) (Native Forest from Managed Regrowth) Methodology Determination 2013,Vegetation,859
PRL03 Rail - IOR Facility,BHP IRON ORE PTY LTD,Carbon Credits (Carbon Farming Initiative-Alternative Waste Treatment) Methodology Determination 2015,Waste,"4,485"
PRL03 Rail - IOR Facility,BHP IRON ORE PTY LTD,Carbon Credits (Carbon Farming Initiative-Electricity Generation from Landfill Gas) Methodology Determination 2021 (Compilation No. 1),Waste,"12,948"
PRL03 Rail - IOR Facility,BHP IRON ORE PTY LTD,Carbon Credits (Carbon Farming Initiative-Landfill Gas) Methodology Determination 2015,Waste,"3,901"
PRL03 Rail - IOR Facility,BHP IRON ORE PTY LTD,Carbon Credits (Carbon Farming Initiative-Landfill Gas) Methodology Determination 2015 (Compilation No. 1),Waste,"1,927"
Qantas Airways Limited - National Facility,Qantas Airways Limited,Carbon Credits (Carbon Farming Initiative) (Human-Induced Regeneration of a Permanent Even-Aged Native Forest-1.1) Methodology Determination 2013 (Compilation No. 1),Vegetation,"55,893"
Qantas Airways Limited - National Facility,Qantas Airways Limited,Carbon Credits (Carbon Farming Initiative) (Human-Induced Regeneration of a Permanent Even-Aged Native Forest-1.1) Methodology Determination 2013 (Compilation No. 2),Vegetation,"96,838"
Qantas Airways Limited - National Facility,Qantas Airways Limited,Carbon Credits (Carbon Farming Initiative) (Human-Induced Regeneration of a Permanent Even-Aged Native Forest-1.1) Methodology Determination 2013 (Compilation No. 3),Vegetation,"65,576"
Queensland Alumina Limited Refinery,QUEENSLAND ALUMINA LIMITED,Carbon Credits (Carbon Farming Initiative) (Human-Induced Regeneration of a Permanent Even-Aged Native Forest-1.1) Methodology Determination 2013 (Compilation No. 1),Vegetation,"81,467"
Queensland Alumina Limited Refinery,QUEENSLAND ALUMINA LIMITED,Carbon Credits (Carbon Farming Initiative) (Human-Induced Regeneration of a Permanent Even-Aged Native Forest-1.1) Methodology Determination 2013 (Compilation No. 2),Vegetation,"59,518"
Queensland Alumina Limited Refinery,QUEENSLAND ALUMINA LIMITED,Carbon Credits (Carbon Farming Initiative) (Human-Induced Regeneration of a Permanent Even-Aged Native Forest-1.1) Methodology Determination 2013 (Compilation No. 3),Vegetation,"214,776"
Queensland Curtis LNG Plant,QCLNG Operating Company Pty Ltd,Carbon Credits (Carbon Farming Initiative) (Native Forest from Managed Regrowth) Methodology Determination 2013,Vegetation,"8,000"
Queensland Curtis LNG Plant,QCLNG Operating Company Pty Ltd,Carbon Credits (Carbon Farming Initiative-Alternative Waste Treatment) Methodology Determination 2015,Waste,"12,283"
Queensland Curtis LNG Plant,QCLNG Operating Company Pty Ltd,Carbon Credits (Carbon Farming Initiative-Avoided Deforestation 1.1) Methodology Determination 2015,Vegetation,"12,000"
Queensland Curtis LNG Plant,QCLNG Operating Company Pty Ltd,Carbon Credits (Carbon Farming Initiative-Electricity Generation from Landfill Gas) Methodology Determination 2021,Waste,"7,232"
Queensland Curtis LNG Plant,QCLNG Operating Company Pty Ltd,Carbon Credits (Carbon Farming Initiative-Electricity Generation from Landfill Gas) Methodology Determination 2021 (Compilation No. 1),Waste,"5,683"
Rail,THE PILBARA INFRASTRUCTURE PTY LTD,Carbon Credits (Carbon Farming Initiative) (Human-Induced Regeneration of a Permanent Even-Aged Native Forest-1.1) Methodology Determination 2013 (Compilation No. 1),Vegetation,"1,023"
Rail,THE PILBARA INFRASTRUCTURE PTY LTD,Carbon Credits (Carbon Farming Initiative) (Human-Induced Regeneration of a Permanent Even-Aged Native Forest-1.1) Methodology Determination 2013 (Compilation No. 2),Vegetation,"5,666"
Rail,THE PILBARA INFRASTRUCTURE PTY LTD,Carbon Credits (Carbon Farming Initiative) (Human-Induced Regeneration of a Permanent Even-Aged Native Forest-1.1) Methodology Determination 2013 (Compilation No. 3),Vegetation,625
Railton,CEMENT AUSTRALIA (GOLIATH) PTY LIMITED,Carbon Credits (Carbon Farming Initiative) (Human-Induced Regeneration of a Permanent Even-Aged Native Forest-1.1) Methodology Determination 2013 (Compilation No. 2),Vegetation,"3,000"
Railton,CEMENT AUSTRALIA (GOLIATH) PTY LIMITED,Carbon Credits (Carbon Farming Initiative) (Human-Induced Regeneration of a Permanent Even-Aged Native Forest-1.1) Methodology Determination 2013 (Compilation No. 3),Vegetation,"5,518"
Railton,CEMENT AUSTRALIA (GOLIATH) PTY LIMITED,Carbon Credits (Carbon Farming Initiative-Alternative Waste Treatment) Methodology Determination 2015,Waste,"10,000"
Railton,CEMENT AUSTRALIA (GOLIATH) PTY LIMITED,Carbon Credits (Carbon Farming Initiative-Avoided Clearing of Native Regrowth) Methodology Determination 2015 (Compilation No. 1),Vegetation,559
Railton,CEMENT AUSTRALIA (GOLIATH) PTY LIMITED,Carbon Credits (Carbon Farming Initiative-Avoided Deforestation 1.1) Methodology Determination 2015,Vegetation,"14,999"
Railton,CEMENT AUSTRALIA (GOLIATH) PTY LIMITED,Carbon Credits (Carbon Farming Initiative-Coal Mine Waste Gas) Methodology Determination 2015 (Compilation No. 3),Industrial Fugitives,"9,576"
Railton,CEMENT AUSTRALIA (GOLIATH) PTY LIMITED,Carbon Credits (Carbon Farming Initiative-Electricity Generation from Landfill Gas) Methodology Determination 2021,Waste,"9,811"
Railton,CEMENT AUSTRALIA (GOLIATH) PTY LIMITED,Carbon Credits (Carbon Farming Initiative-Electricity Generation from Landfill Gas) Methodology Determination 2021 (Compilation No. 1),Waste,"6,644"
Railton,CEMENT AUSTRALIA (GOLIATH) PTY LIMITED,Carbon Credits (Carbon Farming Initiative-Emissions Abatement through Savanna Fire Management) Methodology Determination 2015,Savanna Fire Management,"12,004"
Railton,CEMENT AUSTRALIA (GOLIATH) PTY LIMITED,Carbon Credits (Carbon Farming Initiative-Landfill Gas) Methodology Determination 2015,Waste,"2,519"
Railton,CEMENT AUSTRALIA (GOLIATH) PTY LIMITED,Carbon Credits (Carbon Farming Initiative-Landfill Gas) Methodology Determination 2015 (Compilation No. 1),Waste,490
Railton,CEMENT AUSTRALIA (GOLIATH) PTY LIMITED,Carbon Credits (Carbon Farming Initiative) (Destruction of Methane Generated from Manure in Piggeries-1.1) Methodology Determination 2013,Agriculture,745
Ravensworth Operations,RAVENSWORTH OPERATIONS PTY LIMITED,Carbon Credits (Carbon Farming Initiative-Electricity Generation from Landfill Gas) Methodology Determination 2021 (Compilation No. 1),Waste,"36,329"
Refinery Qld Lytton,Ampol Limited,Carbon Credits (Carbon Farming Initiative) (Human-Induced Regeneration of a Permanent Even-Aged Native Forest-1.1) Methodology Determination 2013 (Compilation No. 1),Vegetation,"3,084"
Refinery Qld Lytton,Ampol Limited,Carbon Credits (Carbon Farming Initiative) (Human-Induced Regeneration of a Permanent Even-Aged Native Forest-1.1) Methodology Determination 2013 (Compilation No. 2),Vegetation,"3,773"
Refinery Qld Lytton,Ampol Limited,Carbon Credits (Carbon Farming Initiative) (Human-Induced Regeneration of a Permanent Even-Aged Native Forest-1.1) Methodology Determination 2013 (Compilation No. 3),Vegetation,"1,002"
Refinery Qld Lytton,Ampol Limited,Carbon Credits (Carbon Farming Initiative) (Native Forest from Managed Regrowth) Methodology Determination 2013 (Compilation No. 1),Vegetation,"5,000"
Refinery Qld Lytton,Ampol Limited,Carbon Credits (Carbon Farming Initiative-Coal Mine Waste Gas) Methodology Determination 2015 (Compilation No. 1),Industrial Fugitives,186
Refinery Qld Lytton,Ampol Limited,Carbon Credits (Carbon Farming Initiative-Coal Mine Waste Gas) Methodology Determination 2015 (Compilation No. 3),Industrial Fugitives,"4,814"
Refinery Qld Lytton,Ampol Limited,Carbon Credits (Carbon Farming Initiative-Electricity Generation from Landfill Gas) Methodology Determination 2021,Waste,"1,347"
Refinery Qld Lytton,Ampol Limited,Carbon Credits (Carbon Farming Initiative-Electricity Generation from Landfill Gas) Methodology Determination 2021 (Compilation No. 1),Waste,"25,139"
Refinery Qld Lytton,Ampol Limited,Carbon Credits (Carbon Farming Initiative-Landfill Gas) Methodology Determination 2015,Waste,"1,702"
Refinery Qld Lytton,Ampol Limited,Carbon Credits (Carbon Farming Initiative-Landfill Gas) Methodology Determination 2015 (Compilation No. 1),Waste,"1,812"
Rio Tinto Weipa,RTA WEIPA PTY LTD,Carbon Credits (Carbon Farming Initiative) (Human-Induced Regeneration of a Permanent Even-Aged Native Forest-1.1) Methodology Determination 2013 (Compilation No. 1),Vegetation,"10,239"
Rio Tinto Weipa,RTA WEIPA PTY LTD,Carbon Credits (Carbon Farming Initiative) (Human-Induced Regeneration of a Permanent Even-Aged Native Forest-1.1) Methodology Determination 2013 (Compilation No. 3),Vegetation,"11,510"
Rio Tinto Weipa,RTA WEIPA PTY LTD,Carbon Credits (Carbon Farming Initiative-Emissions Abatement through Savanna Fire Management) Methodology Determination 2015,Savanna Fire Management,"11,711"
Rio Tinto Yarwun,RTA Yarwun Pty Ltd,Carbon Credits (Carbon Farming Initiative) (Human-Induced Regeneration of a Permanent Even-Aged Native Forest-1.1) Methodology Determination 2013 (Compilation No. 1),Vegetation,"14,238"
Rio Tinto Yarwun,RTA Yarwun Pty Ltd,Carbon Credits (Carbon Farming Initiative) (Human-Induced Regeneration of a Permanent Even-Aged Native Forest-1.1) Methodology Determination 2013 (Compilation No. 2),Vegetation,"22,143"
Rio Tinto Yarwun,RTA Yarwun Pty Ltd,Carbon Credits (Carbon Farming Initiative) (Human-Induced Regeneration of a Permanent Even-Aged Native Forest-1.1) Methodology Determination 2013 (Compilation No. 3),Vegetation,"51,200"
Rio Tinto Yarwun,RTA Yarwun Pty Ltd,Carbon Credits (Carbon Farming Initiative-Emissions Abatement through Savanna Fire Management) Methodology Determination 2015,Savanna Fire Management,"47,159"
Rolleston Coal Mine,ROLLESTON COAL HOLDINGS PTY LIMITED,Carbon Credits (Carbon Farming Initiative-Electricity Generation from Landfill Gas) Methodology Determination 2021,Waste,515
Rolleston Coal Mine,ROLLESTON COAL HOLDINGS PTY LIMITED,Carbon Credits (Carbon Farming Initiative-Electricity Generation from Landfill Gas) Methodology Determination 2021 (Compilation No. 1),Waste,"10,248"
Rolleston Coal Mine,ROLLESTON COAL HOLDINGS PTY LIMITED,Carbon Credits (Carbon Farming Initiative-Landfill Gas) Methodology Determination 2015,Waste,"1,906"
Rolleston Coal Mine,ROLLESTON COAL HOLDINGS PTY LIMITED,Carbon Credits (Carbon Farming Initiative-Landfill Gas) Methodology Determination 2015 (Compilation No. 1),Waste,"2,704"
Roy Hill Mine,Roy Hill Holdings Pty Ltd,Carbon Credits (Carbon Farming Initiative-Coal Mine Waste Gas) Methodology Determination 2015,Industrial Fugitives,"6,137"
Roy Hill Mine,Roy Hill Holdings Pty Ltd,Carbon Credits (Carbon Farming Initiative-Coal Mine Waste Gas) Methodology Determination 2015 (Compilation No. 1),Industrial Fugitives,"12,036"
Roy Hill Mine,Roy Hill Holdings Pty Ltd,Carbon Credits (Carbon Farming Initiative-Coal Mine Waste Gas) Methodology Determination 2015 (Compilation No. 2),Industrial Fugitives,"19,754"
Roy Hill Mine,Roy Hill Holdings Pty Ltd,Carbon Credits (Carbon Farming Initiative-Landfill Gas) Methodology Determination 2015,Waste,"49,287"
Saraji Mine,BM Alliance Coal Operations Pty Limited,Carbon Credits (Carbon Farming Initiative) (Human-Induced Regeneration of a Permanent Even-Aged Native Forest-1.1) Methodology Determination 2013 (Compilation No. 2),Vegetation,"4,891"
Saraji Mine,BM Alliance Coal Operations Pty Limited,Carbon Credits (Carbon Farming Initiative) (Human-Induced Regeneration of a Permanent Even-Aged Native Forest-1.1) Methodology Determination 2013 (Compilation No. 3),Vegetation,"12,286"
Saraji Mine,BM Alliance Coal Operations Pty Limited,Carbon Credits (Carbon Farming Initiative-Commercial and Public Lighting) Methodology Determination 2015 (Compilation No. 1),Energy Efficiency,"5,000"
Saraji Mine,BM Alliance Coal Operations Pty Limited,Carbon Credits (Carbon Farming Initiative-Electricity Generation from Landfill Gas) Methodology Determination 2021 (Compilation No. 1),Waste,"7,763"
Saraji Mine,BM Alliance Coal Operations Pty Limited,Carbon Credits (Carbon Farming Initiative-Landfill Gas) Methodology Determination 2015,Waste,"1,310"
Saraji Mine,BM Alliance Coal Operations Pty Limited,Carbon Credits (Carbon Farming Initiative-Landfill Gas) Methodology Determination 2015 (Compilation No. 1),Waste,"3,104"
Sewerage West,Melbourne Water Corporation,Carbon Credits (Carbon Farming Initiative-Emissions Abatement through Savanna Fire Management) Methodology Determination 2015,Savanna Fire Management,"20,000"
Sino Iron Project – Cape Preston,CITIC Pacific Mining Management Pty Ltd,Carbon Credits (Carbon Farming Initiative) (Avoided Deforestation) Methodology Determination 2013,Vegetation,"3,000"
Sino Iron Project – Cape Preston,CITIC Pacific Mining Management Pty Ltd,Carbon Credits (Carbon Farming Initiative-Alternative Waste Treatment) Methodology Determination 2015,Waste,189
Sino Iron Project – Cape Preston,CITIC Pacific Mining Management Pty Ltd,Carbon Credits (Carbon Farming Initiative-Avoided Clearing of Native Regrowth) Methodology Determination 2015,Vegetation,762
Sino Iron Project – Cape Preston,CITIC Pacific Mining Management Pty Ltd,Carbon Credits (Carbon Farming Initiative-Avoided Clearing of Native Regrowth) Methodology Determination 2015 (Compilation No. 1),Vegetation,110
Sino Iron Project – Cape Preston,CITIC Pacific Mining Management Pty Ltd,Carbon Credits (Carbon Farming Initiative-Avoided Deforestation 1.1) Methodology Determination 2015,Vegetation,"14,362"
Sino Iron Project – Cape Preston,CITIC Pacific Mining Management Pty Ltd,Carbon Credits (Carbon Farming Initiative-Electricity Generation from Landfill Gas) Methodology Determination 2021,Waste,"2,000"
Sino Iron Project – Cape Preston,CITIC Pacific Mining Management Pty Ltd,Carbon Credits (Carbon Farming Initiative-Electricity Generation from Landfill Gas) Methodology Determination 2021 (Compilation No. 1),Waste,"2,643"
Sino Iron Project – Cape Preston,CITIC Pacific Mining Management Pty Ltd,Carbon Credits (Carbon Farming Initiative-Industrial Electricity and Fuel Efficiency) Methodology Determination 2015 (Compilation No. 1),Energy Efficiency,918
Sino Iron Project – Cape Preston,CITIC Pacific Mining Management Pty Ltd,Carbon Credits (Carbon Farming Initiative-Landfill Gas) Methodology Determination 2015,Waste,"18,249"
Sino Iron Project – Cape Preston,CITIC Pacific Mining Management Pty Ltd,Carbon Credits (Carbon Farming Initiative-Landfill Gas) Methodology Determination 2015 (Compilation No. 1),Waste,"2,172"
Solomon Mine,FMG SOLOMON PTY LTD,Carbon Credits (Carbon Farming Initiative) (Human-Induced Regeneration of a Permanent Even-Aged Native Forest-1.1) Methodology Determination 2013 (Compilation No. 1),Vegetation,"1,393"
Solomon Mine,FMG SOLOMON PTY LTD,Carbon Credits (Carbon Farming Initiative) (Human-Induced Regeneration of a Permanent Even-Aged Native Forest-1.1) Methodology Determination 2013 (Compilation No. 2),Vegetation,"21,729"
Solomon Mine,FMG SOLOMON PTY LTD,Carbon Credits (Carbon Farming Initiative) (Human-Induced Regeneration of a Permanent Even-Aged Native Forest-1.1) Methodology Determination 2013 (Compilation No. 3),Vegetation,"19,759"
South Walker Creek,STANMORE RESOURCES LIMITED,Carbon Credits (Carbon Farming Initiative-Avoided Clearing of Native Regrowth) Methodology Determination 2015 (Compilation No. 1),Vegetation,455
South Walker Creek,STANMORE RESOURCES LIMITED,Carbon Credits (Carbon Farming Initiative-Avoided Deforestation 1.1) Methodology Determination 2015,Vegetation,"75,609"
South West Queensland Pipeline,APA (SWQP) PTY LIMITED,Carbon Credits (Carbon Farming Initiative) (Human-Induced Regeneration of a Permanent Even-Aged Native Forest-1.1) Methodology Determination 2013 (Compilation No. 3),Vegetation,"11,222"
South West Queensland Pipeline,APA (SWQP) PTY LIMITED,Carbon Credits (Carbon Farming Initiative-Emissions Abatement through Savanna Fire Management) Methodology Determination 2015,Savanna Fire Management,"5,000"
South West Synthetic Rutile Operations,Iluka Resources Limited,Carbon Credits (Carbon Farming Initiative) (Human-Induced Regeneration of a Permanent Even-Aged Native Forest-1.1) Methodology Determination 2013 (Compilation No. 1),Vegetation,"4,614"
South West Synthetic Rutile Operations,Iluka Resources Limited,Carbon Credits (Carbon Farming Initiative) (Human-Induced Regeneration of a Permanent Even-Aged Native Forest-1.1) Methodology Determination 2013 (Compilation No. 2),Vegetation,"8,164"
South West Synthetic Rutile Operations,Iluka Resources Limited,Carbon Credits (Carbon Farming Initiative) (Human-Induced Regeneration of a Permanent Even-Aged Native Forest-1.1) Methodology Determination 2013 (Compilation No. 3),Vegetation,"8,005"
South West Synthetic Rutile Operations,Iluka Resources Limited,Carbon Credits (Carbon Farming Initiative-Avoided Deforestation 1.1) Methodology Determination 2015,Vegetation,"4,649"
South West Synthetic Rutile Operations,Iluka Resources Limited,Carbon Credits (Carbon Farming Initiative-Electricity Generation from Landfill Gas) Methodology Determination 2021,Waste,"13,040"
South West Synthetic Rutile Operations,Iluka Resources Limited,Carbon Credits (Carbon Farming Initiative-Electricity Generation from Landfill Gas) Methodology Determination 2021 (Compilation No. 1),Waste,"3,548"
South West Synthetic Rutile Operations,Iluka Resources Limited,Carbon Credits (Carbon Farming Initiative-Landfill Gas) Methodology Determination 2015,Waste,"4,322"
Sunrise Dam,AngloGold Ashanti Australia Limited,Carbon Credits (Carbon Farming Initiative-Animal Effluent Management) Methodology Determination 2019,Agriculture,"2,918"
Sunrise Dam,AngloGold Ashanti Australia Limited,Carbon Credits (Carbon Farming Initiative-Avoided Deforestation 1.1) Methodology Determination 2015,Vegetation,"23,377"
Sunrise Dam,AngloGold Ashanti Australia Limited,Carbon Credits (Carbon Farming Initiative-Landfill Gas) Methodology Determination 2015 (Compilation No. 1),Waste,267
Telfer Gold Mine,GREATLAND HOLDINGS GROUP PTY LTD,Carbon Credits (Carbon Farming Initiative) (Human-Induced Regeneration of a Permanent Even-Aged Native Forest-1.1) Methodology Determination 2013 (Compilation No. 1),Vegetation,"4,955"
Telfer Gold Mine,GREATLAND HOLDINGS GROUP PTY LTD,Carbon Credits (Carbon Farming Initiative) (Human-Induced Regeneration of a Permanent Even-Aged Native Forest-1.1) Methodology Determination 2013 (Compilation No. 2),Vegetation,"36,702"
Telfer Gold Mine,GREATLAND HOLDINGS GROUP PTY LTD,Carbon Credits (Carbon Farming Initiative) (Human-Induced Regeneration of a Permanent Even-Aged Native Forest-1.1) Methodology Determination 2013 (Compilation No. 3),Vegetation,"27,198"
Tom Price Mine / WTS,Hamersley Iron Pty. Limited,Carbon Credits (Carbon Farming Initiative) (Human-Induced Regeneration of a Permanent Even-Aged Native Forest-1.1) Methodology Determination 2013 (Compilation No. 1),Vegetation,"2,326"
Tom Price Mine / WTS,Hamersley Iron Pty. Limited,Carbon Credits (Carbon Farming Initiative-Emissions Abatement through Savanna Fire Management) Methodology Determination 2015,Savanna Fire Management,"32,492"
Tomago Aluminium Smelter,TOMAGO ALUMINIUM COMPANY PTY LTD,Carbon Credits (Carbon Farming Initiative) (Human-Induced Regeneration of a Permanent Even-Aged Native Forest-1.1) Methodology Determination 2013 (Compilation No. 1),Vegetation,"25,000"
Tomago Aluminium Smelter,TOMAGO ALUMINIUM COMPANY PTY LTD,Carbon Credits (Carbon Farming Initiative) (Human-Induced Regeneration of a Permanent Even-Aged Native Forest-1.1) Methodology Determination 2013 (Compilation No. 2),Vegetation,"13,395"
Tomago Aluminium Smelter,TOMAGO ALUMINIUM COMPANY PTY LTD,Carbon Credits (Carbon Farming Initiative) (Human-Induced Regeneration of a Permanent Even-Aged Native Forest-1.1) Methodology Determination 2013 (Compilation No. 3),Vegetation,"17,656"
TT-Line - Victorian Operation,TT-Line Company Pty. Ltd.,Carbon Credits (Carbon Farming Initiative) (Human-Induced Regeneration of a Permanent Even-Aged Native Forest-1.1) Methodology Determination 2013 (Compilation No. 1),Vegetation,"2,344"
TT-Line - Victorian Operation,TT-Line Company Pty. Ltd.,Carbon Credits (Carbon Farming Initiative) (Native Forest from Managed Regrowth) Methodology Determination 2013,Vegetation,"10,046"
TT-Line - Victorian Operation,TT-Line Company Pty. Ltd.,Carbon Credits (Carbon Farming Initiative) (Native Forest from Managed Regrowth) Methodology Determination 2013 (Compilation No. 1),Vegetation,"11,904"
TT-Line - Victorian Operation,TT-Line Company Pty. Ltd.,Carbon Credits (Carbon Farming Initiative-Beef Cattle Herd Management) Methodology Determination 2015 (Compilation No. 1),Agriculture,"9,192"
TT-Line - Victorian Operation,TT-Line Company Pty. Ltd.,Carbon Credits (Carbon Farming Initiative-Coal Mine Waste Gas) Methodology Determination 2015 (Compilation No. 1),Industrial Fugitives,"8,858"
United Coal Mine,UNITED COLLIERIES PTY LTD,"Carbon Credits (Carbon Farming Initiative-Domestic, Commercial and Industrial Wastewater) Methodology Determination 2015 (Compilation No. 1)",Waste,"10,000"
United Coal Mine,UNITED COLLIERIES PTY LTD,Carbon Credits (Carbon Farming Initiative-Electricity Generation from Landfill Gas) Methodology Determination 2021,Waste,"2,409"
United Coal Mine,UNITED COLLIERIES PTY LTD,Carbon Credits (Carbon Farming Initiative-Electricity Generation from Landfill Gas) Methodology Determination 2021 (Compilation No. 1),Waste,"25,033"
United Coal Mine,UNITED COLLIERIES PTY LTD,Carbon Credits (Carbon Farming Initiative-Landfill Gas) Methodology Determination 2015,Waste,"13,759"
United Coal Mine,UNITED COLLIERIES PTY LTD,Carbon Credits (Carbon Farming Initiative-Landfill Gas) Methodology Determination 2015 (Compilation No. 1),Waste,"23,260"
Vales Point Power Station,Delta Power & Energy Pty Ltd,Carbon Credits (Carbon Farming Initiative-Avoided Deforestation 1.1) Methodology Determination 2015,Vegetation,"20,000"
Vales Point Power Station,Delta Power & Energy Pty Ltd,Carbon Credits (Carbon Farming Initiative-Electricity Generation from Landfill Gas) Methodology Determination 2021 (Compilation No. 1),Waste,"20,000"
Varanus Hub,Santos Limited,Carbon Credits (Carbon Farming Initiative) (Human-Induced Regeneration of a Permanent Even-Aged Native Forest-1.1) Methodology Determination 2013 (Compilation No. 1),Vegetation,"4,907"
Varanus Hub,Santos Limited,Carbon Credits (Carbon Farming Initiative) (Human-Induced Regeneration of a Permanent Even-Aged Native Forest-1.1) Methodology Determination 2013 (Compilation No. 2),Vegetation,"8,041"
Varanus Hub,Santos Limited,Carbon Credits (Carbon Farming Initiative) (Human-Induced Regeneration of a Permanent Even-Aged Native Forest-1.1) Methodology Determination 2013 (Compilation No. 3),Vegetation,"20,687"
Varanus Hub,Santos Limited,Carbon Credits (Carbon Farming Initiative-Electricity Generation from Landfill Gas) Methodology Determination 2021,Waste,"10,377"
Varanus Hub,Santos Limited,Carbon Credits (Carbon Farming Initiative-Electricity Generation from Landfill Gas) Methodology Determination 2021 (Compilation No. 1),Waste,"4,416"
Varanus Hub,Santos Limited,Carbon Credits (Carbon Farming Initiative-Industrial Electricity and Fuel Efficiency) Methodology Determination 2015 (Compilation No. 1),Energy Efficiency,"6,581"
Varanus Hub,Santos Limited,Carbon Credits (Carbon Farming Initiative-Land and Sea Transport) Methodology Determination 2015,Transport,"2,053"
Varanus Hub,Santos Limited,Carbon Credits (Carbon Farming Initiative-Landfill Gas) Methodology Determination 2015 (Compilation No. 1),Waste,"1,652"
Varanus Hub,Santos Limited,Carbon Farming (Capture and Combustion of Methane in Landfill Gas from Legacy Waste) Methodology Determination 2012,Waste,"7,286"
Vincent Project Venture,Woodside Energy Ltd.,Carbon Credits (Carbon Farming Initiative) (Human-Induced Regeneration of a Permanent Even-Aged Native Forest-1.1) Methodology Determination 2013 (Compilation No. 1),Vegetation,"5,028"
Vincent Project Venture,Woodside Energy Ltd.,Carbon Credits (Carbon Farming Initiative) (Human-Induced Regeneration of a Permanent Even-Aged Native Forest-1.1) Methodology Determination 2013 (Compilation No. 2),Vegetation,"2,671"
Vincent Project Venture,Woodside Energy Ltd.,Carbon Credits (Carbon Farming Initiative) (Human-Induced Regeneration of a Permanent Even-Aged Native Forest-1.1) Methodology Determination 2013 (Compilation No. 3),Vegetation,"1,833"
Vincent Project Venture,Woodside Energy Ltd.,Carbon Credits (Carbon Farming Initiative-Avoided Deforestation 1.1) Methodology Determination 2015,Vegetation,"8,510"
Vincent Project Venture,Woodside Energy Ltd.,Carbon Credits (Carbon Farming Initiative-Emissions Abatement through Savanna Fire Management) Methodology Determination 2015,Savanna Fire Management,"1,416"
Vincent Project Venture,Woodside Energy Ltd.,Carbon Credits (Carbon Farming Initiative-Landfill Gas) Methodology Determination 2015,Waste,"1,817"
WA Transport facility,MGM BULK PTY LTD,Carbon Credits (Carbon Farming Initiative) (Human-Induced Regeneration of a Permanent Even-Aged Native Forest-1.1) Methodology Determination 2013 (Compilation No. 1),Vegetation,271
WA Transport facility,MGM BULK PTY LTD,Carbon Credits (Carbon Farming Initiative) (Human-Induced Regeneration of a Permanent Even-Aged Native Forest-1.1) Methodology Determination 2013 (Compilation No. 2),Vegetation,159
WA Transport facility,MGM BULK PTY LTD,Carbon Credits (Carbon Farming Initiative-Alternative Waste Treatment) Methodology Determination 2015,Waste,"1,000"
WA Transport facility,MGM BULK PTY LTD,Carbon Credits (Carbon Farming Initiative-Electricity Generation from Landfill Gas) Methodology Determination 2021 (Compilation No. 1),Waste,"5,000"
WA Transport facility,MGM BULK PTY LTD,Carbon Credits (Carbon Farming Initiative-Landfill Gas) Methodology Determination 2015 (Compilation No. 1),Waste,"3,400"
Warkworth Mine,Warkworth Mining Ltd,Carbon Credits (Carbon Farming Initiative) (Human-Induced Regeneration of a Permanent Even-Aged Native Forest-1.1) Methodology Determination 2013 (Compilation No. 1),Vegetation,"46,222"
Warkworth Mine,Warkworth Mining Ltd,Carbon Credits (Carbon Farming Initiative) (Human-Induced Regeneration of a Permanent Even-Aged Native Forest-1.1) Methodology Determination 2013 (Compilation No. 2),Vegetation,"47,414"
Warkworth Mine,Warkworth Mining Ltd,Carbon Credits (Carbon Farming Initiative) (Human-Induced Regeneration of a Permanent Even-Aged Native Forest-1.1) Methodology Determination 2013 (Compilation No. 3),Vegetation,"34,154"
Warkworth Mine,Warkworth Mining Ltd,Carbon Credits (Carbon Farming Initiative-Coal Mine Waste Gas) Methodology Determination 2015 (Compilation No. 3),Industrial Fugitives,"50,488"
Warkworth Mine,Warkworth Mining Ltd,Carbon Credits (Carbon Farming Initiative-Commercial and Public Lighting) Methodology Determination 2015 (Compilation No. 1),Energy Efficiency,"35,878"
Warkworth Mine,Warkworth Mining Ltd,Carbon Credits (Carbon Farming Initiative-Electricity Generation from Landfill Gas) Methodology Determination 2021,Waste,"30,000"
Warkworth Mine,Warkworth Mining Ltd,Carbon Credits (Carbon Farming Initiative-Electricity Generation from Landfill Gas) Methodology Determination 2021 (Compilation No. 1),Waste,"35,596"
Warkworth Mine,Warkworth Mining Ltd,Carbon Credits (Carbon Farming Initiative-Landfill Gas) Methodology Determination 2015,Waste,"21,921"
West Angelas Mine,Robe River Mining Co. Pty. Ltd.,Carbon Credits (Carbon Farming Initiative) (Human-Induced Regeneration of a Permanent Even-Aged Native Forest-1.1) Methodology Determination 2013 (Compilation No. 1),Vegetation,"14,332"
West Angelas Mine,Robe River Mining Co. Pty. Ltd.,Carbon Credits (Carbon Farming Initiative) (Human-Induced Regeneration of a Permanent Even-Aged Native Forest-1.1) Methodology Determination 2013 (Compilation No. 3),Vegetation,"24,488"
West Angelas Mine,Robe River Mining Co. Pty. Ltd.,Carbon Credits (Carbon Farming Initiative-Emissions Abatement through Savanna Fire Management) Methodology Determination 2015,Savanna Fire Management,"20,903"
West Pilbara Iron Ore Project,ONSLOW IRON PTY LTD,Carbon Credits (Carbon Farming Initiative) (Human-Induced Regeneration of a Permanent Even-Aged Native Forest-1.1) Methodology Determination 2013 (Compilation No. 1),Vegetation,"2,723"
West Pilbara Iron Ore Project,ONSLOW IRON PTY LTD,Carbon Credits (Carbon Farming Initiative) (Human-Induced Regeneration of a Permanent Even-Aged Native Forest-1.1) Methodology Determination 2013 (Compilation No. 3),Vegetation,"2,750"
West Pilbara Iron Ore Project,ONSLOW IRON PTY LTD,Carbon Credits (Carbon Farming Initiative-Coal Mine Waste Gas) Methodology Determination 2015 (Compilation No. 3),Industrial Fugitives,"1,266"
West Pilbara Iron Ore Project,ONSLOW IRON PTY LTD,Carbon Credits (Carbon Farming Initiative-Electricity Generation from Landfill Gas) Methodology Determination 2021,Waste,"5,000"
West Pilbara Iron Ore Project,ONSLOW IRON PTY LTD,Carbon Credits (Carbon Farming Initiative-Electricity Generation from Landfill Gas) Methodology Determination 2021 (Compilation No. 1),Waste,"12,216"
West Pilbara Iron Ore Project,ONSLOW IRON PTY LTD,Carbon Credits (Carbon Farming Initiative-Landfill Gas) Methodology Determination 2015 (Compilation No. 1),Waste,"11,915"
Wodgina Lithium Project,MARBL Lithium Operations Pty Ltd,Carbon Credits (Carbon Farming Initiative) (Human-Induced Regeneration of a Permanent Even-Aged Native Forest-1.1) Methodology Determination 2013 (Compilation No. 1),Vegetation,"3,408"
Wodgina Lithium Project,MARBL Lithium Operations Pty Ltd,Carbon Credits (Carbon Farming Initiative) (Human-Induced Regeneration of a Permanent Even-Aged Native Forest-1.1) Methodology Determination 2013 (Compilation No. 3),Vegetation,"4,306"
Wodgina Lithium Project,MARBL Lithium Operations Pty Ltd,Carbon Credits (Carbon Farming Initiative-Alternative Waste Treatment) Methodology Determination 2015,Waste,"6,554"
Wodgina Lithium Project,MARBL Lithium Operations Pty Ltd,Carbon Credits (Carbon Farming Initiative-Electricity Generation from Landfill Gas) Methodology Determination 2021,Waste,"4,583"
Wodgina Lithium Project,MARBL Lithium Operations Pty Ltd,Carbon Credits (Carbon Farming Initiative-Electricity Generation from Landfill Gas) Methodology Determination 2021 (Compilation No. 1),Waste,"3,258"
Wodgina Lithium Project,MARBL Lithium Operations Pty Ltd,Carbon Credits (Carbon Farming Initiative-Emissions Abatement through Savanna Fire Management) Methodology Determination 2015,Savanna Fire Management,"5,798"
Wodgina Lithium Project,MARBL Lithium Operations Pty Ltd,Carbon Credits (Carbon Farming Initiative-Industrial and Commercial Emissions Reduction) Methodology Determination 2021,Energy Efficiency,"3,613"
WOR01,South32 Worsley Alumina Pty Ltd,Carbon Credits (Carbon Farming Initiative) (Human-Induced Regeneration of a Permanent Even-Aged Native Forest-1.1) Methodology Determination 2013 (Compilation No. 3),Vegetation,"40,000"
WOR01,South32 Worsley Alumina Pty Ltd,Carbon Credits (Carbon Farming Initiative-Avoided Deforestation 1.1) Methodology Determination 2015,Vegetation,"22,286"
WOR01,South32 Worsley Alumina Pty Ltd,Carbon Credits (Carbon Farming Initiative-Electricity Generation from Landfill Gas) Methodology Determination 2021 (Compilation No. 1),Waste,"1,213"
YAN01 Yandi/Marillana Creek Mine - MNG Facility,BHP IRON ORE PTY LTD,Carbon Credits (Carbon Farming Initiative) (Human-Induced Regeneration of a Permanent Even-Aged Native Forest-1.1) Methodology Determination 2013 (Compilation No. 1),Vegetation,"1,030"
YAN01 Yandi/Marillana Creek Mine - MNG Facility,BHP IRON ORE PTY LTD,Carbon Credits (Carbon Farming Initiative) (Human-Induced Regeneration of a Permanent Even-Aged Native Forest-1.1) Methodology Determination 2013 (Compilation No. 2),Vegetation,"1,515"
YAN01 Yandi/Marillana Creek Mine - MNG Facility,BHP IRON ORE PTY LTD,Carbon Credits (Carbon Farming Initiative) (Human-Induced Regeneration of a Permanent Even-Aged Native Forest-1.1) Methodology Determination 2013 (Compilation No. 3),Vegetation,783
YAN01 Yandi/Marillana Creek Mine - MNG Facility,BHP IRON ORE PTY LTD,Carbon Credits (Carbon Farming Initiative-Alternative Waste Treatment) Methodology Determination 2015,Waste,802
YAN01 Yandi/Marillana Creek Mine - MNG Facility,BHP IRON ORE PTY LTD,Carbon Credits (Carbon Farming Initiative-Landfill Gas) Methodology Determination 2015,Waste,"1,410"
YAN01 Yandi/Marillana Creek Mine - MNG Facility,BHP IRON ORE PTY LTD,Carbon Credits (Carbon Farming Initiative-Landfill Gas) Methodology Determination 2015 (Compilation No. 1),Waste,"1,116"
Yandicoogina Mine,Hamersley Iron - Yandi Pty Limited,Carbon Credits (Carbon Farming Initiative) (Human-Induced Regeneration of a Permanent Even-Aged Native Forest-1.1) Methodology Determination 2013 (Compilation No. 1),Vegetation,"9,937"
Yandicoogina Mine,Hamersley Iron - Yandi Pty Limited,Carbon Credits (Carbon Farming Initiative) (Human-Induced Regeneration of a Permanent Even-Aged Native Forest-1.1) Methodology Determination 2013 (Compilation No. 2),Vegetation,"2,617"
Yandicoogina Mine,Hamersley Iron - Yandi Pty Limited,Carbon Credits (Carbon Farming Initiative) (Human-Induced Regeneration of a Permanent Even-Aged Native Forest-1.1) Methodology Determination 2013 (Compilation No. 3),Vegetation,"6,093"
Yandicoogina Mine,Hamersley Iron - Yandi Pty Limited,Carbon Credits (Carbon Farming Initiative-Emissions Abatement through Savanna Fire Management) Methodology Determination 2015,Savanna Fire Management,"10,040"
Yarnima Power Station,BHP IRON ORE PTY LTD,Carbon Credits (Carbon Farming Initiative) (Human-Induced Regeneration of a Permanent Even-Aged Native Forest-1.1) Methodology Determination 2013 (Compilation No. 1),Vegetation,"5,746"
Yarnima Power Station,BHP IRON ORE PTY LTD,Carbon Credits (Carbon Farming Initiative) (Human-Induced Regeneration of a Permanent Even-Aged Native Forest-1.1) Methodology Determination 2013 (Compilation No. 2),Vegetation,"11,379"
Yarnima Power Station,BHP IRON ORE PTY LTD,Carbon Credits (Carbon Farming Initiative) (Human-Induced Regeneration of a Permanent Even-Aged Native Forest-1.1) Methodology Determination 2013 (Compilation No. 3),Vegetation,"2,756"
Yarnima Power Station,BHP IRON ORE PTY LTD,Carbon Credits (Carbon Farming Initiative-Alternative Waste Treatment) Methodology Determination 2015,Waste,"2,068"
Yarnima Power Station,BHP IRON ORE PTY LTD,Carbon Credits (Carbon Farming Initiative-Electricity Generation from Landfill Gas) Methodology Determination 2021 (Compilation No. 1),Waste,"7,340"
Yarnima Power Station,BHP IRON ORE PTY LTD,Carbon Credits (Carbon Farming Initiative-Landfill Gas) Methodology Determination 2015,Waste,666
Yarnima Power Station,BHP IRON ORE PTY LTD,Carbon Credits (Carbon Farming Initiative-Landfill Gas) Methodology Determination 2015 (Compilation No. 1),Waste,"9,807"
Yarrabee Coal Mine (Open Cut),YARRABEE COAL COMPANY PTY. LTD.,Carbon Credits (Carbon Farming Initiative-Electricity Generation from Landfill Gas) Methodology Determination 2021 (Compilation No. 1),Waste,"36,536"
Yarrabee Coal Mine (Open Cut),YARRABEE COAL COMPANY PTY. LTD.,Carbon Credits (Carbon Farming Initiative-Landfill Gas) Methodology Determination 2015 (Compilation No. 1),Waste,"3,781"