Date of transaction,Entity name,Number of units,Unit type
03/05/2026,REGENCO PTY LTD,2,KACCU
30/04/2026,CARBON NEUTRAL PTY LTD,105,KACCU
30/04/2026,Tasman Environmental Markets Australia Pty Ltd,132,KACCU
30/04/2026,Tasman Environmental Markets Australia Pty Ltd,187,KACCU
30/04/2026,NORTHMORE GORDON ENVIRONMENTAL PTY LTD,182,KACCU
30/04/2026,Terra Carbon Pty Ltd,"2,078",CER
29/04/2026,REGENCO PTY LTD,42,KACCU
29/04/2026,CLIMA SOLUTIONS PTY LTD,"1,375",KACCU
29/04/2026,Tasman Environmental Markets Australia Pty Ltd,1,KACCU
29/04/2026,Tasman Environmental Markets Australia Pty Ltd,500,KACCU
29/04/2026,Tasman Environmental Markets Australia Pty Ltd,142,KACCU
29/04/2026,Tasman Environmental Markets Australia Pty Ltd,22,CER
29/04/2026,Tasman Environmental Markets Australia Pty Ltd,22,CER
29/04/2026,Tasman Environmental Markets Australia Pty Ltd,12,CER
29/04/2026,"Climate Impact Partners, LLC","25,695",CER
29/04/2026,"Climate Impact Partners, LLC",104,CER
29/04/2026,"Climate Impact Partners, LLC",478,CER
29/04/2026,"Climate Impact Partners, LLC","11,861",CER
29/04/2026,"Climate Impact Partners, LLC","9,119",CER
29/04/2026,"Climate Impact Partners, LLC",137,CER
29/04/2026,"Climate Impact Partners, LLC",501,CER
29/04/2026,"Climate Impact Partners, LLC",13,CER
28/04/2026,Terra Carbon Pty Limited,300,KACCU
28/04/2026,ENERGYAUSTRALIA PTY LTD,369,KACCU
28/04/2026,ENERGYAUSTRALIA PTY LTD,"2,806",KACCU
28/04/2026,CO2 AUSTRALIA Pty Ltd,438,KACCU
28/04/2026,Tasman Environmental Markets Australia Pty Ltd,"9,043",KACCU
28/04/2026,Carbonhalo Pty Ltd,22,KACCU
24/04/2026,CARBON NEUTRAL PTY LTD,"1,426",KACCU
24/04/2026,Terra Carbon Pty Limited,"2,600",KACCU
24/04/2026,The Trust Company (Australia) Limited as the Trustee for Tasmanian Forest Operating Sub Trust,340,KACCU
24/04/2026,Boral Limited,333,KACCU
24/04/2026,SOUTH POLE AUSTRALIA FINANCIAL SERVICES PTY LTD,490,KACCU
24/04/2026,SOUTH POLE AUSTRALIA FINANCIAL SERVICES PTY LTD,"1,378",KACCU
24/04/2026,SOUTH POLE AUSTRALIA FINANCIAL SERVICES PTY LTD,"1,360",KACCU
24/04/2026,SOUTH POLE AUSTRALIA FINANCIAL SERVICES PTY LTD,420,KACCU
24/04/2026,SOUTH POLE AUSTRALIA FINANCIAL SERVICES PTY LTD,111,KACCU
24/04/2026,SOUTH POLE AUSTRALIA FINANCIAL SERVICES PTY LTD,"1,742",KACCU
24/04/2026,SOUTH POLE AUSTRALIA FINANCIAL SERVICES PTY LTD,"1,235",KACCU
24/04/2026,SOUTH POLE AUSTRALIA FINANCIAL SERVICES PTY LTD,295,KACCU
24/04/2026,Tasman Environmental Markets Australia Pty Ltd,17,KACCU
24/04/2026,Tasman Environmental Markets Australia Pty Ltd,16,KACCU
24/04/2026,Tasman Environmental Markets Australia Pty Ltd,1,KACCU
23/04/2026,CARBON NEUTRAL PTY LTD,17,CER
22/04/2026,Climate Friendly Pty Ltd,1,KACCU
22/04/2026,Commonwealth Bank of Australia,"4,993",KACCU
22/04/2026,CLIMA SOLUTIONS PTY LTD,312,KACCU
22/04/2026,"Climate Impact Partners, LLC","2,843",CER
21/04/2026,Climate Friendly Pty Ltd,5,KACCU
20/04/2026,Tasman Environmental Markets Australia Pty Ltd,1,KACCU
20/04/2026,Tasman Environmental Markets Australia Pty Ltd,1,KACCU
20/04/2026,Tasman Environmental Markets Australia Pty Ltd,98,KACCU
20/04/2026,Tasman Environmental Markets Australia Pty Ltd,20,CER
20/04/2026,Tasman Environmental Markets Australia Pty Ltd,21,CER
20/04/2026,Tasman Environmental Markets Australia Pty Ltd,65,CER
16/04/2026,CARBON NEUTRAL PTY LTD,"1,600",KACCU
16/04/2026,SOUTH POLE AUSTRALIA FINANCIAL SERVICES PTY LTD,"5,282",KACCU
15/04/2026,SOUTH POLE AUSTRALIA FINANCIAL SERVICES PTY LTD,"4,000",KACCU
15/04/2026,CARBON NEUTRAL PTY LTD,165,KACCU
15/04/2026,VIRIDIOS CAPITAL PTY LTD,211,KACCU
15/04/2026,Tasman Environmental Markets Australia Pty Ltd,"1,500",KACCU
15/04/2026,Enviro-Mark Solutions Limited,162,CER
15/04/2026,CARBON NEUTRAL PTY LTD,150,CER
15/04/2026,Tasman Environmental Markets Australia Pty Ltd,"1,500",CER
14/04/2026,Macquarie Bank Limited,129,KACCU
14/04/2026,EVERCLIME PTY LTD,80,KACCU
13/04/2026,Terra Carbon Pty Limited,"1,500",KACCU
10/04/2026,Tasman Environmental Markets Australia Pty Ltd,3,KACCU
09/04/2026,"Climate Impact Partners, LLC","5,164",CER
09/04/2026,"Climate Impact Partners, LLC","20,000",CER
08/04/2026,Tasman Environmental Markets Australia Pty Ltd,"5,000",KACCU
07/04/2026,Tasman Environmental Markets Australia Pty Ltd,12,KACCU
07/04/2026,Tasman Environmental Markets Australia Pty Ltd,9,KACCU
07/04/2026,CARBON NEUTRAL PTY LTD,650,KACCU
07/04/2026,CARBON NEUTRAL PTY LTD,"1,107",CER
07/04/2026,CARBON NEUTRAL PTY LTD,317,CER
07/04/2026,Tasman Environmental Markets Australia Pty Ltd,192,CER
07/04/2026,Tasman Environmental Markets Australia Pty Ltd,149,CER
07/04/2026,Tasman Environmental Markets Australia Pty Ltd,150,CER
02/04/2026,Certify Energy Pty Ltd,103,KACCU
01/04/2026,SOUTH POLE AUSTRALIA FINANCIAL SERVICES PTY LTD,15,KACCU
31/03/2026,Tasman Environmental Markets Australia Pty Ltd,141,CER
30/03/2026,Tasman Environmental Markets Australia Pty Ltd,117,KACCU
30/03/2026,Tasman Environmental Markets Australia Pty Ltd,120,KACCU
30/03/2026,Global Environmental Markets Pty Ltd,316,CER
30/03/2026,Global Environmental Markets Pty Ltd,"37,156",CER
30/03/2026,Global Environmental Markets Pty Ltd,"10,712",CER
30/03/2026,Tasman Environmental Markets Australia Pty Ltd,"2,214",CER
30/03/2026,Tasman Environmental Markets Australia Pty Ltd,"2,286",CER
27/03/2026,BJ Herington and CA Herington as the Trustees for The Herington Family Trust,12,KACCU
27/03/2026,Terra Carbon Pty Limited,120,KACCU
27/03/2026,CLIMA SOLUTIONS PTY LTD,465,KACCU
27/03/2026,Terra Carbon Pty Limited,"1,447",CER
26/03/2026,WESFARMERS KLEENHEAT GAS PTY LTD,"2,498",KACCU
25/03/2026,SOUTH POLE AUSTRALIA FINANCIAL SERVICES PTY LTD,"1,915",KACCU
25/03/2026,Carbonhalo Pty Ltd,2,KACCU
25/03/2026,Carbonhalo Pty Ltd,20,KACCU
25/03/2026,"Climate Impact Partners, LLC","13,121",CER
23/03/2026,Global Environmental Markets Pty Ltd,285,CER
23/03/2026,Carbon Financial Services Pty. Ltd.,"54,030",CER
20/03/2026,Tasman Environmental Markets Australia Pty Ltd,"2,910",KACCU
20/03/2026,Tasman Environmental Markets Australia Pty Ltd,47,KACCU
20/03/2026,Tasman Environmental Markets Australia Pty Ltd,"1,000",KACCU
20/03/2026,Aboriginal Carbon Fund Limited,24,KACCU
20/03/2026,Tasman Environmental Markets Australia Pty Ltd,"29,100",CER
20/03/2026,"Climate Impact Partners, LLC","3,914",CER
20/03/2026,"Climate Impact Partners, LLC","2,086",CER
20/03/2026,"Climate Impact Partners, LLC","12,513",CER
20/03/2026,"Climate Impact Partners, LLC",909,CER
20/03/2026,"Climate Impact Partners, LLC","13,422",CER
19/03/2026,SOUTH POLE AUSTRALIA FINANCIAL SERVICES PTY LTD,200,KACCU
19/03/2026,SOUTH POLE AUSTRALIA FINANCIAL SERVICES PTY LTD,244,KACCU
19/03/2026,SOUTH POLE AUSTRALIA FINANCIAL SERVICES PTY LTD,267,KACCU
19/03/2026,SOUTH POLE AUSTRALIA FINANCIAL SERVICES PTY LTD,175,KACCU
19/03/2026,SOUTH POLE AUSTRALIA FINANCIAL SERVICES PTY LTD,"1,001",KACCU
19/03/2026,Tasman Environmental Markets Australia Pty Ltd,56,KACCU
18/03/2026,SOUTH POLE AUSTRALIA FINANCIAL SERVICES PTY LTD,73,KACCU
18/03/2026,SOUTH POLE AUSTRALIA FINANCIAL SERVICES PTY LTD,125,KACCU
18/03/2026,SOUTH POLE AUSTRALIA FINANCIAL SERVICES PTY LTD,56,KACCU
18/03/2026,SOUTH POLE AUSTRALIA FINANCIAL SERVICES PTY LTD,"3,000",KACCU
18/03/2026,"Climate Impact Partners, LLC","8,338",CER
18/03/2026,"Climate Impact Partners, LLC","20,000",CER
18/03/2026,"Climate Impact Partners, LLC","119,131",CER
18/03/2026,"Climate Impact Partners, LLC","2,500",CER
18/03/2026,Carbon Financial Services Pty. Ltd.,"50,780",CER
18/03/2026,Carbon Financial Services Pty. Ltd.,"50,261",CER
18/03/2026,Carbon Financial Services Pty. Ltd.,"57,314",CER
17/03/2026,Macquarie Bank Limited,"20,000",KACCU
16/03/2026,Origin Energy Electricity Limited,"3,386",KACCU
16/03/2026,Origin Energy Electricity Limited,"33,095",KACCU
16/03/2026,Origin Energy Electricity Limited,"39,801",KACCU
16/03/2026,Origin Energy Electricity Limited,"14,204",KACCU
16/03/2026,Origin Energy Electricity Limited,809,KACCU
16/03/2026,Origin Energy Electricity Limited,"1,300",KACCU
16/03/2026,Enviro-Mark Solutions Limited,51,CER
14/03/2026,"Climate Impact Partners, LLC","1,347",CER
14/03/2026,"Climate Impact Partners, LLC","4,968",CER
14/03/2026,"Climate Impact Partners, LLC","217,355",CER
13/03/2026,Kurrajong Partners Pty Ltd,"2,000",KACCU
11/03/2026,CARBON NEUTRAL PTY LTD,"1,441",KACCU
11/03/2026,Tasman Environmental Markets Australia Pty Ltd,56,KACCU
11/03/2026,VIRIDIOS CAPITAL PTY LTD,"1,400",KACCU
11/03/2026,CARBON NEUTRAL PTY LTD,70,CER
11/03/2026,CARBON NEUTRAL PTY LTD,"1,098",CER
10/03/2026,CARBON NEUTRAL PTY LTD,78,KACCU
10/03/2026,Tasman Environmental Markets Australia Pty Ltd,1,KACCU
10/03/2026,Tasman Environmental Markets Australia Pty Ltd,6,KACCU
10/03/2026,carbonhalo Pty Ltd,3,KACCU
10/03/2026,Tasman Environmental Markets Australia Pty Ltd,22,CER
10/03/2026,Tasman Environmental Markets Australia Pty Ltd,94,CER
06/03/2026,Tasman Environmental Markets Australia Pty Ltd,"2,929",KACCU
06/03/2026,"Climate Impact Partners, LLC","36,416",CER
05/03/2026,Tasman Environmental Markets Australia Pty Ltd,3,KACCU
05/03/2026,Tasman Environmental Markets Australia Pty Ltd,471,KACCU
05/03/2026,Tasman Environmental Markets Australia Pty Ltd,5,KACCU
05/03/2026,Tasman Environmental Markets Australia Pty Ltd,84,CER
05/03/2026,Tasman Environmental Markets Australia Pty Ltd,23,CER
05/03/2026,Tasman Environmental Markets Australia Pty Ltd,62,CER
05/03/2026,Tasman Environmental Markets Australia Pty Ltd,81,CER
05/03/2026,Tasman Environmental Markets Australia Pty Ltd,41,CER
05/03/2026,Tasman Environmental Markets Australia Pty Ltd,73,CER
05/03/2026,"Climate Impact Partners, LLC","2,400",CER
05/03/2026,"Climate Impact Partners, LLC","40,226",CER
05/03/2026,"Climate Impact Partners, LLC","2,350",CER
05/03/2026,"Climate Impact Partners, LLC","18,600",CER
05/03/2026,"Climate Impact Partners, LLC","7,113",CER
05/03/2026,"Climate Impact Partners, LLC","13,326",CER
04/03/2026,MITSUI & CO. (AUSTRALIA) LTD.,139,KACCU
03/03/2026,Corporate Carbon Advisory Pty Ltd,149,KACCU
03/03/2026,Kurrajong Partners Pty Ltd,"3,660",KACCU
03/03/2026,Tasman Environmental Markets Australia Pty Ltd,11,KACCU
03/03/2026,Tasman Environmental Markets Australia Pty Ltd,2,KACCU
03/03/2026,Tasman Environmental Markets Australia Pty Ltd,61,KACCU
03/03/2026,Tasman Environmental Markets Australia Pty Ltd,1,KACCU
03/03/2026,Tasman Environmental Markets Australia Pty Ltd,68,KACCU
03/03/2026,LGI Limited,693,KACCU
03/03/2026,Tasman Environmental Markets Australia Pty Ltd,33,CER
03/03/2026,Tasman Environmental Markets Australia Pty Ltd,94,CER
03/03/2026,Tasman Environmental Markets Australia Pty Ltd,194,CER
03/03/2026,Tasman Environmental Markets Australia Pty Ltd,33,CER
03/03/2026,Tasman Environmental Markets Australia Pty Ltd,22,CER
03/03/2026,Tasman Environmental Markets Australia Pty Ltd,"1,080",CER
03/03/2026,Tasman Environmental Markets Australia Pty Ltd,496,CER
27/02/2026,CLIMA SOLUTIONS PTY LTD,27,KACCU
27/02/2026,carbonhalo Pty Ltd,22,KACCU
27/02/2026,"Climate Impact Partners, LLC",479,CER
26/02/2026,ZEPHYR ENVIRONMENTAL PTY LTD,2,KACCU
26/02/2026,Tasman Environmental Markets Australia Pty Ltd,"2,758",KACCU
26/02/2026,Tasman Environmental Markets Australia Pty Ltd,"1,840",KACCU
25/02/2026,Tasman Environmental Markets Australia Pty Ltd,65,KACCU
25/02/2026,Tasman Environmental Markets Australia Pty Ltd,200,KACCU
25/02/2026,AUSTRALIAN WILDLIFE CONSERVANCY,230,KACCU
25/02/2026,Tasman Environmental Markets Australia Pty Ltd,888,KACCU
25/02/2026,Tasman Environmental Markets Australia Pty Ltd,114,CER
25/02/2026,"Climate Impact Partners, LLC","1,688",CER
25/02/2026,Tasman Environmental Markets Australia Pty Ltd,"16,881",CER
23/02/2026,CARBON NEUTRAL PTY LTD,100,KACCU
20/02/2026,Green Energy Trading Pty Ltd,1,KACCU
20/02/2026,Global Environmental Markets Pty Ltd,100,CER
20/02/2026,Global Environmental Markets Pty Ltd,100,CER
20/02/2026,Tasman Environmental Markets Australia Pty Ltd,57,CER
19/02/2026,SOUTH POLE AUSTRALIA FINANCIAL SERVICES PTY LTD,816,KACCU
19/02/2026,SOUTH POLE AUSTRALIA FINANCIAL SERVICES PTY LTD,25,KACCU
19/02/2026,SOUTH POLE AUSTRALIA FINANCIAL SERVICES PTY LTD,6,KACCU
19/02/2026,SOUTH POLE AUSTRALIA FINANCIAL SERVICES PTY LTD,209,KACCU
19/02/2026,SOUTH POLE AUSTRALIA FINANCIAL SERVICES PTY LTD,32,KACCU
19/02/2026,SOUTH POLE AUSTRALIA FINANCIAL SERVICES PTY LTD,"3,292",KACCU
19/02/2026,SOUTH POLE AUSTRALIA FINANCIAL SERVICES PTY LTD,165,KACCU
19/02/2026,Tasman Environmental Markets Australia Pty Ltd,200,KACCU
19/02/2026,Tasman Environmental Markets Australia Pty Ltd,125,KACCU
19/02/2026,Tasman Environmental Markets Australia Pty Ltd,2,KACCU
19/02/2026,Tasman Environmental Markets Australia Pty Ltd,54,CER
19/02/2026,Tasman Environmental Markets Australia Pty Ltd,"2,413",CER
19/02/2026,Tasman Environmental Markets Australia Pty Ltd,38,CER
19/02/2026,"Climate Impact Partners, LLC","3,384",CER
19/02/2026,"Climate Impact Partners, LLC","3,383",CER
19/02/2026,"Climate Impact Partners, LLC","3,384",CER
19/02/2026,"Climate Impact Partners, LLC","3,384",CER
19/02/2026,"Climate Impact Partners, LLC","3,384",CER
18/02/2026,CLIMA SOLUTIONS PTY LTD,210,KACCU
18/02/2026,GOLDEN SPUR RESOURCES PTY LTD,"1,111",KACCU
17/02/2026,Tasman Environmental Markets Australia Pty Ltd,1,KACCU
17/02/2026,Tasman Environmental Markets Australia Pty Ltd,176,KACCU
17/02/2026,Tasman Environmental Markets Australia Pty Ltd,119,KACCU
17/02/2026,Tasman Environmental Markets Australia Pty Ltd,1,KACCU
17/02/2026,Tasman Environmental Markets Australia Pty Ltd,1,KACCU
17/02/2026,Tasman Environmental Markets Australia Pty Ltd,597,CER
17/02/2026,Tasman Environmental Markets Australia Pty Ltd,405,CER
17/02/2026,Tasman Environmental Markets Australia Pty Ltd,13,CER
17/02/2026,Tasman Environmental Markets Australia Pty Ltd,20,CER
17/02/2026,Tasman Environmental Markets Australia Pty Ltd,14,CER
16/02/2026,CLIMA SOLUTIONS PTY LTD,50,KACCU
16/02/2026,Tasman Environmental Markets Australia Pty Ltd,3,KACCU
16/02/2026,Tasman Environmental Markets Australia Pty Ltd,9,KACCU
16/02/2026,Tasman Environmental Markets Australia Pty Ltd,2,KACCU
16/02/2026,Tasman Environmental Markets Australia Pty Ltd,14,KACCU
16/02/2026,NettZero Pty Ltd,109,KACCU
16/02/2026,Tasman Environmental Markets Australia Pty Ltd,62,CER
16/02/2026,Tasman Environmental Markets Australia Pty Ltd,139,CER
16/02/2026,Tasman Environmental Markets Australia Pty Ltd,29,CER
16/02/2026,Tasman Environmental Markets Australia Pty Ltd,230,CER
14/02/2026,"Climate Impact Partners, LLC","8,014",CER
13/02/2026,Tasman Environmental Markets Australia Pty Ltd,470,KACCU
13/02/2026,Tasman Environmental Markets Australia Pty Ltd,50,KACCU
13/02/2026,CLIMA SOLUTIONS PTY LTD,41,KACCU
09/02/2026,EKI Energy Services Limited,30,CER
06/02/2026,Tasman Environmental Markets Australia Pty Ltd,3,KACCU
06/02/2026,Tasman Environmental Markets Australia Pty Ltd,60,KACCU
06/02/2026,Tasman Environmental Markets Australia Pty Ltd,25,KACCU
06/02/2026,EKI Energy Services Limited,577,CER
06/02/2026,EKI Energy Services Limited,"3,000",CER
06/02/2026,EKI Energy Services Limited,"6,242",CER
06/02/2026,EKI Energy Services Limited,"7,531",CER
06/02/2026,EKI Energy Services Limited,"18,380",CER
06/02/2026,Tasman Environmental Markets Australia Pty Ltd,46,CER
06/02/2026,Tasman Environmental Markets Australia Pty Ltd,14,CER
06/02/2026,"Climate Impact Partners, LLC",299,CER
06/02/2026,"Climate Impact Partners, LLC",563,CER
06/02/2026,"Climate Impact Partners, LLC","1,899",CER
06/02/2026,"Climate Impact Partners, LLC","3,072",CER
06/02/2026,"Climate Impact Partners, LLC",241,CER
05/02/2026,Tasman Environmental Markets Australia Pty Ltd,34,KACCU
05/02/2026,Tasman Environmental Markets Australia Pty Ltd,52,KACCU
04/02/2026,Western Yalanji Aboriginal Corporation RNTBC,485,KACCU
04/02/2026,Aboriginal Carbon Fund Limited,485,KACCU
03/02/2026,Tasman Environmental Markets Australia Pty Ltd,58,KACCU
03/02/2026,Tasman Environmental Markets Australia Pty Ltd,199,KACCU
03/02/2026,Tasman Environmental Markets Australia Pty Ltd,"1,100",CER
03/02/2026,Tasman Environmental Markets Australia Pty Ltd,"3,789",CER
02/02/2026,CARBON NEUTRAL PTY LTD,45,KACCU
02/02/2026,Tasman Environmental Markets Australia Pty Ltd,11,KACCU
02/02/2026,Carbon Neutral Pty Ltd,45,CER
02/02/2026,Tasman Environmental Markets Australia Pty Ltd,46,CER
02/02/2026,Tasman Environmental Markets Australia Pty Ltd,188,CER
30/01/2026,Tasman Environmental Markets Australia Pty Ltd,"7,193",KACCU
30/01/2026,Tasman Environmental Markets Australia Pty Ltd,2,KACCU
30/01/2026,Tasman Environmental Markets Australia Pty Ltd,108,KACCU
30/01/2026,Tasman Environmental Markets Australia Pty Ltd,177,KACCU
30/01/2026,CLIMA SOLUTIONS PTY LTD,361,KACCU
30/01/2026,Tasman Environmental Markets Australia Pty Ltd,13,CER
30/01/2026,Tasman Environmental Markets Australia Pty Ltd,32,CER
30/01/2026,"Climate Impact Partners, LLC",138,CER
29/01/2026,Tasman Environmental Markets Australia Pty Ltd,31,CER
28/01/2026,Tasman Environmental Markets Australia Pty Ltd,1,KACCU
28/01/2026,Tasman Environmental Markets Australia Pty Ltd,208,KACCU
28/01/2026,Carbonhalo Pty Ltd,22,KACCU
28/01/2026,Tasman Environmental Markets Australia Pty Ltd,12,CER
28/01/2026,Tasman Environmental Markets Australia Pty Ltd,323,CER
28/01/2026,Tasman Environmental Markets Australia Pty Ltd,"4,013",CER
27/01/2026,Tasman Environmental Markets Australia Pty Ltd,80,KACCU
27/01/2026,Tasman Environmental Markets Australia Pty Ltd,489,KACCU
27/01/2026,Tasman Environmental Markets Australia Pty Ltd,"1,507",KACCU
23/01/2026,Australia Carbon Traders Pty Ltd,"4,000",KACCU
21/01/2026,Carbon Neutral Pty Ltd,303,CER
21/01/2026,Tasman Environmental Markets Australia Pty Ltd,57,CER
20/01/2026,Tasman Environmental Markets Australia Pty Ltd,10,KACCU
20/01/2026,Tasman Environmental Markets Australia Pty Ltd,6,KACCU
20/01/2026,Tasman Environmental Markets Australia Pty Ltd,12,KACCU
20/01/2026,Tasman Environmental Markets Australia Pty Ltd,34,CER
20/01/2026,Tasman Environmental Markets Australia Pty Ltd,95,CER
20/01/2026,Tasman Environmental Markets Australia Pty Ltd,187,CER
19/01/2026,CLIMA SOLUTIONS PTY LTD,14,KACCU
19/01/2026,CLIMA SOLUTIONS PTY LTD,7,KACCU
19/01/2026,CLIMA SOLUTIONS PTY LTD,90,KACCU
19/01/2026,CLIMA SOLUTIONS PTY LTD,90,KACCU
19/01/2026,CLIMA SOLUTIONS PTY LTD,90,KACCU
15/01/2026,CLIMA SOLUTIONS PTY LTD,26,KACCU
15/01/2026,CLIMA SOLUTIONS PTY LTD,180,KACCU
15/01/2026,CLIMA SOLUTIONS PTY LTD,8,KACCU
15/01/2026,Tasman Environmental Markets Australia Pty Ltd,"2,515",KACCU
15/01/2026,"Climate Impact Partners, LLC","5,000",CER
15/01/2026,"Climate Impact Partners, LLC","20,000",CER
15/01/2026,"Climate Impact Partners, LLC","5,100",CER
14/01/2026,Olkola Aboriginal Corporation,"2,751",KACCU
14/01/2026,Global Environmental Markets Pty Ltd,17,CER
14/01/2026,Global Environmental Markets Pty Ltd,17,CER
14/01/2026,Global Environmental Markets Pty Ltd,17,CER
14/01/2026,Global Environmental Markets Pty Ltd,17,CER
13/01/2026,Tasman Environmental Markets Australia Pty Ltd,373,CER
12/01/2026,Tasman Environmental Markets Australia Pty Ltd,900,KACCU
12/01/2026,Macquarie Bank Limited,148,KACCU
08/01/2026,Tasman Environmental Markets Australia Pty Ltd,"3,397",KACCU
08/01/2026,LMS Energy Pty Ltd,"2,044",KACCU
07/01/2026,Tasman Environmental Markets Australia Pty Ltd,68,KACCU
07/01/2026,Tasman Environmental Markets Australia Pty Ltd,"1,080",CER
06/01/2026,Tasman Environmental Markets Australia Pty Ltd,"1,445",KACCU
06/01/2026,Tasman Environmental Markets Australia Pty Ltd,888,CER
29/12/2025,Kilter Pty Ltd,97,KACCU
27/12/2025,EKI Energy Services Limited,"7,640",CER
26/12/2025,Carbon Estate Pty Ltd,470,KACCU
24/12/2025,POINT ZERO INTERNATIONAL PTY LTD,650,KACCU
24/12/2025,CLIMA SOLUTIONS PTY LTD,174,KACCU
24/12/2025,AMPOL ENERGY (WHOLESALE TRADING) PTY LTD,"7,118",KACCU
24/12/2025,EVERCLIME PTY LTD,"1,150",KACCU
24/12/2025,carbonhalo Pty Ltd,22,KACCU
23/12/2025,CLIMA SOLUTIONS PTY LTD,336,KACCU
23/12/2025,CLIMA SOLUTIONS PTY LTD,450,KACCU
23/12/2025,Tasman Environmental Markets Australia Pty Ltd,80,KACCU
23/12/2025,VIRIDIOS CAPITAL PTY LTD,100,KACCU
23/12/2025,Tasman Environmental Markets Australia Pty Ltd,808,KACCU
23/12/2025,Tasman Environmental Markets Australia Pty Ltd,"13,030",KACCU
23/12/2025,Global Environmental Markets Pty Ltd,"190,000",CER
22/12/2025,Tasman Environmental Markets Australia Pty Ltd,50,KACCU
22/12/2025,Tasman Environmental Markets Australia Pty Ltd,200,KACCU
22/12/2025,Tasman Environmental Markets Australia Pty Ltd,830,KACCU
22/12/2025,Tasman Environmental Markets Australia Pty Ltd,"2,599",KACCU
22/12/2025,SOUTH POLE AUSTRALIA FINANCIAL SERVICES PTY LTD,"3,262",KACCU
22/12/2025,SOUTH POLE AUSTRALIA FINANCIAL SERVICES PTY LTD,"1,176",KACCU
22/12/2025,CARBON NEUTRAL PTY LTD,378,KACCU
22/12/2025,SOUTH POLE AUSTRALIA FINANCIAL SERVICES PTY LTD,120,KACCU
22/12/2025,SOUTH POLE AUSTRALIA FINANCIAL SERVICES PTY LTD,"10,738",KACCU
22/12/2025,Tasman Environmental Markets Australia Pty Ltd,50,KACCU
22/12/2025,CARBON NEUTRAL PTY LTD,258,CER
22/12/2025,CARBON NEUTRAL PTY LTD,"1,254",CER
22/12/2025,Tasman Environmental Markets Australia Pty Ltd,"1,100",CER
21/12/2025,GOLDEN SPUR RESOURCES PTY LTD,"3,995",KACCU
19/12/2025,CANOPY NATURE BASED SOLUTIONS PTY LTD,714,KACCU
19/12/2025,Tasman Environmental Markets Australia Pty Ltd,347,KACCU
19/12/2025,Aboriginal Carbon Fund Limited,174,KACCU
19/12/2025,Terra Carbon Pty Limited,"2,131",KACCU
19/12/2025,Tasman Environmental Markets Australia Pty Ltd,131,KACCU
19/12/2025,Tasman Environmental Markets Australia Pty Ltd,100,KACCU
19/12/2025,Tasman Environmental Markets Australia Pty Ltd,111,KACCU
19/12/2025,Tasman Environmental Markets Australia Pty Ltd,6,KACCU
19/12/2025,POINT ZERO INTERNATIONAL PTY LTD,"3,215",KACCU
19/12/2025,POINT ZERO INTERNATIONAL PTY LTD,"3,000",KACCU
19/12/2025,VIRIDIOS CAPITAL PTY LTD,120,KACCU
19/12/2025,Global Environmental Markets Pty Ltd,1,CER
19/12/2025,CARBON NEUTRAL PTY LTD,"7,000",CER
19/12/2025,Tasman Environmental Markets Australia Pty Ltd,413,CER
19/12/2025,Tasman Environmental Markets Australia Pty Ltd,254,CER
19/12/2025,Tasman Environmental Markets Australia Pty Ltd,"2,106",CER
19/12/2025,Tasman Environmental Markets Australia Pty Ltd,90,CER
18/12/2025,CLIMA SOLUTIONS PTY LTD,80,KACCU
18/12/2025,SOUTH POLE AUSTRALIA FINANCIAL SERVICES PTY LTD,127,KACCU
18/12/2025,Aboriginal Carbon Fund Limited,100,KACCU
18/12/2025,VIRGIN AUSTRALIA AIRLINES PTY LTD,443,KACCU
18/12/2025,Aboriginal Carbon Fund Limited,253,KACCU
18/12/2025,Aboriginal Carbon Fund Limited,150,KACCU
18/12/2025,REGENCO PTY LTD,50,KACCU
18/12/2025,REGENCO PTY LTD,50,KACCU
18/12/2025,MTA Energy Pty Ltd,51,KACCU
18/12/2025,Tasman Environmental Markets Australia Pty Ltd,986,KACCU
18/12/2025,Viva Energy Australia Ltd,"1,317",KACCU
17/12/2025,CARBON NEUTRAL PTY LTD,192,KACCU
17/12/2025,Tasman Environmental Markets Australia Pty Ltd,250,KACCU
17/12/2025,Tasman Environmental Markets Australia Pty Ltd,660,KACCU
17/12/2025,Kurrajong Partners Pty Ltd,"4,424",KACCU
17/12/2025,VIRGIN AUSTRALIA AIRLINES PTY LTD,333,KACCU
17/12/2025,CLIMA SOLUTIONS PTY LTD,612,KACCU
17/12/2025,SOUTH POLE AUSTRALIA FINANCIAL SERVICES PTY LTD,200,KACCU
17/12/2025,VIRIDIOS CAPITAL PTY LTD,260,KACCU
17/12/2025,Virgin Australia Airlines Pty Ltd,"1,112",CER
16/12/2025,Tasman Environmental Markets Australia Pty Ltd,50,KACCU
16/12/2025,Aboriginal Carbon Fund Limited,90,KACCU
16/12/2025,CLIMA SOLUTIONS PTY LTD,78,KACCU
16/12/2025,Enviro-Mark Solutions Limited,9,CER
15/12/2025,Tasman Environmental Markets Australia Pty Ltd,"1,700",KACCU
15/12/2025,Terra Carbon Pty Limited,"1,000",KACCU
15/12/2025,CLIMA SOLUTIONS PTY LTD,"1,100",KACCU
15/12/2025,CLIMA SOLUTIONS PTY LTD,26,KACCU
15/12/2025,Tasman Environmental Markets Australia Pty Ltd,2,KACCU
15/12/2025,Tasman Environmental Markets Australia Pty Ltd,64,CER
15/12/2025,Tasman Environmental Markets Australia Pty Ltd,29,CER
12/12/2025,Westpac Banking Corporation,"2,869",KACCU
12/12/2025,Commonwealth Bank of Australia,57,KACCU
12/12/2025,Commonwealth Bank of Australia,56,KACCU
12/12/2025,VIRIDIOS CAPITAL PTY LTD,632,KACCU
12/12/2025,VIRIDIOS CAPITAL PTY LTD,"1,088",KACCU
11/12/2025,SOUTH POLE AUSTRALIA FINANCIAL SERVICES PTY LTD,200,KACCU
11/12/2025,CARBON NEUTRAL PTY LTD,310,KACCU
11/12/2025,VIRIDIOS CAPITAL PTY LTD,"1,200",KACCU
11/12/2025,Aboriginal Carbon Fund Limited,50,KACCU
11/12/2025,Aboriginal Carbon Fund Limited,124,KACCU
10/12/2025,ZEPHYR ENVIRONMENTAL PTY LTD,28,KACCU
10/12/2025,Waste Assets Management Corporation,25,KACCU
10/12/2025,Commonwealth Bank of Australia,66,KACCU
10/12/2025,Commonwealth Bank of Australia,142,KACCU
10/12/2025,Commonwealth Bank of Australia,58,KACCU
10/12/2025,Commonwealth Bank of Australia,66,KACCU
10/12/2025,Commonwealth Bank of Australia,142,KACCU
10/12/2025,Commonwealth Bank of Australia,57,KACCU
09/12/2025,CANOPY NATURE BASED SOLUTIONS PTY LTD,200,KACCU
09/12/2025,Aboriginal Carbon Fund Limited,500,KACCU
09/12/2025,CLIMA SOLUTIONS PTY LTD,110,KACCU
09/12/2025,Aboriginal Carbon Fund Limited,500,KACCU
09/12/2025,GONDWANA CARBON PTY LTD,20,KACCU
09/12/2025,Global Environmental Markets Pty Ltd,1,CER
09/12/2025,Tasman Environmental Markets Australia Pty Ltd,26,CER
09/12/2025,Tasman Environmental Markets Australia Pty Ltd,20,CER
08/12/2025,CARBON NEUTRAL PTY LTD,100,KACCU
08/12/2025,AUSTRALIA AND NEW ZEALAND BANKING GROUP LTD,"6,000",KACCU
08/12/2025,Tasman Environmental Markets Australia Pty Ltd,50,KACCU
08/12/2025,Tasman Environmental Markets Australia Pty Ltd,179,KACCU
08/12/2025,Tasman Environmental Markets Australia Pty Ltd,"2,400",KACCU
08/12/2025,Tasman Environmental Markets Australia Pty Ltd,2,KACCU
08/12/2025,GOLDEN SPUR RESOURCES PTY LTD,"5,838",KACCU
08/12/2025,CARBON NEUTRAL PTY LTD,1,CER
05/12/2025,WORLD WIDE FUND FOR NATURE AUSTRALIA,607,KACCU
05/12/2025,VIRIDIOS CAPITAL PTY LTD,128,KACCU
05/12/2025,Old Mapoon Aboriginal Corporation,223,KACCU
05/12/2025,"Climate Impact Partners, LLC",44,CER
05/12/2025,"Climate Impact Partners, LLC",9,CER
05/12/2025,"Climate Impact Partners, LLC","20,000",CER
05/12/2025,"Climate Impact Partners, LLC","10,500",CER
05/12/2025,"Climate Impact Partners, LLC",750,CER
04/12/2025,Tasman Environmental Markets Australia Pty Ltd,1,KACCU
04/12/2025,Tasman Environmental Markets Australia Pty Ltd,3,KACCU
04/12/2025,Tasman Environmental Markets Australia Pty Ltd,50,KACCU
04/12/2025,Tasman Environmental Markets Australia Pty Ltd,139,KACCU
04/12/2025,VIRGIN AUSTRALIA AIRLINES PTY LTD,"7,223",KACCU
04/12/2025,Tasman Environmental Markets Australia Pty Ltd,16,CER
04/12/2025,Tasman Environmental Markets Australia Pty Ltd,"1,334",CER
04/12/2025,Tasman Environmental Markets Australia Pty Ltd,48,CER
04/12/2025,Tasman Environmental Markets Australia Pty Ltd,8,CER
03/12/2025,CLIMA SOLUTIONS PTY LTD,290,KACCU
03/12/2025,Tasman Environmental Markets Australia Pty Ltd,"8,825",KACCU
03/12/2025,NettZero Pty Ltd,366,KACCU
02/12/2025,SOUTH POLE AUSTRALIA FINANCIAL SERVICES PTY LTD,"2,895",KACCU
02/12/2025,VIRIDIOS CAPITAL PTY LTD,100,KACCU
02/12/2025,ENERGYLINK SERVICES PTY LTD,112,KACCU
01/12/2025,ANTHESIS CARBON PTY LTD,"3,135",KACCU
01/12/2025,ANTHESIS CARBON PTY LTD,226,KACCU
01/12/2025,ANTHESIS CARBON PTY LTD,772,KACCU
01/12/2025,Global Environmental Markets Pty Ltd,1,CER
28/11/2025,GOLDEN SPUR RESOURCES PTY LTD,"22,701",KACCU
28/11/2025,carbonhalo Pty Ltd,22,KACCU
28/11/2025,Aboriginal Carbon Fund Limited,40,KACCU
28/11/2025,Aboriginal Carbon Fund Limited,47,KACCU
28/11/2025,Global Environmental Markets Pty Ltd,1,CER
28/11/2025,Global Environmental Markets Pty Ltd,1,CER
27/11/2025,CANOPY NATURE BASED SOLUTIONS PTY LTD,"1,745",KACCU
27/11/2025,CORANGAMITE CATCHMENT MANAGEMENT AUTHORITY,100,KACCU
26/11/2025,RED ENERGY PTY. LIMITED,"4,896",KACCU
26/11/2025,VIRIDIOS CAPITAL PTY LTD,354,KACCU
26/11/2025,Tasman Environmental Markets Australia Pty Ltd,"3,224",KACCU
26/11/2025,Tasman Environmental Markets Australia Pty Ltd,"7,038",KACCU
26/11/2025,Tasman Environmental Markets Australia Pty Ltd,"2,427",KACCU
26/11/2025,Tasman Environmental Markets Australia Pty Ltd,"2,187",KACCU
26/11/2025,Tasman Environmental Markets Australia Pty Ltd,"8,955",KACCU
26/11/2025,Tasman Environmental Markets Australia Pty Ltd,200,KACCU
26/11/2025,SOUTH POLE AUSTRALIA FINANCIAL SERVICES PTY LTD,"1,534",KACCU
26/11/2025,Tasman Environmental Markets Australia Pty Ltd,735,CER
25/11/2025,CARBON NEUTRAL PTY LTD,25,KACCU
25/11/2025,Tasman Environmental Markets Australia Pty Ltd,165,KACCU
25/11/2025,SOUTH POLE AUSTRALIA FINANCIAL SERVICES PTY LTD,"15,000",KACCU
25/11/2025,SOUTH POLE AUSTRALIA FINANCIAL SERVICES PTY LTD,750,KACCU
25/11/2025,VIRIDIOS CAPITAL PTY LTD,150,KACCU
25/11/2025,CARBON NEUTRAL PTY LTD,341,CER
24/11/2025,Tasman Environmental Markets Australia Pty Ltd,57,KACCU
24/11/2025,Tasman Environmental Markets Australia Pty Ltd,2,KACCU
24/11/2025,Tasman Environmental Markets Australia Pty Ltd,1,KACCU
24/11/2025,Tasman Environmental Markets Australia Pty Ltd,1,KACCU
24/11/2025,Tasman Environmental Markets Australia Pty Ltd,1,KACCU
24/11/2025,THE UNIVERSITY OF ADELAIDE,"1,235",KACCU
24/11/2025,NettZero Pty Ltd,240,KACCU
24/11/2025,Global Environmental Markets Pty Ltd,750,CER
24/11/2025,Tasman Environmental Markets Australia Pty Ltd,35,CER
24/11/2025,Tasman Environmental Markets Australia Pty Ltd,31,CER
24/11/2025,Tasman Environmental Markets Australia Pty Ltd,24,CER
24/11/2025,Tasman Environmental Markets Australia Pty Ltd,8,CER
24/11/2025,Tasman Environmental Markets Australia Pty Ltd,22,CER
24/11/2025,Tasman Environmental Markets Australia Pty Ltd,14,CER
24/11/2025,Tasman Environmental Markets Australia Pty Ltd,93,CER
22/11/2025,"Climate Impact Partners, LLC","1,077",CER
22/11/2025,"Climate Impact Partners, LLC","1,991",CER
22/11/2025,"Climate Impact Partners, LLC",1,CER
22/11/2025,"Climate Impact Partners, LLC",400,CER
21/11/2025,Tasman Environmental Markets Australia Pty Ltd,"10,000",KACCU
21/11/2025,Tasman Environmental Markets Australia Pty Ltd,739,KACCU
21/11/2025,Tasman Environmental Markets Australia Pty Ltd,167,KACCU
21/11/2025,Tasman Environmental Markets Australia Pty Ltd,44,KACCU
21/11/2025,Tasman Environmental Markets Australia Pty Ltd,20,KACCU
21/11/2025,Tasman Environmental Markets Australia Pty Ltd,30,KACCU
21/11/2025,Tasman Environmental Markets Australia Pty Ltd,208,KACCU
21/11/2025,Pastoral Partners Australia Trusco Pty Limited as Trustee for Pastoral Partners Australia Trust,"3,545",KACCU
21/11/2025,CARBON NEUTRAL PTY LTD,683,KACCU
21/11/2025,Tasman Environmental Markets Australia Pty Ltd,1,KACCU
21/11/2025,CARBON NEUTRAL PTY LTD,709,CER
21/11/2025,Tasman Environmental Markets Australia Pty Ltd,9,CER
21/11/2025,Tasman Environmental Markets Australia Pty Ltd,39,CER
20/11/2025,Tasman Environmental Markets Australia Pty Ltd,50,KACCU
20/11/2025,Tasman Environmental Markets Australia Pty Ltd,283,KACCU
19/11/2025,SOUTH POLE AUSTRALIA FINANCIAL SERVICES PTY LTD,147,KACCU
19/11/2025,SOUTH POLE AUSTRALIA FINANCIAL SERVICES PTY LTD,430,KACCU
19/11/2025,GOLDEN SPUR RESOURCES PTY LTD,1,KACCU
19/11/2025,Tasman Environmental Markets Australia Pty Ltd,299,KACCU
18/11/2025,Tasman Environmental Markets Australia Pty Ltd,"5,655",KACCU
18/11/2025,Tasman Environmental Markets Australia Pty Ltd,4,KACCU
18/11/2025,Tasman Environmental Markets Australia Pty Ltd,24,KACCU
18/11/2025,Global Environmental Markets Pty Ltd,1,CER
18/11/2025,Global Environmental Markets Pty Ltd,1,CER
18/11/2025,Tasman Environmental Markets Australia Pty Ltd,158,CER
18/11/2025,Tasman Environmental Markets Australia Pty Ltd,422,CER
17/11/2025,CARBON NEUTRAL PTY LTD,213,KACCU
17/11/2025,CARBON NEUTRAL PTY LTD,350,KACCU
17/11/2025,CARBON NEUTRAL PTY LTD,25,KACCU
17/11/2025,Commonwealth Bank of Australia,"3,000",KACCU
17/11/2025,Macquarie Bank Limited,"1,101",KACCU
17/11/2025,CARBON NEUTRAL PTY LTD,52,KACCU
17/11/2025,Tasman Environmental Markets Australia Pty Ltd,"3,600",KACCU
17/11/2025,Tasman Environmental Markets Australia Pty Ltd,284,KACCU
17/11/2025,Tasman Environmental Markets Australia Pty Ltd,800,KACCU
17/11/2025,Climate Friendly Pty Ltd,50,KACCU
17/11/2025,EKI Energy Services Limited,500,CER
17/11/2025,EKI Energy Services Limited,"3,000",CER
17/11/2025,EKI Energy Services Limited,"3,500",CER
17/11/2025,EKI Energy Services Limited,"5,302",CER
17/11/2025,EKI Energy Services Limited,"12,000",CER
13/11/2025,CLIMA SOLUTIONS PTY LTD,755,KACCU
13/11/2025,NettZero Pty Ltd,41,KACCU
13/11/2025,Enviro-Mark Solutions Limited,"1,058",CER
13/11/2025,Enviro-Mark Solutions Limited,"1,489",CER
12/11/2025,CLIMA SOLUTIONS PTY LTD,15,KACCU
12/11/2025,Global Environmental Markets Pty Ltd,"27,260",CER
11/11/2025,Tasman Environmental Markets Australia Pty Ltd,10,KACCU
11/11/2025,Tasman Environmental Markets Australia Pty Ltd,160,CER
07/11/2025,WASTE ASSETS MANAGEMENT CORPORATION,"1,107",KACCU
07/11/2025,WASTE ASSETS MANAGEMENT CORPORATION,"1,506",KACCU
06/11/2025,FIRST NATIONS CARBON BROKING PTY LTD,10,KACCU
06/11/2025,FIRST NATIONS CARBON BROKING PTY LTD,10,KACCU
06/11/2025,FIRST NATIONS CARBON BROKING PTY LTD,5,KACCU
06/11/2025,FIRST NATIONS CARBON BROKING PTY LTD,5,KACCU
06/11/2025,Perenia Pty Ltd,500,CER
05/11/2025,NettZero Pty Ltd,173,KACCU
05/11/2025,Tasman Environmental Markets Australia Pty Ltd,27,CER
05/11/2025,REGENCO PROJECTS PTY LTD,42,KACCU
05/11/2025,Tasman Environmental Markets Australia Pty Ltd,420,KACCU
04/11/2025,CARBON NEUTRAL PTY LTD,300,KACCU
01/11/2025,"Climate Impact Partners, LLC",911,CER
31/10/2025,Aboriginal Carbon Fund Limited,"5,000",KACCU
31/10/2025,COLES ENVIRONMENTAL SERVICES PTY LTD,"12,644",KACCU
31/10/2025,Carbonhalo Pty Ltd,31,KACCU
31/10/2025,AUSTRALIAN CARBON REDUCTION COLLECTIVE PTY LTD,48,KACCU
31/10/2025,Tasman Environmental Markets Australia Pty Ltd,8,CER
31/10/2025,Tasman Environmental Markets Australia Pty Ltd,1,KACCU
30/10/2025,Tasman Environmental Markets Australia Pty Ltd,9,CER
30/10/2025,Tasman Environmental Markets Australia Pty Ltd,1,KACCU
30/10/2025,Tasman Environmental Markets Australia Pty Ltd,72,CER
30/10/2025,Tasman Environmental Markets Australia Pty Ltd,4,KACCU
29/10/2025,CARBON NEUTRAL PTY LTD,231,KACCU
29/10/2025,Terra Carbon Pty Limited,600,KACCU
29/10/2025,The University of Melbourne,"76,000",KACCU
29/10/2025,Tasman Environmental Markets Australia Pty Ltd,50,KACCU
29/10/2025,Tasman Environmental Markets Australia Pty Ltd,47,KACCU
29/10/2025,Tasman Environmental Markets Australia Pty Ltd,21,CER
29/10/2025,Tasman Environmental Markets Australia Pty Ltd,67,CER
29/10/2025,Tasman Environmental Markets Australia Pty Ltd,4,KACCU
28/10/2025,Tasman Environmental Markets Australia Pty Ltd,200,KACCU
28/10/2025,Carbonhalo Pty Ltd,22,KACCU
28/10/2025,VIRIDIOS CAPITAL PTY LTD,100,KACCU
27/10/2025,Global Environmental Markets Pty Ltd,1,CER
24/10/2025,Global Environmental Markets Pty Ltd,1,CER
24/10/2025,Kurrajong Partners Pty Ltd,553,KACCU
24/10/2025,Tasman Environmental Markets Australia Pty Ltd,417,KACCU
24/10/2025,Tasman Environmental Markets Australia Pty Ltd,320,KACCU
24/10/2025,WeAct Pty Ltd,805,KACCU
23/10/2025,Tasman Environmental Markets Australia Pty Ltd,"1,001",KACCU
23/10/2025,Tasman Environmental Markets Australia Pty Ltd,543,KACCU
23/10/2025,PERSPEKTIV AUSTRALIA PTY LTD,56,KACCU
23/10/2025,PERSPEKTIV AUSTRALIA PTY LTD,36,KACCU
23/10/2025,PERSPEKTIV AUSTRALIA PTY LTD,1,KACCU
22/10/2025,VIRIDIOS CAPITAL PTY LTD,88,KACCU
22/10/2025,Tasman Environmental Markets Australia Pty Ltd,50,KACCU
22/10/2025,Tasman Environmental Markets Australia Pty Ltd,20,CER
22/10/2025,Tasman Environmental Markets Australia Pty Ltd,1,KACCU
22/10/2025,Tasman Environmental Markets Australia Pty Ltd,6,KACCU
22/10/2025,Tasman Environmental Markets Australia Pty Ltd,93,CER
22/10/2025,Tasman Environmental Markets Australia Pty Ltd,15,KACCU
21/10/2025,"Climate Impact Partners, LLC","1,430",CER
21/10/2025,"Climate Impact Partners, LLC",300,CER
21/10/2025,"Climate Impact Partners, LLC",2,CER
20/10/2025,Tasman Environmental Markets Australia Pty Ltd,106,KACCU
20/10/2025,CANOPY NATURE BASED SOLUTIONS PTY LTD,"9,794",KACCU
17/10/2025,Aboriginal Carbon Fund Limited,516,KACCU
16/10/2025,Aboriginal Carbon Fund Limited,100,KACCU
16/10/2025,Tasman Environmental Markets Australia Pty Ltd,341,CER
16/10/2025,Tasman Environmental Markets Australia Pty Ltd,779,KACCU
15/10/2025,South Pole Australia Financial Services Pty Ltd,"11,184",KACCU
15/10/2025,Tasman Environmental Markets Australia Pty Ltd,21,CER
14/10/2025,Global Environmental Markets Pty Ltd,"99,999",CER
14/10/2025,Tasman Environmental Markets Australia Pty Ltd,70,KACCU
14/10/2025,Viva Energy Australia Ltd,"2,500",KACCU
13/10/2025,MULGA AG CO PTY LTD,"4,914",KACCU
10/10/2025,Tasman Environmental Markets Australia Pty Ltd,14,KACCU
10/10/2025,Commonwealth Bank of Australia,"11,500",KACCU
09/10/2025,Global Environmental Markets Pty Ltd,"1,260",CER
09/10/2025,Terra Carbon Pty Limited,366,KACCU
09/10/2025,"Climate Impact Partners, LLC",230,CER
09/10/2025,"Climate Impact Partners, LLC",100,CER
09/10/2025,"Climate Impact Partners, LLC",231,CER
09/10/2025,"Climate Impact Partners, LLC","6,004",CER
09/10/2025,"Climate Impact Partners, LLC",100,CER
09/10/2025,"Climate Impact Partners, LLC",75,CER
07/10/2025,Global Environmental Markets Pty Ltd,1,CER
07/10/2025,Macquarie Bank Limited,171,KACCU
07/10/2025,Tasman Environmental Markets Australia Pty Ltd,100,KACCU
03/10/2025,Tasman Environmental Markets Australia Pty Ltd,"3,400",KACCU
02/10/2025,THE UNIVERSITY OF ADELAIDE,"25,009",KACCU
01/10/2025,Tasman Environmental Markets Australia Pty Ltd,7,KACCU
01/10/2025,Tasman Environmental Markets Australia Pty Ltd,124,CER
30/09/2025,Terra Carbon Pty Limited,870,KACCU
29/09/2025,Tasman Environmental Markets Australia Pty Ltd,"4,170",KACCU
29/09/2025,MULGA AG CO PTY LTD,"16,799",KACCU
26/09/2025,Carbonhalo Pty Ltd,22,KACCU
25/09/2025,Aboriginal Carbon Fund Limited,140,KACCU
25/09/2025,Tasman Environmental Markets Australia Pty Ltd,221,CER
25/09/2025,Tasman Environmental Markets Australia Pty Ltd,14,KACCU
23/09/2025,Northmore Gordon Environmental Pty Ltd,11,KACCU
23/09/2025,Terra Carbon Pty Limited,311,KACCU
23/09/2025,Terra Carbon Pty Limited,285,KACCU
22/09/2025,South Pole Australia Financial Services Pty Ltd,255,KACCU
19/09/2025,Commonwealth Bank of Australia,65,KACCU
19/09/2025,Tasman Environmental Markets Australia Pty Ltd,"1,636",KACCU
19/09/2025,Global Environmental Markets Pty Ltd,1,CER
19/09/2025,Global Environmental Markets Pty Ltd,19,CER
19/09/2025,Global Environmental Markets Pty Ltd,1,CER
18/09/2025,Tasman Environmental Markets Australia Pty Ltd,331,CER
18/09/2025,Tasman Environmental Markets Australia Pty Ltd,260,KACCU
18/09/2025,Tasman Environmental Markets Australia Pty Ltd,"4,175",CER
16/09/2025,Boral Limited,150,KACCU
16/09/2025,International Power (Energy) Pty Ltd,"2,000",KACCU
16/09/2025,International Power (Energy) Pty Ltd,"6,000",KACCU
16/09/2025,Tasman Environmental Markets Australia Pty Ltd,1,KACCU
16/09/2025,Clean Energy Finance Corporation,"4,046",KACCU
12/09/2025,Aboriginal Carbon Fund Limited,40,KACCU
11/09/2025,Enviro-Mark Solutions Limited,40,CER
09/09/2025,Enviro-Mark Solutions Limited,408,CER
08/09/2025,CARBON NEUTRAL PTY LTD,206,KACCU
08/09/2025,Tasman Environmental Markets Australia Pty Ltd,2,KACCU
08/09/2025,Tasman Environmental Markets Australia Pty Ltd,35,CER
08/09/2025,FIRST NATIONS CARBON BROKING PTY LTD,"1,700",KACCU
05/09/2025,HOBART INTERNATIONAL AIRPORT PTY LIMITED,888,KACCU
04/09/2025,Regenco Pty Ltd,105,KACCU
03/09/2025,Tasman Environmental Markets Australia Pty Ltd,390,CER
03/09/2025,Tasman Environmental Markets Australia Pty Ltd,115,KACCU
03/09/2025,Tasman Environmental Markets Australia Pty Ltd,414,CER
03/09/2025,Tasman Environmental Markets Australia Pty Ltd,122,KACCU
03/09/2025,VIRIDIOS CAPITAL PTY LTD,10,KACCU
02/09/2025,ENERGYLINK SERVICES PTY LTD,293,CER
02/09/2025,Tasman Environmental Markets Australia Pty Ltd,15,CER
02/09/2025,Tasman Environmental Markets Australia Pty Ltd,110,KACCU
02/09/2025,Tasman Environmental Markets Australia Pty Ltd,511,CER
01/09/2025,FIRST NATIONS CARBON BROKING PTY LTD,200,KACCU
29/08/2025,Australia and New Zealand Banking Group Limited,350,KACCU
29/08/2025,Australia and New Zealand Banking Group Limited,"6,940",KACCU
29/08/2025,Corporate Carbon Advisory Pty Ltd,199,KACCU
29/08/2025,Tasman Environmental Markets Australia Pty Ltd,35,CER
29/08/2025,Tasman Environmental Markets Australia Pty Ltd,65,KACCU
29/08/2025,Tasman Environmental Markets Australia Pty Ltd,42,CER
29/08/2025,Tasman Environmental Markets Australia Pty Ltd,3,KACCU
28/08/2025,Australia and New Zealand Banking Group Limited,"8,663",KACCU
28/08/2025,Carbonhalo Pty Ltd,22,KACCU
27/08/2025,Australia and New Zealand Banking Group Limited,"5,000",KACCU
27/08/2025,Tasman Environmental Markets Australia Pty Ltd,10,CER
27/08/2025,Tasman Environmental Markets Australia Pty Ltd,1,KACCU
26/08/2025,Tasman Environmental Markets Australia Pty Ltd,"1,787",CER
25/08/2025,Tasman Environmental Markets Australia Pty Ltd,718,KACCU
25/08/2025,Tasman Environmental Markets Australia Pty Ltd,20,KACCU
25/08/2025,Tasman Environmental Markets Australia Pty Ltd,473,KACCU
25/08/2025,Tasman Environmental Markets Australia Pty Ltd,436,KACCU
25/08/2025,Tasman Environmental Markets Australia Pty Ltd,"4,273",KACCU
25/08/2025,Tasman Environmental Markets Australia Pty Ltd,187,KACCU
25/08/2025,Tasman Environmental Markets Australia Pty Ltd,86,KACCU
22/08/2025,Old Mapoon Aboriginal Corporation,155,KACCU
22/08/2025,Carbon Financial Services Pty. Ltd.,2,KACCU
22/08/2025,Carbon Financial Services Pty. Ltd.,2,KACCU
22/08/2025,Carbon Financial Services Pty. Ltd.,13,KACCU
22/08/2025,Carbon Financial Services Pty. Ltd.,20,KACCU
22/08/2025,Carbon Financial Services Pty. Ltd.,44,KACCU
22/08/2025,Carbon Financial Services Pty. Ltd.,13,KACCU
22/08/2025,Carbon Financial Services Pty. Ltd.,123,KACCU
22/08/2025,Carbon Financial Services Pty. Ltd.,19,KACCU
22/08/2025,Carbon Financial Services Pty. Ltd.,44,KACCU
22/08/2025,Carbon Financial Services Pty. Ltd.,233,KACCU
22/08/2025,Carbon Financial Services Pty. Ltd.,10,KACCU
21/08/2025,Global Environmental Markets Pty Ltd,1,CER
21/08/2025,Global Environmental Markets Pty Ltd,12,CER
21/08/2025,Tasman Environmental Markets Australia Pty Ltd,10,KACCU
21/08/2025,Tasman Environmental Markets Australia Pty Ltd,170,CER
21/08/2025,Tasman Environmental Markets Australia Pty Ltd,370,KACCU
21/08/2025,AURECON AUSTRALASIA PTY LTD,"1,946",KACCU
20/08/2025,Commonwealth Bank of Australia,33,KACCU
20/08/2025,CARBON NEUTRAL PTY LTD,46,KACCU
20/08/2025,Commonwealth Bank of Australia,41,KACCU
20/08/2025,Commonwealth Bank of Australia,448,KACCU
20/08/2025,Commonwealth Bank of Australia,47,KACCU
20/08/2025,Commonwealth Bank of Australia,992,KACCU
20/08/2025,Commonwealth Bank of Australia,421,KACCU
20/08/2025,Commonwealth Bank of Australia,223,KACCU
20/08/2025,Commonwealth Bank of Australia,951,KACCU
20/08/2025,Commonwealth Bank of Australia,783,KACCU
20/08/2025,South Pole Australia Financial Services Pty Ltd,47,KACCU
20/08/2025,Commonwealth Bank of Australia,118,KACCU
20/08/2025,Commonwealth Bank of Australia,"2,760",KACCU
20/08/2025,Commonwealth Bank of Australia,70,KACCU
20/08/2025,VIRIDIOS CAPITAL PTY LTD,370,KACCU
20/08/2025,Commonwealth Bank of Australia,703,KACCU
20/08/2025,Commonwealth Bank of Australia,202,KACCU
20/08/2025,Commonwealth Bank of Australia,257,KACCU
20/08/2025,South Pole Australia Financial Services Pty Ltd,158,KACCU
20/08/2025,South Pole Australia Financial Services Pty Ltd,36,KACCU
20/08/2025,South Pole Australia Financial Services Pty Ltd,169,KACCU
20/08/2025,South Pole Australia Financial Services Pty Ltd,22,KACCU
20/08/2025,South Pole Australia Financial Services Pty Ltd,161,KACCU
20/08/2025,South Pole Australia Financial Services Pty Ltd,71,KACCU
20/08/2025,South Pole Australia Financial Services Pty Ltd,154,KACCU
20/08/2025,South Pole Australia Financial Services Pty Ltd,124,KACCU
19/08/2025,EKI Energy Services Limited,278,CER
19/08/2025,EKI Energy Services Limited,500,CER
19/08/2025,EKI Energy Services Limited,"3,000",CER
19/08/2025,EKI Energy Services Limited,"2,500",CER
19/08/2025,EKI Energy Services Limited,"5,302",CER
19/08/2025,EKI Energy Services Limited,"12,000",CER
19/08/2025,Virgin Australia Airlines Pty Ltd,201,KACCU
19/08/2025,Commonwealth Bank of Australia,72,KACCU
19/08/2025,Tasman Environmental Markets Australia Pty Ltd,30,CER
19/08/2025,Tasman Environmental Markets Australia Pty Ltd,2,KACCU
19/08/2025,Tasman Environmental Markets Australia Pty Ltd,45,CER
19/08/2025,Tasman Environmental Markets Australia Pty Ltd,48,CER
19/08/2025,Tasman Environmental Markets Australia Pty Ltd,3,KACCU
19/08/2025,Tasman Environmental Markets Australia Pty Ltd,78,CER
19/08/2025,Tasman Environmental Markets Australia Pty Ltd,5,KACCU
19/08/2025,Commonwealth Bank of Australia,303,KACCU
19/08/2025,Commonwealth Bank of Australia,49,KACCU
19/08/2025,Commonwealth Bank of Australia,38,KACCU
19/08/2025,Commonwealth Bank of Australia,"1,147",KACCU
19/08/2025,Commonwealth Bank of Australia,18,KACCU
19/08/2025,South Pole Australia Financial Services Pty Ltd,365,KACCU
19/08/2025,South Pole Australia Financial Services Pty Ltd,671,KACCU
19/08/2025,South Pole Australia Financial Services Pty Ltd,13,KACCU
19/08/2025,South Pole Australia Financial Services Pty Ltd,64,KACCU
19/08/2025,South Pole Australia Financial Services Pty Ltd,67,KACCU
19/08/2025,South Pole Australia Financial Services Pty Ltd,56,KACCU
19/08/2025,South Pole Australia Financial Services Pty Ltd,97,KACCU
19/08/2025,South Pole Australia Financial Services Pty Ltd,857,KACCU
19/08/2025,South Pole Australia Financial Services Pty Ltd,196,KACCU
19/08/2025,South Pole Australia Financial Services Pty Ltd,893,KACCU
19/08/2025,South Pole Australia Financial Services Pty Ltd,44,KACCU
19/08/2025,South Pole Australia Financial Services Pty Ltd,486,KACCU
19/08/2025,South Pole Australia Financial Services Pty Ltd,78,KACCU
19/08/2025,South Pole Australia Financial Services Pty Ltd,83,KACCU
19/08/2025,South Pole Australia Financial Services Pty Ltd,45,KACCU
18/08/2025,Tasman Environmental Markets Australia Pty Ltd,326,KACCU
18/08/2025,Tasman Environmental Markets Australia Pty Ltd,684,KACCU
18/08/2025,Tasman Environmental Markets Australia Pty Ltd,60,CER
18/08/2025,Tasman Environmental Markets Australia Pty Ltd,5,KACCU
18/08/2025,Tasman Environmental Markets Australia Pty Ltd,165,CER
18/08/2025,Tasman Environmental Markets Australia Pty Ltd,88,CER
18/08/2025,Tasman Environmental Markets Australia Pty Ltd,6,KACCU
18/08/2025,Tasman Environmental Markets Australia Pty Ltd,90,KACCU
18/08/2025,Tasman Environmental Markets Australia Pty Ltd,16,KACCU
18/08/2025,Tasman Environmental Markets Australia Pty Ltd,250,CER
18/08/2025,Tasman Environmental Markets Australia Pty Ltd,234,CER
16/08/2025,South Pole Australia Financial Services Pty Ltd,4,KACCU
16/08/2025,South Pole Australia Financial Services Pty Ltd,348,KACCU
16/08/2025,South Pole Australia Financial Services Pty Ltd,20,KACCU
16/08/2025,South Pole Australia Financial Services Pty Ltd,600,KACCU
16/08/2025,South Pole Australia Financial Services Pty Ltd,651,KACCU
16/08/2025,South Pole Australia Financial Services Pty Ltd,"2,263",KACCU
16/08/2025,South Pole Australia Financial Services Pty Ltd,444,KACCU
15/08/2025,Tasman Environmental Markets Australia Pty Ltd,272,KACCU
15/08/2025,Tasman Environmental Markets Australia Pty Ltd,23,CER
15/08/2025,Tasman Environmental Markets Australia Pty Ltd,1,KACCU
15/08/2025,Tasman Environmental Markets Australia Pty Ltd,6,CER
15/08/2025,CARBON NEUTRAL PTY LTD,35,KACCU
15/08/2025,Tasman Environmental Markets Australia Pty Ltd,194,KACCU
14/08/2025,Tasman Environmental Markets Australia Pty Ltd,200,CER
13/08/2025,CLIMA SOLUTIONS PTY LTD,"1,112",KACCU
13/08/2025,Tasman Environmental Markets Australia Pty Ltd,938,KACCU
13/08/2025,Tasman Environmental Markets Australia Pty Ltd,934,KACCU
12/08/2025,Global Environmental Markets Pty Ltd,1,CER
12/08/2025,CANOPY NATURE BASED SOLUTIONS PTY LTD,214,KACCU
12/08/2025,Global Environmental Markets Pty Ltd,24,CER
12/08/2025,Global Environmental Markets Pty Ltd,1,CER
12/08/2025,Global Environmental Markets Pty Ltd,18,CER
12/08/2025,Global Environmental Markets Pty Ltd,1,CER
12/08/2025,Carbon Financial Services Pty. Ltd.,"4,863",KACCU
12/08/2025,Tasman Environmental Markets Australia Pty Ltd,70,KACCU
12/08/2025,Tasman Environmental Markets Australia Pty Ltd,648,KACCU
12/08/2025,CANOPY NATURE BASED SOLUTIONS PTY LTD,100,KACCU
11/08/2025,Kurrajong Partners Pty Ltd,"4,986",KACCU
11/08/2025,Kurrajong Partners Pty Ltd,"1,074",KACCU
11/08/2025,CARBON NEUTRAL PTY LTD,500,CER
11/08/2025,CARBON NEUTRAL PTY LTD,"11,927",CER
11/08/2025,CARBON NEUTRAL PTY LTD,898,CER
11/08/2025,Ecovantage Pty Ltd,4,KACCU
11/08/2025,Corporate Carbon Advisory Pty Ltd,"2,862",KACCU
11/08/2025,Tasman Environmental Markets Australia Pty Ltd,1,KACCU
11/08/2025,Tasman Environmental Markets Australia Pty Ltd,15,CER
11/08/2025,Tasman Environmental Markets Australia Pty Ltd,5,KACCU
11/08/2025,Tasman Environmental Markets Australia Pty Ltd,72,CER
11/08/2025,OZWIDE FIELD SERVICES PTY LTD,"12,000",KACCU
11/08/2025,Tasman Environmental Markets Australia Pty Ltd,14,CER
07/08/2025,APA infrastructure Limited,251,KACCU
06/08/2025,Tasman Environmental Markets Australia Pty Ltd,256,KACCU
06/08/2025,Tasman Environmental Markets Australia Pty Ltd,822,CER
06/08/2025,Tasman Environmental Markets Australia Pty Ltd,51,KACCU
06/08/2025,"Climate Impact Partners, LLC","5,000",CER
06/08/2025,"Climate Impact Partners, LLC","2,000",CER
06/08/2025,"Climate Impact Partners, LLC","2,936",CER
06/08/2025,"Climate Impact Partners, LLC",747,CER
06/08/2025,"Climate Impact Partners, LLC",677,CER
06/08/2025,"Climate Impact Partners, LLC",800,CER
06/08/2025,"Climate Impact Partners, LLC",383,CER
06/08/2025,"Climate Impact Partners, LLC","6,750",CER
06/08/2025,"Climate Impact Partners, LLC",208,CER
06/08/2025,"Climate Impact Partners, LLC",307,CER
06/08/2025,"Climate Impact Partners, LLC",800,CER
06/08/2025,"Climate Impact Partners, LLC","2,524",CER
05/08/2025,Tasman Environmental Markets Australia Pty Ltd,18,CER
05/08/2025,Tasman Environmental Markets Australia Pty Ltd,10,KACCU
05/08/2025,Tasman Environmental Markets Australia Pty Ltd,3,KACCU
05/08/2025,Tasman Environmental Markets Australia Pty Ltd,53,CER
05/08/2025,Tasman Environmental Markets Australia Pty Ltd,19,CER
05/08/2025,Tasman Environmental Markets Australia Pty Ltd,1,KACCU
05/08/2025,Enviro-Mark Solutions Limited,98,CER
04/08/2025,Terra Carbon Pty Limited,155,KACCU
31/07/2025,CARBON NEUTRAL PTY LTD,19,CER
31/07/2025,Commonwealth Bank of Australia,500,KACCU
31/07/2025,Tasman Environmental Markets Australia Pty Ltd,"1,486",KACCU
31/07/2025,CARNARVON ENERGY LIMITED,13,KACCU
30/07/2025,CARBON NEUTRAL PTY LTD,300,KACCU
30/07/2025,"Climate Impact Partners, LLC","8,200",CER
30/07/2025,"Climate Impact Partners, LLC","44,411",CER
29/07/2025,Enviro-Mark Solutions Limited,20,CER
29/07/2025,Enviro-Mark Solutions Limited,50,CER
29/07/2025,Tasman Environmental Markets Australia Pty Ltd,240,KACCU
29/07/2025,Tasman Environmental Markets Australia Pty Ltd,10,KACCU
29/07/2025,Tasman Environmental Markets Australia Pty Ltd,167,CER
28/07/2025,Global Environmental Markets Pty Ltd,16,CER
28/07/2025,Global Environmental Markets Pty Ltd,151,CER
28/07/2025,Global Environmental Markets Pty Ltd,1,CER
28/07/2025,Carbonhalo Pty Ltd,22,KACCU
25/07/2025,Ecovantage Pty Ltd,15,KACCU
25/07/2025,Global Environmental Markets Pty Ltd,1,CER
25/07/2025,Global Environmental Markets Pty Ltd,9,CER
25/07/2025,Global Environmental Markets Pty Ltd,35,CER
25/07/2025,Global Environmental Markets Pty Ltd,133,CER
22/07/2025,NettZero Pty Ltd,360,KACCU
22/07/2025,Global Environmental Markets Pty Ltd,1,CER
22/07/2025,"Climate Impact Partners, LLC",4,CER
18/07/2025,CARBON NEUTRAL PTY LTD,150,KACCU
17/07/2025,ENGIE ENERGY MARKETING AUSTRALIA PTY LTD,1,KACCU
17/07/2025,ENGIE ENERGY MARKETING AUSTRALIA PTY LTD,1,KACCU
17/07/2025,Global Environmental Markets Pty Ltd,1,CER
17/07/2025,Global Environmental Markets Pty Ltd,1,CER
16/07/2025,Global Environmental Markets Pty Ltd,2,CER
16/07/2025,Global Environmental Markets Pty Ltd,7,CER
16/07/2025,Macquarie Bank Limited,"16,358",KACCU
16/07/2025,Macquarie Bank Limited,"6,067",KACCU
16/07/2025,VIRIDIOS CAPITAL PTY LTD,"1,963",KACCU
16/07/2025,Global Environmental Markets Pty Ltd,1,CER
16/07/2025,Global Environmental Markets Pty Ltd,1,CER
16/07/2025,Global Environmental Markets Pty Ltd,2,CER
16/07/2025,Global Environmental Markets Pty Ltd,17,CER
16/07/2025,"Climate Impact Partners, LLC","3,000",CER
16/07/2025,"Climate Impact Partners, LLC",120,CER
16/07/2025,"Climate Impact Partners, LLC",37,CER
16/07/2025,"Climate Impact Partners, LLC","1,750",CER
16/07/2025,"Climate Impact Partners, LLC","2,500",CER
16/07/2025,"Climate Impact Partners, LLC",613,CER
15/07/2025,CARBON NEUTRAL PTY LTD,410,CER
15/07/2025,CARBON NEUTRAL PTY LTD,70,KACCU
15/07/2025,CORANGAMITE CATCHMENT MANAGEMENT AUTHORITY,100,KACCU
14/07/2025,Tasman Environmental Markets Australia Pty Ltd,628,CER
14/07/2025,Tasman Environmental Markets Australia Pty Ltd,670,CER
14/07/2025,VIRIDIOS CAPITAL PTY LTD,169,KACCU
11/07/2025,FIRST NATIONS CARBON BROKING PTY LTD,100,KACCU
11/07/2025,GONDWANA CARBON PTY LTD,"7,991",KACCU
11/07/2025,"Climate Impact Partners, LLC","17,474",CER
09/07/2025,Department for Environment and Water,82,KACCU
09/07/2025,Kurrajong Partners Pty Ltd,330,KACCU
09/07/2025,Kurrajong Partners Pty Ltd,399,KACCU
09/07/2025,Power Product Holdings Pty Ltd,98,KACCU
08/07/2025,CLIMA SOLUTIONS PTY LTD,240,KACCU
08/07/2025,Tasman Environmental Markets Australia Pty Ltd,572,KACCU
08/07/2025,Tasman Environmental Markets Australia Pty Ltd,63,KACCU
08/07/2025,Macquarie Bank Limited,169,KACCU
08/07/2025,Aboriginal Carbon Fund Limited,48,KACCU
07/07/2025,EVERCLIME PTY LTD,400,KACCU
07/07/2025,Global Environmental Markets Pty Ltd,16,CER
07/07/2025,Tasman Environmental Markets Australia Pty Ltd,77,KACCU
07/07/2025,Global Environmental Markets Pty Ltd,20,CER
04/07/2025,GAIA INVESTMENTS (AUST) PTY LTD,30,KACCU
04/07/2025,Regenco Pty Ltd,103,KACCU
04/07/2025,Global Environmental Markets Pty Ltd,3,CER
04/07/2025,Global Environmental Markets Pty Ltd,9,CER
04/07/2025,Global Environmental Markets Pty Ltd,2,CER
04/07/2025,Global Environmental Markets Pty Ltd,12,CER
04/07/2025,Global Environmental Markets Pty Ltd,6,CER
04/07/2025,Global Environmental Markets Pty Ltd,1,CER
03/07/2025,Corporate Carbon Advisory Pty Ltd,374,KACCU
03/07/2025,Tasman Environmental Markets Australia Pty Ltd,5,KACCU
03/07/2025,Tasman Environmental Markets Australia Pty Ltd,90,CER
02/07/2025,Ecovantage Pty Ltd,"1,031",KACCU
02/07/2025,WASTE ASSETS MANAGEMENT CORPORATION,662,KACCU
01/07/2025,Tasman Environmental Markets Australia Pty Ltd,700,KACCU
01/07/2025,Tasman Environmental Markets Australia Pty Ltd,30,KACCU
01/07/2025,Global Environmental Markets Pty Ltd,1,CER
01/07/2025,Global Environmental Markets Pty Ltd,11,CER
01/07/2025,Global Environmental Markets Pty Ltd,1,CER
01/07/2025,Global Environmental Markets Pty Ltd,1,CER
01/07/2025,Global Environmental Markets Pty Ltd,1,CER
01/07/2025,Global Environmental Markets Pty Ltd,1,CER
01/07/2025,Global Environmental Markets Pty Ltd,1,CER
01/07/2025,Global Environmental Markets Pty Ltd,1,CER
01/07/2025,Global Environmental Markets Pty Ltd,1,CER
01/07/2025,Global Environmental Markets Pty Ltd,1,CER
01/07/2025,Global Environmental Markets Pty Ltd,1,CER
01/07/2025,Global Environmental Markets Pty Ltd,1,CER
01/07/2025,Global Environmental Markets Pty Ltd,12,CER
01/07/2025,Global Environmental Markets Pty Ltd,1,CER
01/07/2025,Global Environmental Markets Pty Ltd,1,CER
01/07/2025,Global Environmental Markets Pty Ltd,15,CER
01/07/2025,Global Environmental Markets Pty Ltd,8,CER
01/07/2025,Global Environmental Markets Pty Ltd,1,CER
30/06/2025,EKI Energy Services Limited,15,CER
30/06/2025,Tasman Environmental Markets Australia Pty Ltd,"23,040",CER
30/06/2025,Tasman Environmental Markets Australia Pty Ltd,"5,760",KACCU
30/06/2025,CARBON NEUTRAL PTY LTD,"5,000",CER
30/06/2025,CARBON NEUTRAL PTY LTD,185,KACCU
30/06/2025,Tasman Environmental Markets Australia Pty Ltd,7,KACCU
30/06/2025,Tasman Environmental Markets Australia Pty Ltd,110,CER
30/06/2025,Australian Wildlife Conservancy,50,KACCU
30/06/2025,POINT ZERO INTERNATIONAL PTY LTD,"3,444",KACCU
30/06/2025,POINT ZERO INTERNATIONAL PTY LTD,"3,000",KACCU
30/06/2025,IGO Better Futures Pty Ltd,"15,500",KACCU
30/06/2025,Perenia Pty Ltd,"1,030",CER
30/06/2025,Perenia Pty Ltd,736,CER
30/06/2025,Regenco Pty Ltd,46,KACCU
30/06/2025,Regenco Pty Ltd,200,KACCU
30/06/2025,Regenco Pty Ltd,67,KACCU
30/06/2025,Regenco Pty Ltd,15,KACCU
29/06/2025,TELSTRA ENERGY (GENERATION) PTY LTD,238,KACCU
27/06/2025,Green Energy Trading Pty Ltd,821,KACCU
27/06/2025,CARBON NEUTRAL PTY LTD,211,KACCU
27/06/2025,BWP MANAGEMENT LIMITED,180,KACCU
27/06/2025,Tasman Environmental Markets Australia Pty Ltd,24,KACCU
27/06/2025,Tasman Environmental Markets Australia Pty Ltd,376,CER
27/06/2025,Tasman Environmental Markets Australia Pty Ltd,"4,344",KACCU
27/06/2025,Tasman Environmental Markets Australia Pty Ltd,700,KACCU
26/06/2025,Tasman Environmental Markets Australia Pty Ltd,"1,520",KACCU
26/06/2025,Tasman Environmental Markets Australia Pty Ltd,"4,880",KACCU
26/06/2025,Woolworths Group Limited,734,KACCU
26/06/2025,Amplitude Energy Limited,"3,000",KACCU
26/06/2025,Carbonhalo Pty Ltd,22,KACCU
26/06/2025,AGL HP1 Pty Limited,"1,232",KACCU
25/06/2025,Tasman Environmental Markets Australia Pty Ltd,5,KACCU
25/06/2025,Tasman Environmental Markets Australia Pty Ltd,92,CER
25/06/2025,AURECON AUSTRALASIA PTY LTD,"5,800",KACCU
24/06/2025,Enviro-Mark Solutions Limited,2,CER
24/06/2025,CARBON NEUTRAL PTY LTD,600,CER
24/06/2025,CARBON NEUTRAL PTY LTD,600,CER
24/06/2025,Tasman Environmental Markets Australia Pty Ltd,908,KACCU
23/06/2025,CLIMA SOLUTIONS PTY LTD,5,KACCU
23/06/2025,Jeffrey John Murphy,574,KACCU
23/06/2025,Kurrajong Partners Pty Ltd,"2,000",KACCU
23/06/2025,Tasman Environmental Markets Australia Pty Ltd,370,KACCU
23/06/2025,Tasman Environmental Markets Australia Pty Ltd,370,KACCU
23/06/2025,Tasman Environmental Markets Australia Pty Ltd,46,CER
23/06/2025,South Pole Australia Financial Services Pty Ltd,346,KACCU
23/06/2025,South Pole Australia Financial Services Pty Ltd,203,KACCU
23/06/2025,South Pole Australia Financial Services Pty Ltd,215,KACCU
23/06/2025,South Pole Australia Financial Services Pty Ltd,344,KACCU
23/06/2025,"Climate Impact Partners, LLC",12,CER
23/06/2025,"Climate Impact Partners, LLC","2,000",CER
23/06/2025,"Climate Impact Partners, LLC","12,483",CER
20/06/2025,Tasman Environmental Markets Australia Pty Ltd,"4,350",KACCU
20/06/2025,VIRIDIOS CAPITAL PTY LTD,396,KACCU
18/06/2025,South Pole Australia Financial Services Pty Ltd,"2,000",KACCU
18/06/2025,CARBON NEUTRAL PTY LTD,200,KACCU
17/06/2025,VIRIDIOS CAPITAL PTY LTD,469,KACCU
17/06/2025,AGL HP1 Pty Limited,"2,512",KACCU
17/06/2025,AGL HP1 Pty Limited,51,KACCU
17/06/2025,AGL HP1 Pty Limited,4,KACCU
17/06/2025,AGL HP1 Pty Limited,32,KACCU
17/06/2025,AGL HP1 Pty Limited,233,KACCU
17/06/2025,AGL HP1 Pty Limited,"1,310",KACCU
17/06/2025,AGL HP1 Pty Limited,"2,756",KACCU
17/06/2025,Global Environmental Markets Pty Ltd,1,CER
17/06/2025,AGL HP1 Pty Limited,"10,000",KACCU
17/06/2025,AGL HP1 Pty Limited,"9,163",KACCU
17/06/2025,AGL HP1 Pty Limited,"4,477",KACCU
17/06/2025,AGL HP1 Pty Limited,"5,523",KACCU
17/06/2025,Tasman Environmental Markets Australia Pty Ltd,18,CER
16/06/2025,EKI Energy Services Limited,870,CER
16/06/2025,EKI Energy Services Limited,"1,566",CER
16/06/2025,EKI Energy Services Limited,174,CER
16/06/2025,EKI Energy Services Limited,870,CER
16/06/2025,EKI Energy Services Limited,"3,480",CER
16/06/2025,Kurrajong Partners Pty Ltd,500,KACCU
16/06/2025,Kurrajong Partners Pty Ltd,285,KACCU
16/06/2025,Tasman Environmental Markets Australia Pty Ltd,57,CER
16/06/2025,Tasman Environmental Markets Australia Pty Ltd,3,KACCU
13/06/2025,Water Corporation,"102,063",KACCU
13/06/2025,OZWIDE FIELD SERVICES PTY LTD,331,KACCU
13/06/2025,CLIMA SOLUTIONS PTY LTD,116,KACCU
12/06/2025,Harvey Industries Group Pty Ltd,979,KACCU
12/06/2025,GONDWANA CARBON PTY LTD,"13,031",KACCU
12/06/2025,Tasman Environmental Markets Australia Pty Ltd,132,KACCU
12/06/2025,Wanjina-Wunggurr (Native Title) Aboriginal Corporation RNTBC,"14,395",KACCU
12/06/2025,Wanjina-Wunggurr (Native Title) Aboriginal Corporation RNTBC,"14,394",KACCU
12/06/2025,Wanjina-Wunggurr (Native Title) Aboriginal Corporation RNTBC,"14,395",KACCU
11/06/2025,Viva Energy Australia Ltd,"2,000",KACCU
10/06/2025,Tasman Environmental Markets Australia Pty Ltd,"8,500",CER
10/06/2025,Aboriginal Carbon Fund Limited,37,KACCU
09/06/2025,Global Environmental Markets Pty Ltd,"1,500",CER
06/06/2025,IGO Better Futures Pty Ltd,"22,252",KACCU
05/06/2025,Terra Carbon Pty Ltd,"1,096",KACCU
03/06/2025,Biome 5 Pty Ltd,306,KACCU
03/06/2025,Tasman Environmental Markets Australia Pty Ltd,58,CER
03/06/2025,Tasman Environmental Markets Australia Pty Ltd,4,KACCU
03/06/2025,NettZero Pty Ltd,171,KACCU
03/06/2025,Tasman Environmental Markets Australia Pty Ltd,"6,808",KACCU
03/06/2025,Global Environmental Markets Pty Ltd,13,CER
03/06/2025,Global Environmental Markets Pty Ltd,1,CER
02/06/2025,Terra Carbon Pty Ltd,321,KACCU
02/06/2025,Boral Limited,257,KACCU
30/05/2025,VIRIDIOS CAPITAL PTY LTD,180,KACCU
30/05/2025,Tasman Environmental Markets Australia Pty Ltd,468,KACCU
30/05/2025,Tasman Environmental Markets Australia Pty Ltd,"8,899",CER
30/05/2025,GAIA INVESTMENTS (AUST) PTY LTD,4,KACCU
30/05/2025,Tasman Environmental Markets Australia Pty Ltd,65,KACCU
30/05/2025,Tasman Environmental Markets Australia Pty Ltd,500,KACCU
30/05/2025,Tasman Environmental Markets Australia Pty Ltd,390,CER
30/05/2025,Tasman Environmental Markets Australia Pty Ltd,310,KACCU
30/05/2025,Tasman Environmental Markets Australia Pty Ltd,"4,962",CER
30/05/2025,Tasman Environmental Markets Australia Pty Ltd,370,CER
30/05/2025,Tasman Environmental Markets Australia Pty Ltd,23,KACCU
30/05/2025,Tasman Environmental Markets Australia Pty Ltd,81,CER
30/05/2025,Tasman Environmental Markets Australia Pty Ltd,47,KACCU
30/05/2025,Tasman Environmental Markets Australia Pty Ltd,844,KACCU
29/05/2025,CLIMA SOLUTIONS PTY LTD,16,KACCU
28/05/2025,South Pole Australia Financial Services Pty Ltd,"4,630",KACCU
28/05/2025,Carbonhalo Pty Ltd,22,KACCU
28/05/2025,Tasman Environmental Markets Australia Pty Ltd,27,KACCU
28/05/2025,Tasman Environmental Markets Australia Pty Ltd,30,KACCU
27/05/2025,Tasman Environmental Markets Australia Pty Ltd,315,CER
26/05/2025,Tasman Environmental Markets Australia Pty Ltd,32,CER
26/05/2025,Tasman Environmental Markets Australia Pty Ltd,31,CER
26/05/2025,Tasman Environmental Markets Australia Pty Ltd,57,KACCU
26/05/2025,Global Environmental Markets Pty Ltd,18,CER
26/05/2025,Global Environmental Markets Pty Ltd,18,CER
26/05/2025,Global Environmental Markets Pty Ltd,18,CER
26/05/2025,Global Environmental Markets Pty Ltd,18,CER
26/05/2025,Global Environmental Markets Pty Ltd,18,CER
26/05/2025,Global Environmental Markets Pty Ltd,4,CER
26/05/2025,Global Environmental Markets Pty Ltd,1,CER
26/05/2025,Global Environmental Markets Pty Ltd,7,CER
26/05/2025,Global Environmental Markets Pty Ltd,1,CER
26/05/2025,Global Environmental Markets Pty Ltd,1,CER
26/05/2025,Global Environmental Markets Pty Ltd,39,CER
26/05/2025,Global Environmental Markets Pty Ltd,1,CER
26/05/2025,Global Environmental Markets Pty Ltd,1,CER
26/05/2025,Global Environmental Markets Pty Ltd,1,CER
23/05/2025,Aboriginal Carbon Fund Limited,94,KACCU
23/05/2025,GAIA INVESTMENTS (AUST) PTY LTD,35,KACCU
23/05/2025,Commonwealth Bank of Australia,289,KACCU
23/05/2025,Global Environmental Markets Pty Ltd,1,CER
23/05/2025,Global Environmental Markets Pty Ltd,1,CER
23/05/2025,Global Environmental Markets Pty Ltd,1,CER
23/05/2025,Global Environmental Markets Pty Ltd,2,CER
23/05/2025,Global Environmental Markets Pty Ltd,1,CER
23/05/2025,Global Environmental Markets Pty Ltd,1,CER
23/05/2025,Global Environmental Markets Pty Ltd,1,CER
23/05/2025,Global Environmental Markets Pty Ltd,1,CER
23/05/2025,Global Environmental Markets Pty Ltd,1,CER
23/05/2025,Global Environmental Markets Pty Ltd,7,CER
23/05/2025,Global Environmental Markets Pty Ltd,3,CER
23/05/2025,Global Environmental Markets Pty Ltd,1,CER
23/05/2025,Global Environmental Markets Pty Ltd,3,CER
23/05/2025,Global Environmental Markets Pty Ltd,3,CER
23/05/2025,Global Environmental Markets Pty Ltd,1,CER
23/05/2025,Global Environmental Markets Pty Ltd,1,CER
23/05/2025,Global Environmental Markets Pty Ltd,1,CER
23/05/2025,"Climate Impact Partners, LLC","60,000",CER
22/05/2025,"Climate Impact Partners, LLC","8,303",CER
21/05/2025,South Pole Australia Financial Services Pty Ltd,634,KACCU
21/05/2025,NettZero Pty Ltd,145,KACCU
21/05/2025,South Pole Australia Financial Services Pty Ltd,"1,815",KACCU
20/05/2025,EKI Energy Services Limited,455,CER
20/05/2025,EKI Energy Services Limited,"3,161",CER
20/05/2025,EKI Energy Services Limited,"4,926",CER
20/05/2025,EKI Energy Services Limited,"1,000",CER
20/05/2025,EKI Energy Services Limited,"2,000",CER
20/05/2025,Commonwealth Bank of Australia,870,KACCU
20/05/2025,Tasman Environmental Markets Australia Pty Ltd,"2,000",CER
20/05/2025,Tasman Environmental Markets Australia Pty Ltd,200,KACCU
20/05/2025,Bioeconomy Pte. Ltd.,1,CER
19/05/2025,EKI Energy Services Limited,"10,847",CER
19/05/2025,SOIL C QUEST 2031 LIMITED,5,KACCU
19/05/2025,Tasman Environmental Markets Australia Pty Ltd,22,KACCU
19/05/2025,Tasman Environmental Markets Australia Pty Ltd,25,CER
19/05/2025,Tasman Environmental Markets Australia Pty Ltd,1,KACCU
19/05/2025,Tasman Environmental Markets Australia Pty Ltd,320,CER
19/05/2025,Tasman Environmental Markets Australia Pty Ltd,9,KACCU
19/05/2025,Tasman Environmental Markets Australia Pty Ltd,71,CER
19/05/2025,CLIMA SOLUTIONS PTY LTD,1,KACCU
17/05/2025,"Climate Impact Partners, LLC","1,480",CER
16/05/2025,South Pole Australia Financial Services Pty Ltd,38,KACCU
16/05/2025,South Pole Australia Financial Services Pty Ltd,69,KACCU
16/05/2025,Tasman Environmental Markets Australia Pty Ltd,"1,615",KACCU
16/05/2025,Tasman Environmental Markets Australia Pty Ltd,50,KACCU
15/05/2025,Global Environmental Markets Pty Ltd,1,CER
15/05/2025,Global Environmental Markets Pty Ltd,1,CER
15/05/2025,Global Environmental Markets Pty Ltd,1,CER
15/05/2025,Global Environmental Markets Pty Ltd,1,CER
15/05/2025,Global Environmental Markets Pty Ltd,1,CER
15/05/2025,Global Environmental Markets Pty Ltd,1,CER
15/05/2025,Global Environmental Markets Pty Ltd,2,CER
15/05/2025,Global Environmental Markets Pty Ltd,1,CER
15/05/2025,Global Environmental Markets Pty Ltd,2,CER
15/05/2025,Global Environmental Markets Pty Ltd,1,CER
15/05/2025,Global Environmental Markets Pty Ltd,1,CER
15/05/2025,Global Environmental Markets Pty Ltd,2,CER
15/05/2025,Global Environmental Markets Pty Ltd,1,CER
15/05/2025,Global Environmental Markets Pty Ltd,1,CER
15/05/2025,Global Environmental Markets Pty Ltd,1,CER
15/05/2025,Global Environmental Markets Pty Ltd,3,CER
14/05/2025,"Climate Impact Partners, LLC","1,425",CER
14/05/2025,"Climate Impact Partners, LLC",693,CER
14/05/2025,"Climate Impact Partners, LLC",191,CER
14/05/2025,South Pole Australia Financial Services Pty Ltd,"2,500",KACCU
13/05/2025,Tasman Environmental Markets Australia Pty Ltd,3,KACCU
13/05/2025,Tasman Environmental Markets Australia Pty Ltd,48,CER
13/05/2025,"Climate Impact Partners, LLC",947,CER
12/05/2025,CARBON NEUTRAL PTY LTD,193,CER
12/05/2025,Strathburn Cape York Carbon Pty Ltd,320,KACCU
12/05/2025,CARBON NEUTRAL PTY LTD,193,KACCU
12/05/2025,Tasman Environmental Markets Australia Pty Ltd,138,KACCU
12/05/2025,Tasman Environmental Markets Australia Pty Ltd,"1,161",KACCU
12/05/2025,Tasman Environmental Markets Australia Pty Ltd,"2,612",KACCU
12/05/2025,Tasman Environmental Markets Australia Pty Ltd,"3,703",KACCU
12/05/2025,Tasman Environmental Markets Australia Pty Ltd,568,KACCU
12/05/2025,Tasman Environmental Markets Australia Pty Ltd,33,CER
12/05/2025,Tasman Environmental Markets Australia Pty Ltd,2,KACCU
12/05/2025,CLIMA SOLUTIONS PTY LTD,410,KACCU
11/05/2025,BJ Herington and CA Herington as the Trustees for The Herington Family Trust,9,KACCU
09/05/2025,Tasman Environmental Markets Australia Pty Ltd,"10,000",KACCU
08/05/2025,Tasman Environmental Markets Australia Pty Ltd,"1,393",KACCU
08/05/2025,Global Environmental Markets Pty Ltd,10,CER
08/05/2025,Global Environmental Markets Pty Ltd,66,CER
08/05/2025,Global Environmental Markets Pty Ltd,15,CER
08/05/2025,Global Environmental Markets Pty Ltd,30,CER
08/05/2025,Global Environmental Markets Pty Ltd,1,CER
08/05/2025,Global Environmental Markets Pty Ltd,1,CER
08/05/2025,Global Environmental Markets Pty Ltd,1,CER
08/05/2025,Global Environmental Markets Pty Ltd,1,CER
08/05/2025,Global Environmental Markets Pty Ltd,300,CER
08/05/2025,"Climate Impact Partners, LLC","2,500",CER
08/05/2025,"Climate Impact Partners, LLC","10,000",CER
07/05/2025,Tasman Environmental Markets Australia Pty Ltd,"2,000",CER
07/05/2025,Tasman Environmental Markets Australia Pty Ltd,"1,106",KACCU
07/05/2025,Carbon Financial Services Pty. Ltd.,930,KACCU
06/05/2025,VIRIDIOS CAPITAL PTY LTD,205,KACCU
06/05/2025,Tasman Environmental Markets Australia Pty Ltd,10,KACCU
05/05/2025,Tasman Environmental Markets Australia Pty Ltd,80,CER
05/05/2025,Tasman Environmental Markets Australia Pty Ltd,64,CER
05/05/2025,Tasman Environmental Markets Australia Pty Ltd,47,CER
05/05/2025,Tasman Environmental Markets Australia Pty Ltd,"1,322",CER
05/05/2025,Tasman Environmental Markets Australia Pty Ltd,26,CER
05/05/2025,Tasman Environmental Markets Australia Pty Ltd,1,KACCU
05/05/2025,OZWIDE FIELD SERVICES PTY LTD,29,KACCU
02/05/2025,Global Environmental Markets Pty Ltd,1,CER
02/05/2025,Global Environmental Markets Pty Ltd,1,CER
01/05/2025,Global Environmental Markets Pty Ltd,"1,200",CER
01/05/2025,GAIA INVESTMENTS (AUST) PTY LTD,964,KACCU
01/05/2025,Global Environmental Markets Pty Ltd,"1,200",CER
01/05/2025,GAIA INVESTMENTS (AUST) PTY LTD,964,KACCU
30/04/2025,"Climate Impact Partners, LLC",407,CER
30/04/2025,Tasman Environmental Markets Australia Pty Ltd,"8,406",KACCU
30/04/2025,Tasman Environmental Markets Australia Pty Ltd,417,KACCU
30/04/2025,CLIMA SOLUTIONS PTY LTD,375,KACCU
30/04/2025,South Pole Australia Financial Services Pty Ltd,"2,500",KACCU
30/04/2025,Aboriginal Carbon Fund Limited,100,KACCU
30/04/2025,Tasman Environmental Markets Australia Pty Ltd,282,KACCU
30/04/2025,Tasman Environmental Markets Australia Pty Ltd,168,KACCU
30/04/2025,Tasman Environmental Markets Australia Pty Ltd,"10,000",KACCU
30/04/2025,Tasman Environmental Markets Australia Pty Ltd,"1,150",KACCU
29/04/2025,Northmore Gordon Pty Ltd,150,KACCU
28/04/2025,Terra Carbon Pty Ltd,"1,012",CER
28/04/2025,Terra Carbon Pty Ltd,523,KACCU
28/04/2025,Global Environmental Markets Pty Ltd,1,CER
28/04/2025,Global Environmental Markets Pty Ltd,1,CER
28/04/2025,Global Environmental Markets Pty Ltd,1,CER
28/04/2025,Global Environmental Markets Pty Ltd,7,CER
28/04/2025,Carbonhalo Pty Ltd,22,KACCU
28/04/2025,Global Environmental Markets Pty Ltd,7,CER
28/04/2025,Global Environmental Markets Pty Ltd,1,CER
28/04/2025,Global Environmental Markets Pty Ltd,1,CER
28/04/2025,Global Environmental Markets Pty Ltd,1,CER
28/04/2025,Global Environmental Markets Pty Ltd,1,CER
28/04/2025,Global Environmental Markets Pty Ltd,1,CER
28/04/2025,Global Environmental Markets Pty Ltd,1,CER
28/04/2025,Global Environmental Markets Pty Ltd,1,CER
23/04/2025,CLIMA SOLUTIONS PTY LTD,300,KACCU
22/04/2025,Tasman Environmental Markets Australia Pty Ltd,170,CER
22/04/2025,Tasman Environmental Markets Australia Pty Ltd,11,KACCU
18/04/2025,"Climate Impact Partners, LLC",150,CER
18/04/2025,"Climate Impact Partners, LLC","2,281",CER
18/04/2025,"Climate Impact Partners, LLC","15,066",CER
18/04/2025,"Climate Impact Partners, LLC",29,CER
18/04/2025,"Climate Impact Partners, LLC",16,CER
18/04/2025,"Climate Impact Partners, LLC",48,CER
18/04/2025,"Climate Impact Partners, LLC",1,CER
18/04/2025,"Climate Impact Partners, LLC",427,CER
17/04/2025,Global Environmental Markets Pty Ltd,"1,200",CER
17/04/2025,CLIMA SOLUTIONS PTY LTD,4,KACCU
17/04/2025,Tasman Environmental Markets Australia Pty Ltd,20,KACCU
17/04/2025,Tasman Environmental Markets Australia Pty Ltd,725,CER
17/04/2025,Tasman Environmental Markets Australia Pty Ltd,"4,923",KACCU
16/04/2025,Global Environmental Markets Pty Ltd,1,CER
16/04/2025,CARBON NEUTRAL PTY LTD,681,CER
16/04/2025,NettZero Pty Ltd,100,KACCU
16/04/2025,Terra Carbon Pty Ltd,466,KACCU
16/04/2025,CLIMA SOLUTIONS PTY LTD,10,KACCU
16/04/2025,South Pole Australia Financial Services Pty Ltd,"1,200",KACCU
15/04/2025,CLIMA SOLUTIONS PTY LTD,800,KACCU
15/04/2025,Tasman Environmental Markets Australia Pty Ltd,619,KACCU
15/04/2025,CARBON NEUTRAL PTY LTD,351,KACCU
15/04/2025,CARBON NEUTRAL PTY LTD,714,CER
15/04/2025,CLIMA SOLUTIONS PTY LTD,104,KACCU
15/04/2025,Terra Carbon Pty Ltd,"4,222",KACCU
15/04/2025,Tasman Environmental Markets Australia Pty Ltd,700,CER
15/04/2025,EnergyAustralia Pty Ltd,"14,514",KACCU
14/04/2025,Perenia Pty Ltd,7,CER
14/04/2025,Perenia Pty Ltd,"8,955",CER
14/04/2025,Origin Energy Electricity Ltd,"2,558",KACCU
14/04/2025,Origin Energy Electricity Ltd,"29,201",KACCU
14/04/2025,Brickworks Building Products Pty Ltd,"2,499",KACCU
14/04/2025,Brickworks Building Products Pty Ltd,1,KACCU
14/04/2025,Origin Energy Electricity Ltd,"61,706",KACCU
11/04/2025,Enviro-Mark Solutions Limited,942,CER
11/04/2025,CARBON NEUTRAL PTY LTD,740,KACCU
11/04/2025,Tasman Environmental Markets Australia Pty Ltd,"3,432",KACCU
11/04/2025,Tasman Environmental Markets Australia Pty Ltd,"2,634",KACCU
11/04/2025,Tasman Environmental Markets Australia Pty Ltd,"1,162",KACCU
09/04/2025,Global Environmental Markets Pty Ltd,11,CER
08/04/2025,Virgin Australia Airlines Pty Ltd,168,KACCU
08/04/2025,CARBON NEUTRAL PTY LTD,"1,600",CER
08/04/2025,CLIMA SOLUTIONS PTY LTD,160,KACCU
08/04/2025,Climate Friendly Pty Ltd,6,KACCU
07/04/2025,Tasman Environmental Markets Australia Pty Ltd,131,CER
07/04/2025,Tasman Environmental Markets Australia Pty Ltd,8,KACCU
07/04/2025,Macquarie Bank Limited,148,KACCU
07/04/2025,Tasman Environmental Markets Australia Pty Ltd,5,KACCU
07/04/2025,Tasman Environmental Markets Australia Pty Ltd,79,CER
04/04/2025,Tasman Environmental Markets Australia Pty Ltd,250,KACCU
04/04/2025,Tasman Environmental Markets Australia Pty Ltd,121,KACCU
03/04/2025,Tasman Environmental Markets Australia Pty Ltd,380,CER
03/04/2025,Tasman Environmental Markets Australia Pty Ltd,3,KACCU
03/04/2025,Tasman Environmental Markets Australia Pty Ltd,51,CER
03/04/2025,Tasman Environmental Markets Australia Pty Ltd,100,CER
01/04/2025,CLIMA SOLUTIONS PTY LTD,14,KACCU
01/04/2025,CLIMA SOLUTIONS PTY LTD,510,KACCU
01/04/2025,CLIMA SOLUTIONS PTY LTD,10,KACCU
01/04/2025,CLIMA SOLUTIONS PTY LTD,10,KACCU
01/04/2025,CLIMA SOLUTIONS PTY LTD,5,KACCU
31/03/2025,CARBON NEUTRAL PTY LTD,100,CER
31/03/2025,Tasman Environmental Markets Australia Pty Ltd,317,CER
31/03/2025,Tasman Environmental Markets Australia Pty Ltd,20,KACCU
31/03/2025,"Climate Impact Partners, LLC",212,CER
31/03/2025,"Climate Impact Partners, LLC",500,CER
31/03/2025,"Climate Impact Partners, LLC","10,000",CER
31/03/2025,"Climate Impact Partners, LLC",200,CER
31/03/2025,"Climate Impact Partners, LLC",128,CER
28/03/2025,CLIMA SOLUTIONS PTY LTD,267,KACCU
28/03/2025,Tasman Environmental Markets Australia Pty Ltd,223,KACCU
28/03/2025,Tasman Environmental Markets Australia Pty Ltd,782,CER
27/03/2025,VIRIDIOS CAPITAL PTY LTD,10,KACCU
27/03/2025,Tasman Environmental Markets Australia Pty Ltd,190,CER
27/03/2025,Tasman Environmental Markets Australia Pty Ltd,60,KACCU
27/03/2025,Carbonhalo Pty Ltd,23,KACCU
27/03/2025,Tasman Environmental Markets Australia Pty Ltd,964,KACCU
27/03/2025,Tasman Environmental Markets Australia Pty Ltd,500,KACCU
26/03/2025,CLIMA SOLUTIONS PTY LTD,30,KACCU
26/03/2025,Terra Carbon Pty Ltd,"1,500",KACCU
26/03/2025,MULGA AG CO PTY LTD,"11,895",KACCU
25/03/2025,CARBON NEUTRAL PTY LTD,400,KACCU
25/03/2025,CARBON NEUTRAL PTY LTD,300,KACCU
25/03/2025,Tasman Environmental Markets Australia Pty Ltd,185,CER
25/03/2025,Tasman Environmental Markets Australia Pty Ltd,39,CER
25/03/2025,Tasman Environmental Markets Australia Pty Ltd,73,KACCU
25/03/2025,Tasman Environmental Markets Australia Pty Ltd,42,CER
25/03/2025,Aboriginal Carbon Fund Limited,500,KACCU
24/03/2025,Global Environmental Markets Pty Ltd,13,CER
24/03/2025,Global Environmental Markets Pty Ltd,1,CER
24/03/2025,Global Environmental Markets Pty Ltd,1,CER
24/03/2025,Tasman Environmental Markets Australia Pty Ltd,32,CER
24/03/2025,Tasman Environmental Markets Australia Pty Ltd,2,KACCU
24/03/2025,Tasman Environmental Markets Australia Pty Ltd,59,CER
24/03/2025,Tasman Environmental Markets Australia Pty Ltd,16,CER
24/03/2025,Tasman Environmental Markets Australia Pty Ltd,1,KACCU
20/03/2025,Pastoral Partners Australia Trusco Pty Limited as Trustee for Pastoral Partners Australia Trust,"4,674",KACCU
20/03/2025,Tasman Environmental Markets Australia Pty Ltd,4,KACCU
20/03/2025,Tasman Environmental Markets Australia Pty Ltd,8,KACCU
20/03/2025,Tasman Environmental Markets Australia Pty Ltd,298,KACCU
20/03/2025,Tasman Environmental Markets Australia Pty Ltd,69,KACCU
20/03/2025,Tasman Environmental Markets Australia Pty Ltd,"1,000",KACCU
19/03/2025,South Pole Australia Financial Services Pty Ltd,113,KACCU
18/03/2025,South Pole Australia Financial Services Pty Ltd,700,KACCU
18/03/2025,VIRIDIOS CAPITAL PTY LTD,550,KACCU
18/03/2025,Tasman Environmental Markets Australia Pty Ltd,70,CER
18/03/2025,Tasman Environmental Markets Australia Pty Ltd,4,KACCU
18/03/2025,Tasman Environmental Markets Australia Pty Ltd,56,CER
18/03/2025,Tasman Environmental Markets Australia Pty Ltd,4,KACCU
18/03/2025,Tasman Environmental Markets Australia Pty Ltd,"1,450",CER
18/03/2025,Tasman Environmental Markets Australia Pty Ltd,393,KACCU
18/03/2025,Tasman Environmental Markets Australia Pty Ltd,24,KACCU
18/03/2025,Tasman Environmental Markets Australia Pty Ltd,388,CER
18/03/2025,South Pole Australia Financial Services Pty Ltd,386,KACCU
18/03/2025,Tasman Environmental Markets Australia Pty Ltd,2,KACCU
18/03/2025,Tasman Environmental Markets Australia Pty Ltd,36,CER
17/03/2025,Terra Carbon Pty Ltd,"13,100",CER
17/03/2025,South Pole Australia Financial Services Pty Ltd,165,KACCU
17/03/2025,South Pole Australia Financial Services Pty Ltd,462,KACCU
17/03/2025,South Pole Australia Financial Services Pty Ltd,14,KACCU
17/03/2025,South Pole Australia Financial Services Pty Ltd,370,KACCU
17/03/2025,South Pole Australia Financial Services Pty Ltd,182,KACCU
17/03/2025,South Pole Australia Financial Services Pty Ltd,844,KACCU
17/03/2025,South Pole Australia Financial Services Pty Ltd,39,KACCU
17/03/2025,South Pole Australia Financial Services Pty Ltd,772,KACCU
17/03/2025,South Pole Australia Financial Services Pty Ltd,480,KACCU
17/03/2025,South Pole Australia Financial Services Pty Ltd,90,KACCU
17/03/2025,South Pole Australia Financial Services Pty Ltd,61,KACCU
17/03/2025,South Pole Australia Financial Services Pty Ltd,65,KACCU
14/03/2025,Tasman Environmental Markets Australia Pty Ltd,"8,082",KACCU
14/03/2025,Kurrajong Partners Pty Ltd,"5,000",KACCU
13/03/2025,The University of Melbourne,"3,000",KACCU
13/03/2025,Australian Wildlife Conservancy,"11,000",KACCU
13/03/2025,South Pole Australia Financial Services Pty Ltd,500,KACCU
13/03/2025,Global Environmental Markets Pty Ltd,7,CER
13/03/2025,Global Environmental Markets Pty Ltd,10,CER
12/03/2025,Tasman Environmental Markets Australia Pty Ltd,108,CER
12/03/2025,Tasman Environmental Markets Australia Pty Ltd,13,KACCU
12/03/2025,Tasman Environmental Markets Australia Pty Ltd,770,CER
12/03/2025,Tasman Environmental Markets Australia Pty Ltd,"4,000",KACCU
12/03/2025,Tasman Environmental Markets Australia Pty Ltd,"4,000",KACCU
12/03/2025,Tasman Environmental Markets Australia Pty Ltd,"4,000",KACCU
12/03/2025,Tasman Environmental Markets Australia Pty Ltd,"4,000",KACCU
12/03/2025,Macquarie Bank Limited,"1,370",KACCU
12/03/2025,Tasman Environmental Markets Australia Pty Ltd,"2,000",CER
11/03/2025,CARBON NEUTRAL PTY LTD,"1,858",CER
11/03/2025,CARBON NEUTRAL PTY LTD,150,KACCU
11/03/2025,CARBON NEUTRAL PTY LTD,400,KACCU
11/03/2025,CARBON NEUTRAL PTY LTD,835,CER
11/03/2025,Global Environmental Markets Pty Ltd,7,CER
11/03/2025,Global Environmental Markets Pty Ltd,1,CER
10/03/2025,Tasman Environmental Markets Australia Pty Ltd,3,KACCU
10/03/2025,Tasman Environmental Markets Australia Pty Ltd,56,CER
10/03/2025,Tasman Environmental Markets Australia Pty Ltd,71,CER
10/03/2025,Terra Carbon Pty Ltd,23,KACCU
08/03/2025,"Natural Capital Partners Americas, LLC","2,800",CER
08/03/2025,"Natural Capital Partners Americas, LLC","2,000",CER
08/03/2025,"Natural Capital Partners Americas, LLC","2,000",CER
07/03/2025,Tasman Environmental Markets Australia Pty Ltd,10,KACCU
07/03/2025,TARONGA CONSERVATION SOCIETY AUSTRALIA,"6,528",KACCU
06/03/2025,Tasman Environmental Markets Australia Pty Ltd,"1,905",KACCU
06/03/2025,Tasman Environmental Markets Australia Pty Ltd,"4,978",KACCU
06/03/2025,Global Environmental Markets Pty Ltd,1,CER
05/03/2025,Terra Carbon Pty Ltd,370,KACCU
05/03/2025,Terra Carbon Pty Ltd,"2,083",KACCU
05/03/2025,Boral Limited,"18,200",KACCU
05/03/2025,Tasman Environmental Markets Australia Pty Ltd,635,CER
05/03/2025,Tasman Environmental Markets Australia Pty Ltd,54,CER
05/03/2025,Tasman Environmental Markets Australia Pty Ltd,3,KACCU
04/03/2025,MITSUI & CO. (AUSTRALIA) LTD.,153,KACCU
04/03/2025,POINT ZERO INTERNATIONAL PTY LTD,"2,000",KACCU
04/03/2025,Carbon Financial Services Pty. Ltd.,583,KACCU
04/03/2025,Carbon Financial Services Pty. Ltd.,14,KACCU
04/03/2025,Carbon Financial Services Pty. Ltd.,550,KACCU
04/03/2025,Carbon Financial Services Pty. Ltd.,661,KACCU
04/03/2025,Carbon Financial Services Pty. Ltd.,287,KACCU
04/03/2025,Carbon Financial Services Pty. Ltd.,329,KACCU
04/03/2025,Carbon Financial Services Pty. Ltd.,100,KACCU
04/03/2025,Carbon Financial Services Pty. Ltd.,493,KACCU
04/03/2025,Carbon Financial Services Pty. Ltd.,80,KACCU
04/03/2025,Carbon Financial Services Pty. Ltd.,35,KACCU
04/03/2025,Carbon Financial Services Pty. Ltd.,155,KACCU
04/03/2025,Carbon Financial Services Pty. Ltd.,32,KACCU
04/03/2025,Carbon Financial Services Pty. Ltd.,138,KACCU
04/03/2025,Carbon Financial Services Pty. Ltd.,2,KACCU
04/03/2025,Carbon Financial Services Pty. Ltd.,8,KACCU
28/02/2025,Tasman Environmental Markets Australia Pty Ltd,11,KACCU
28/02/2025,Tasman Environmental Markets Australia Pty Ltd,175,CER
28/02/2025,Global Environmental Markets Pty Ltd,10,CER
28/02/2025,Carbonhalo Pty Ltd,23,KACCU
28/02/2025,CLIMA SOLUTIONS PTY LTD,411,KACCU
28/02/2025,Bioeconomy Pte. Ltd.,12,CER
28/02/2025,Bioeconomy Pte. Ltd.,6,CER
28/02/2025,Bioeconomy Pte. Ltd.,4,CER
28/02/2025,Bioeconomy Pte. Ltd.,4,CER
28/02/2025,Bioeconomy Pte. Ltd.,3,CER
27/02/2025,CARBON NEUTRAL PTY LTD,"6,000",CER
27/02/2025,CARBON NEUTRAL PTY LTD,200,KACCU
27/02/2025,CARBON NEUTRAL PTY LTD,"7,200",CER
27/02/2025,CARBON NEUTRAL PTY LTD,"1,000",CER
27/02/2025,Tasman Environmental Markets Australia Pty Ltd,"1,400",KACCU
27/02/2025,CARBON NEUTRAL PTY LTD,165,KACCU
27/02/2025,Tasman Environmental Markets Australia Pty Ltd,"6,460",KACCU
27/02/2025,Tasman Environmental Markets Australia Pty Ltd,292,KACCU
27/02/2025,Tasman Environmental Markets Australia Pty Ltd,"2,357",KACCU
27/02/2025,"Natural Capital Partners Americas, LLC",95,CER
27/02/2025,"Natural Capital Partners Americas, LLC",35,CER
27/02/2025,"Natural Capital Partners Americas, LLC","3,000",CER
27/02/2025,"Natural Capital Partners Americas, LLC",1,CER
27/02/2025,"Natural Capital Partners Americas, LLC",521,CER
27/02/2025,"Natural Capital Partners Americas, LLC",55,CER
27/02/2025,"Natural Capital Partners Americas, LLC",1,CER
27/02/2025,"Natural Capital Partners Americas, LLC",2,CER
26/02/2025,Tasman Environmental Markets Australia Pty Ltd,"1,044",KACCU
26/02/2025,Tasman Environmental Markets Australia Pty Ltd,31,KACCU
25/02/2025,"Natural Capital Partners Americas, LLC","1,566",CER
25/02/2025,"Natural Capital Partners Americas, LLC","44,157",CER
24/02/2025,Global Environmental Markets Pty Ltd,10,CER
24/02/2025,VIRIDIOS CAPITAL PTY LTD,165,KACCU
24/02/2025,CLIMA SOLUTIONS PTY LTD,26,KACCU
21/02/2025,Tasman Environmental Markets Australia Pty Ltd,250,KACCU
21/02/2025,Commonwealth Bank of Australia,"2,000",KACCU
21/02/2025,Global Environmental Markets Pty Ltd,121,CER
21/02/2025,Global Environmental Markets Pty Ltd,1,CER
21/02/2025,Global Environmental Markets Pty Ltd,1,CER
21/02/2025,Global Environmental Markets Pty Ltd,1,CER
21/02/2025,Global Environmental Markets Pty Ltd,1,CER
21/02/2025,Global Environmental Markets Pty Ltd,7,CER
21/02/2025,Global Environmental Markets Pty Ltd,1,CER
21/02/2025,Global Environmental Markets Pty Ltd,16,CER
21/02/2025,Global Environmental Markets Pty Ltd,57,CER
20/02/2025,POINT ZERO INTERNATIONAL PTY LTD,"1,103",KACCU
20/02/2025,EKI Energy Services Limited,"12,500",CER
20/02/2025,Tasman Environmental Markets Australia Pty Ltd,200,KACCU
20/02/2025,Corporate Carbon Advisory Pty Ltd,874,KACCU
20/02/2025,Tasman Environmental Markets Australia Pty Ltd,28,CER
20/02/2025,Tasman Environmental Markets Australia Pty Ltd,79,CER
20/02/2025,Tasman Environmental Markets Australia Pty Ltd,5,KACCU
20/02/2025,Tasman Environmental Markets Australia Pty Ltd,2,KACCU
20/02/2025,Carbon Financial Services Pty. Ltd.,320,CER
20/02/2025,Carbon Financial Services Pty. Ltd.,"1,025",CER
20/02/2025,Carbon Financial Services Pty. Ltd.,470,KACCU
19/02/2025,Aboriginal Carbon Fund Limited,534,KACCU
19/02/2025,ENERGY ACTION (AUSTRALIA) PTY LTD,126,KACCU
19/02/2025,HOBART INTERNATIONAL AIRPORT PTY LIMITED,217,KACCU
18/02/2025,South Pole Australia Financial Services Pty Ltd,"1,250",KACCU
17/02/2025,MULGA AG CO PTY LTD,"1,079",KACCU
14/02/2025,Aboriginal Carbon Fund Limited,309,KACCU
14/02/2025,OZWIDE FIELD SERVICES PTY LTD,339,CER
14/02/2025,CARBON NEUTRAL PTY LTD,480,KACCU
14/02/2025,CARBON NEUTRAL PTY LTD,"2,380",CER
14/02/2025,Tasman Environmental Markets Australia Pty Ltd,200,KACCU
14/02/2025,"Natural Capital Partners Americas, LLC","2,637",CER
13/02/2025,South Australian Water Corporation,"6,335",KACCU
13/02/2025,CLIMA SOLUTIONS PTY LTD,213,KACCU
13/02/2025,South Pole Australia Financial Services Pty Ltd,"1,195",KACCU
13/02/2025,Tasman Environmental Markets Australia Pty Ltd,19,CER
13/02/2025,"Natural Capital Partners Americas, LLC","35,981",CER
13/02/2025,"Natural Capital Partners Americas, LLC","1,887",CER
11/02/2025,EKI Energy Services Limited,"1,751",CER
11/02/2025,EKI Energy Services Limited,"10,918",CER
11/02/2025,EKI Energy Services Limited,"35,730",CER
11/02/2025,EKI Energy Services Limited,"4,277",CER
11/02/2025,EKI Energy Services Limited,"21,512",CER
11/02/2025,EKI Energy Services Limited,"21,323",CER
11/02/2025,EKI Energy Services Limited,"96,837",CER
11/02/2025,Tasman Environmental Markets Australia Pty Ltd,30,CER
10/02/2025,EKI Energy Services Limited,"24,479",CER
10/02/2025,Tasman Environmental Markets Australia Pty Ltd,351,CER
07/02/2025,Global Environmental Markets Pty Ltd,1,CER
07/02/2025,Global Environmental Markets Pty Ltd,7,CER
07/02/2025,Global Environmental Markets Pty Ltd,1,CER
07/02/2025,Global Environmental Markets Pty Ltd,1,CER
07/02/2025,Global Environmental Markets Pty Ltd,1,CER
07/02/2025,Global Environmental Markets Pty Ltd,1,CER
07/02/2025,Global Environmental Markets Pty Ltd,1,CER
07/02/2025,Global Environmental Markets Pty Ltd,14,CER
07/02/2025,Red Energy Pty Limited,"3,783",KACCU
07/02/2025,Tasman Environmental Markets Australia Pty Ltd,"4,490",CER
07/02/2025,Tasman Environmental Markets Australia Pty Ltd,281,KACCU
06/02/2025,Global Environmental Markets Pty Ltd,51,CER
06/02/2025,Agasco Limited,"20,000",CER
06/02/2025,Carbon Financial Services Pty. Ltd.,950,CER
05/02/2025,Tasman Environmental Markets Australia Pty Ltd,"15,800",KACCU
05/02/2025,Tasman Environmental Markets Australia Pty Ltd,"2,754",KACCU
05/02/2025,Tasman Environmental Markets Australia Pty Ltd,687,KACCU
03/02/2025,CLIMA SOLUTIONS PTY LTD,83,KACCU
31/01/2025,Tasman Environmental Markets Australia Pty Ltd,853,KACCU
31/01/2025,"Natural Capital Partners Americas, LLC","20,000",CER
30/01/2025,Tasman Environmental Markets Australia Pty Ltd,182,KACCU
30/01/2025,Tasman Environmental Markets Australia Pty Ltd,654,KACCU
30/01/2025,Tasman Environmental Markets Australia Pty Ltd,"3,454",CER
30/01/2025,Tasman Environmental Markets Australia Pty Ltd,"12,414",CER
29/01/2025,Aboriginal Carbon Fund Limited,100,KACCU
29/01/2025,Tasman Environmental Markets Australia Pty Ltd,88,CER
29/01/2025,Tasman Environmental Markets Australia Pty Ltd,5,KACCU
29/01/2025,Tasman Environmental Markets Australia Pty Ltd,64,KACCU
29/01/2025,LGI Limited,699,KACCU
28/01/2025,Global Environmental Markets Pty Ltd,460,CER
28/01/2025,Commonwealth Bank of Australia,10,KACCU
28/01/2025,Carbonhalo Pty Ltd,23,KACCU
27/01/2025,BP Energy Asia Pte Limited,"21,693",CER
24/01/2025,CANOPY NATURE BASED SOLUTIONS PTY LTD,473,KACCU
22/01/2025,CARBON NEUTRAL PTY LTD,"10,418",CER
22/01/2025,CARBON NEUTRAL PTY LTD,60,KACCU
22/01/2025,CLIMA SOLUTIONS PTY LTD,44,KACCU
22/01/2025,CARBON NEUTRAL PTY LTD,150,KACCU
21/01/2025,Enviro-Mark Solutions Limited,78,CER
21/01/2025,Enviro-Mark Solutions Limited,701,CER
21/01/2025,Enviro-Mark Solutions Limited,12,CER
20/01/2025,Tasman Environmental Markets Australia Pty Ltd,93,KACCU
20/01/2025,VIRIDIOS CAPITAL PTY LTD,414,KACCU
17/01/2025,Enviro-Mark Solutions Limited,4,CER
17/01/2025,VIRIDIOS CAPITAL PTY LTD,"1,000",KACCU
16/01/2025,CARBON NEUTRAL PTY LTD,"2,105",CER
15/01/2025,Carbon Financial Services Pty. Ltd.,"3,192",CER
15/01/2025,Carbon Financial Services Pty. Ltd.,"1,210",CER
15/01/2025,"Natural Capital Partners Americas, LLC","3,383",CER
15/01/2025,"Natural Capital Partners Americas, LLC","3,383",CER
15/01/2025,"Natural Capital Partners Americas, LLC","3,383",CER
15/01/2025,"Natural Capital Partners Americas, LLC","3,383",CER
15/01/2025,"Natural Capital Partners Americas, LLC","3,383",CER
15/01/2025,"Natural Capital Partners Americas, LLC","3,383",CER
15/01/2025,"Natural Capital Partners Americas, LLC","3,383",CER
15/01/2025,"Natural Capital Partners Americas, LLC","25,600",CER
15/01/2025,"Natural Capital Partners Americas, LLC","124,196",CER
15/01/2025,"Natural Capital Partners Americas, LLC","7,667",CER
15/01/2025,"Natural Capital Partners Americas, LLC","1,700",CER
14/01/2025,Viva Energy Australia Ltd,"1,000",KACCU
14/01/2025,VIRIDIOS CAPITAL PTY LTD,"1,136",KACCU
13/01/2025,Tasman Environmental Markets Australia Pty Ltd,98,KACCU
13/01/2025,CANOPY NATURE BASED SOLUTIONS PTY LTD,203,KACCU
10/01/2025,CARBON NEUTRAL PTY LTD,"1,290",CER
10/01/2025,Macquarie Bank Limited,163,KACCU
10/01/2025,"Natural Capital Partners Americas, LLC",729,CER
09/01/2025,CARBON NEUTRAL PTY LTD,"1,314",CER
08/01/2025,Tasman Environmental Markets Australia Pty Ltd,59,CER
07/01/2025,CLIMA SOLUTIONS PTY LTD,181,KACCU
07/01/2025,CARBON NEUTRAL PTY LTD,34,CER
07/01/2025,CARBON NEUTRAL PTY LTD,"2,909",CER
06/01/2025,Tasman Environmental Markets Australia Pty Ltd,927,KACCU
06/01/2025,Tasman Environmental Markets Australia Pty Ltd,41,CER
06/01/2025,Tasman Environmental Markets Australia Pty Ltd,76,KACCU
06/01/2025,Tasman Environmental Markets Australia Pty Ltd,750,KACCU
06/01/2025,Tasman Environmental Markets Australia Pty Ltd,7,KACCU
06/01/2025,Tasman Environmental Markets Australia Pty Ltd,117,CER
06/01/2025,Tasman Environmental Markets Australia Pty Ltd,7,KACCU
06/01/2025,Tasman Environmental Markets Australia Pty Ltd,116,CER
06/01/2025,Tasman Environmental Markets Australia Pty Ltd,421,KACCU
28/12/2024,Carbonhalo Pty Ltd,23,KACCU
24/12/2024,GAIA INVESTMENTS (AUST) PTY LTD,5,KACCU
23/12/2024,Climate Friendly Pty Ltd,709,KACCU
23/12/2024,Corporate Carbon Advisory Pty Ltd,"1,314",KACCU
23/12/2024,VIRIDIOS CAPITAL PTY LTD,50,KACCU
20/12/2024,Aboriginal Carbon Fund Limited,200,KACCU
20/12/2024,Environmental Markets Australia Pty Ltd,578,CER
20/12/2024,Carbon Financial Services Pty. Ltd.,300,KACCU
20/12/2024,Commonwealth Bank of Australia,41,KACCU
20/12/2024,Aboriginal Carbon Fund Limited,5,KACCU
20/12/2024,Tasman Environmental Markets Australia Pty Ltd,522,KACCU
20/12/2024,Tasman Environmental Markets Australia Pty Ltd,197,KACCU
20/12/2024,Tasman Environmental Markets Australia Pty Ltd,"1,000",KACCU
20/12/2024,Carbon Financial Services Pty. Ltd.,27,KACCU
20/12/2024,Carbon Financial Services Pty. Ltd.,110,KACCU
19/12/2024,EKI Energy Services Limited,1,CER
19/12/2024,EKI Energy Services Limited,28,CER
19/12/2024,EKI Energy Services Limited,"1,000",CER
19/12/2024,Aboriginal Carbon Fund Limited,50,KACCU
19/12/2024,Aboriginal Carbon Fund Limited,120,KACCU
19/12/2024,Tasman Environmental Markets Australia Pty Ltd,95,KACCU
19/12/2024,Tasman Environmental Markets Australia Pty Ltd,98,CER
19/12/2024,Green Energy Trading Pty Ltd,"2,898",KACCU
18/12/2024,CARBON NEUTRAL PTY LTD,200,KACCU
18/12/2024,Tasman Environmental Markets Australia Pty Ltd,122,KACCU
18/12/2024,WeAct Pty Ltd,"1,339",CER
18/12/2024,WeAct Pty Ltd,"2,354",CER
18/12/2024,Tasman Environmental Markets Australia Pty Ltd,88,KACCU
18/12/2024,Tasman Environmental Markets Australia Pty Ltd,25,KACCU
18/12/2024,Tasman Environmental Markets Australia Pty Ltd,"1,765",CER
18/12/2024,Adelaide Brighton Cement Limited,792,KACCU
18/12/2024,LMS Energy Pty Ltd,"1,500",KACCU
17/12/2024,Tasman Environmental Markets Australia Pty Ltd,252,KACCU
17/12/2024,Tasman Environmental Markets Australia Pty Ltd,"1,313",KACCU
17/12/2024,Tasman Environmental Markets Australia Pty Ltd,275,KACCU
17/12/2024,Tasman Environmental Markets Australia Pty Ltd,878,CER
17/12/2024,Tasman Environmental Markets Australia Pty Ltd,15,KACCU
17/12/2024,Tasman Environmental Markets Australia Pty Ltd,254,CER
17/12/2024,Tasman Environmental Markets Australia Pty Ltd,100,KACCU
17/12/2024,"Natural Capital Partners Americas, LLC","4,228",CER
17/12/2024,"Natural Capital Partners Americas, LLC","2,975",CER
16/12/2024,South Pole Australia Financial Services Pty Ltd,481,KACCU
16/12/2024,South Pole Australia Financial Services Pty Ltd,"4,125",KACCU
16/12/2024,The University of Melbourne,"10,000",KACCU
16/12/2024,The University of Melbourne,"9,384",KACCU
16/12/2024,The University of Melbourne,366,KACCU
16/12/2024,The University of Melbourne,"5,000",KACCU
16/12/2024,Jarden Australia Pty Ltd,"4,150",KACCU
16/12/2024,GAIA INVESTMENTS (AUST) PTY LTD,58,KACCU
16/12/2024,Aboriginal Carbon Fund Limited,50,KACCU
16/12/2024,VIRIDIOS CAPITAL PTY LTD,200,KACCU
16/12/2024,Terra Carbon Pty Ltd,240,CER
16/12/2024,Terra Carbon Pty Ltd,120,KACCU
16/12/2024,Terra Carbon Pty Ltd,506,CER
16/12/2024,Terra Carbon Pty Ltd,70,KACCU
16/12/2024,Terra Carbon Pty Ltd,"1,330",CER
16/12/2024,Terra Carbon Pty Ltd,"1,437",KACCU
13/12/2024,Tasman Environmental Markets Australia Pty Ltd,384,CER
13/12/2024,Tasman Environmental Markets Australia Pty Ltd,24,KACCU
13/12/2024,CARBON NEUTRAL PTY LTD,"8,000",CER
13/12/2024,Tasmanian Land Conservancy Inc.,"4,000",KACCU
13/12/2024,Terra Carbon Pty Ltd,198,KACCU
12/12/2024,CARBON NEUTRAL PTY LTD,"33,253",CER
12/12/2024,CARBON NEUTRAL PTY LTD,"18,900",CER
12/12/2024,Virgin Australia Airlines Pty Ltd,"7,170",CER
12/12/2024,CARBON NEUTRAL PTY LTD,"9,800",CER
12/12/2024,Tasman Environmental Markets Australia Pty Ltd,"1,700",KACCU
12/12/2024,CARBON NEUTRAL PTY LTD,"3,257",CER
12/12/2024,CARBON NEUTRAL PTY LTD,250,CER
11/12/2024,VIRIDIOS CAPITAL PTY LTD,175,KACCU
11/12/2024,Tasman Environmental Markets Australia Pty Ltd,221,KACCU
11/12/2024,Tasman Environmental Markets Australia Pty Ltd,50,KACCU
11/12/2024,Tasman Environmental Markets Australia Pty Ltd,"2,827",KACCU
11/12/2024,South Pole Australia Financial Services Pty Ltd,72,KACCU
11/12/2024,GAIA INVESTMENTS (AUST) PTY LTD,160,KACCU
11/12/2024,South Pole Australia Financial Services Pty Ltd,"1,719",KACCU
10/12/2024,VIRIDIOS CAPITAL PTY LTD,330,KACCU
10/12/2024,VIRIDIOS CAPITAL PTY LTD,340,KACCU
10/12/2024,VIRIDIOS CAPITAL PTY LTD,"12,565",KACCU
10/12/2024,Kurrajong Partners Pty Ltd,39,KACCU
10/12/2024,VIRIDIOS CAPITAL PTY LTD,13,KACCU
10/12/2024,VIRIDIOS CAPITAL PTY LTD,130,KACCU
10/12/2024,South Pole Australia Financial Services Pty Ltd,47,KACCU
09/12/2024,EVERCLIME PTY LTD,500,KACCU
09/12/2024,CARBON NEUTRAL PTY LTD,275,CER
09/12/2024,CARBON NEUTRAL PTY LTD,306,KACCU
09/12/2024,CARBON NEUTRAL PTY LTD,88,CER
09/12/2024,Virgin Australia Airlines Pty Ltd,"9,820",KACCU
09/12/2024,South Pole Australia Financial Services Pty Ltd,320,KACCU
09/12/2024,South Pole Australia Financial Services Pty Ltd,290,KACCU
09/12/2024,"Natural Capital Partners Americas, LLC","1,453",CER
09/12/2024,"Natural Capital Partners Americas, LLC","5,000",CER
09/12/2024,"Natural Capital Partners Americas, LLC",414,CER
06/12/2024,ENERGYLINK SERVICES PTY LTD,306,CER
06/12/2024,Tasman Environmental Markets Australia Pty Ltd,361,CER
06/12/2024,Tasman Environmental Markets Australia Pty Ltd,33,KACCU
06/12/2024,Tasman Environmental Markets Australia Pty Ltd,100,KACCU
06/12/2024,Tasman Environmental Markets Australia Pty Ltd,700,CER
06/12/2024,VIRIDIOS CAPITAL PTY LTD,544,KACCU
05/12/2024,Australia and New Zealand Banking Group Limited,"2,650",KACCU
05/12/2024,Tasman Environmental Markets Australia Pty Ltd,168,CER
05/12/2024,Tasman Environmental Markets Australia Pty Ltd,5,KACCU
05/12/2024,Tasman Environmental Markets Australia Pty Ltd,684,KACCU
05/12/2024,Tasman Environmental Markets Australia Pty Ltd,106,CER
05/12/2024,Tasman Environmental Markets Australia Pty Ltd,36,CER
05/12/2024,Tasman Environmental Markets Australia Pty Ltd,67,CER
05/12/2024,Tasman Environmental Markets Australia Pty Ltd,445,CER
05/12/2024,"Natural Capital Partners Americas, LLC","2,195",CER
05/12/2024,"Natural Capital Partners Americas, LLC","19,166",CER
05/12/2024,Australia and New Zealand Banking Group Limited,"2,500",KACCU
05/12/2024,Australia and New Zealand Banking Group Limited,"3,900",KACCU
04/12/2024,South Pole Australia Financial Services Pty Ltd,78,KACCU
04/12/2024,Tasman Environmental Markets Australia Pty Ltd,561,KACCU
04/12/2024,MULGA AG CO PTY LTD,"6,607",KACCU
04/12/2024,MULGA AG CO PTY LTD,"3,616",KACCU
04/12/2024,MULGA AG CO PTY LTD,150,KACCU
04/12/2024,South Pole Australia Financial Services Pty Ltd,672,KACCU
03/12/2024,Climate Friendly Financial Solutions Pty Limited,"1,255",KACCU
03/12/2024,Tasman Environmental Markets Australia Pty Ltd,462,CER
03/12/2024,CLIMA SOLUTIONS PTY LTD,900,KACCU
29/11/2024,Tasman Environmental Markets Australia Pty Ltd,"5,401",CER
29/11/2024,Tasman Environmental Markets Australia Pty Ltd,338,KACCU
29/11/2024,Tasman Environmental Markets Australia Pty Ltd,20,KACCU
29/11/2024,Tasman Environmental Markets Australia Pty Ltd,160,CER
29/11/2024,Tasman Environmental Markets Australia Pty Ltd,"1,000",KACCU
29/11/2024,Tasman Environmental Markets Australia Pty Ltd,82,KACCU
29/11/2024,Aboriginal Carbon Fund Limited,"1,195",KACCU
28/11/2024,CANOPY NATURE BASED SOLUTIONS PTY LTD,221,KACCU
28/11/2024,CANOPY NATURE BASED SOLUTIONS PTY LTD,650,KACCU
28/11/2024,Carbonhalo Pty Ltd,23,KACCU
28/11/2024,Aboriginal Carbon Fund Limited,225,KACCU
28/11/2024,Carbon Estate Pty Ltd,2,KACCU
28/11/2024,Carbon Estate Pty Ltd,326,KACCU
27/11/2024,Tasman Environmental Markets Australia Pty Ltd,"1,072",KACCU
27/11/2024,Tasman Environmental Markets Australia Pty Ltd,208,KACCU
27/11/2024,ENERGYLINK SERVICES PTY LTD,250,KACCU
27/11/2024,ENERGYLINK SERVICES PTY LTD,401,CER
26/11/2024,Tasman Environmental Markets Australia Pty Ltd,200,KACCU
26/11/2024,Tasman Environmental Markets Australia Pty Ltd,"8,134",KACCU
26/11/2024,Tasman Environmental Markets Australia Pty Ltd,214,KACCU
25/11/2024,Kilter Pty Ltd,160,KACCU
25/11/2024,South Pole Australia Financial Services Pty Ltd,200,KACCU
22/11/2024,Tasman Environmental Markets Australia Pty Ltd,"10,429",CER
22/11/2024,Tasman Environmental Markets Australia Pty Ltd,"3,804",CER
22/11/2024,Tasman Environmental Markets Australia Pty Ltd,"7,222",CER
22/11/2024,Tasman Environmental Markets Australia Pty Ltd,"17,600",CER
22/11/2024,Tasman Environmental Markets Australia Pty Ltd,2,KACCU
22/11/2024,VIRIDIOS CAPITAL PTY LTD,141,KACCU
21/11/2024,Terra Carbon Pty Ltd,"1,090",KACCU
21/11/2024,Tasman Environmental Markets Australia Pty Ltd,"1,812",KACCU
21/11/2024,Tasman Environmental Markets Australia Pty Ltd,"14,866",CER
21/11/2024,Tasman Environmental Markets Australia Pty Ltd,"5,118",KACCU
21/11/2024,Tasman Environmental Markets Australia Pty Ltd,51,CER
21/11/2024,Tasman Environmental Markets Australia Pty Ltd,85,CER
21/11/2024,Strathburn Cape York Carbon Pty Ltd,350,KACCU
21/11/2024,EVERCLIME PTY LTD,900,KACCU
21/11/2024,IGO Better Futures Pty Ltd,"13,925",KACCU
20/11/2024,Tasman Environmental Markets Australia Pty Ltd,5,KACCU
20/11/2024,South Pole Australia Financial Services Pty Ltd,950,KACCU
19/11/2024,Aboriginal Carbon Fund Limited,500,KACCU
19/11/2024,Tasman Environmental Markets Australia Pty Ltd,"8,108",KACCU
18/11/2024,Tasman Environmental Markets Australia Pty Ltd,183,CER
15/11/2024,Tasman Environmental Markets Australia Pty Ltd,11,KACCU
15/11/2024,Tasman Environmental Markets Australia Pty Ltd,683,KACCU
14/11/2024,MTA Energy Pty Ltd,39,KACCU
14/11/2024,Tasman Environmental Markets Australia Pty Ltd,"1,348",KACCU
14/11/2024,South Pole Australia Financial Services Pty Ltd,160,KACCU
13/11/2024,Tasman Environmental Markets Australia Pty Ltd,50,KACCU
13/11/2024,CLIMA SOLUTIONS PTY LTD,12,KACCU
12/11/2024,CLIMA SOLUTIONS PTY LTD,134,KACCU
12/11/2024,"Natural Capital Partners Americas, LLC",500,CER
12/11/2024,"Natural Capital Partners Americas, LLC",431,CER
12/11/2024,"Natural Capital Partners Americas, LLC",147,CER
12/11/2024,"Natural Capital Partners Americas, LLC",183,CER
12/11/2024,"Natural Capital Partners Americas, LLC","1,199",CER
12/11/2024,"Natural Capital Partners Americas, LLC",490,CER
12/11/2024,"Natural Capital Partners Americas, LLC",206,CER
12/11/2024,"Natural Capital Partners Americas, LLC","1,944",CER
11/11/2024,CLIMA SOLUTIONS PTY LTD,4,KACCU
11/11/2024,BETACARBON PTY LTD,26,KACCU
11/11/2024,BETACARBON PTY LTD,52,KACCU
11/11/2024,Tasman Environmental Markets Australia Pty Ltd,50,KACCU
11/11/2024,CLIMA SOLUTIONS PTY LTD,2,KACCU
11/11/2024,Tasman Environmental Markets Australia Pty Ltd,48,CER
11/11/2024,Tasman Environmental Markets Australia Pty Ltd,3,KACCU
08/11/2024,CARBON NEUTRAL PTY LTD- Client Holding Account,171,KACCU
08/11/2024,Tasman Environmental Markets Australia Pty Ltd,297,KACCU
08/11/2024,Green Energy Trading Pty Ltd,78,KACCU
08/11/2024,Green Energy Trading Pty Ltd,9,KACCU
08/11/2024,Carbon Financial Services Pty. Ltd.,7,KACCU
08/11/2024,Carbon Financial Services Pty. Ltd.,21,KACCU
07/11/2024,EKI Energy Services Limited,"1,693",CER
07/11/2024,EKI Energy Services Limited,"11,825",CER
07/11/2024,EKI Energy Services Limited,"36,331",CER
07/11/2024,EKI Energy Services Limited,"4,281",CER
07/11/2024,EKI Energy Services Limited,"22,033",CER
07/11/2024,EKI Energy Services Limited,"20,228",CER
07/11/2024,EKI Energy Services Limited,"93,457",CER
07/11/2024,EKI Energy Services Limited,"35,457",CER
07/11/2024,Tasman Environmental Markets Australia Pty Ltd,"1,635",KACCU
07/11/2024,CLIMA SOLUTIONS PTY LTD,37,KACCU
07/11/2024,South Pole Australia Financial Services Pty Ltd,400,KACCU
06/11/2024,GAIA INVESTMENTS (AUST) PTY LTD,53,KACCU
06/11/2024,GAIA INVESTMENTS (AUST) PTY LTD,100,KACCU
06/11/2024,South Pole Australia Financial Services Pty Ltd,159,KACCU
06/11/2024,South Pole Australia Financial Services Pty Ltd,"6,543",KACCU
06/11/2024,South Pole Australia Financial Services Pty Ltd,"13,393",KACCU
05/11/2024,CARBON NEUTRAL PTY LTD,6,KACCU
05/11/2024,Tasman Environmental Markets Australia Pty Ltd,87,KACCU
05/11/2024,Tasman Environmental Markets Australia Pty Ltd,190,KACCU
05/11/2024,Strathburn Cape York Carbon Pty Ltd,30,KACCU
04/11/2024,Tasman Environmental Markets Australia Pty Ltd,85,CER
04/11/2024,Tasman Environmental Markets Australia Pty Ltd,5,KACCU
01/11/2024,Australia and New Zealand Banking Group Limited,"2,424",KACCU
01/11/2024,Australia and New Zealand Banking Group Limited,"4,000",KACCU
01/11/2024,Terra Carbon Pty Ltd,690,KACCU
01/11/2024,Enviro-Mark Solutions Limited,"14,515",CER
01/11/2024,Enviro-Mark Solutions Limited,"19,800",CER
01/11/2024,EVERCLIME PTY LTD,109,KACCU
01/11/2024,EVERCLIME PTY LTD,52,KACCU
01/11/2024,EVERCLIME PTY LTD,150,KACCU
01/11/2024,Terra Carbon Pty Ltd,335,KACCU
01/11/2024,Carbon Financial Services Pty. Ltd.,206,KACCU
31/10/2024,Aboriginal Carbon Fund Limited,"3,450",KACCU
31/10/2024,Aboriginal Carbon Fund Limited,"5,000",KACCU
31/10/2024,Tasman Environmental Markets Australia Pty Ltd,"1,020",KACCU
31/10/2024,Tasman Environmental Markets Australia Pty Ltd,"5,178",KACCU
31/10/2024,Tasman Environmental Markets Australia Pty Ltd,500,KACCU
31/10/2024,CLIMA SOLUTIONS PTY LTD,124,KACCU
31/10/2024,Terra Carbon Pty Ltd,700,KACCU
30/10/2024,OZWIDE FIELD SERVICES PTY LTD,10,KACCU
30/10/2024,OZWIDE FIELD SERVICES PTY LTD,14,KACCU
30/10/2024,Power Product Holdings Pty Ltd,50,KACCU
30/10/2024,OZWIDE FIELD SERVICES PTY LTD,13,KACCU
30/10/2024,Tasman Environmental Markets Australia Pty Ltd,"1,000",KACCU
30/10/2024,Climate Friendly Financial Solutions Pty Limited,"3,399",KACCU
30/10/2024,CANOPY NATURE BASED SOLUTIONS PTY LTD,656,KACCU
30/10/2024,OZWIDE FIELD SERVICES PTY LTD,"11,608",KACCU
30/10/2024,Carbon Financial Services Pty. Ltd.,126,KACCU
30/10/2024,Carbon Financial Services Pty. Ltd.,256,KACCU
30/10/2024,Tasman Environmental Markets Australia Pty Ltd,1,KACCU
30/10/2024,Tasman Environmental Markets Australia Pty Ltd,24,CER
30/10/2024,BETACARBON PTY LTD,79,KACCU
29/10/2024,OZWIDE FIELD SERVICES PTY LTD,"18,456",KACCU
29/10/2024,Tasman Environmental Markets Australia Pty Ltd,942,KACCU
29/10/2024,Tasman Environmental Markets Australia Pty Ltd,460,KACCU
29/10/2024,Tasman Environmental Markets Australia Pty Ltd,95,KACCU
29/10/2024,Tasman Environmental Markets Australia Pty Ltd,"1,390",KACCU
28/10/2024,Carbonhalo Pty Ltd,68,KACCU
28/10/2024,AUSTRALIAN CARBON REDUCTION COLLECTIVE PTY LTD,32,KACCU
28/10/2024,Carbonhalo Pty Ltd,23,KACCU
28/10/2024,CANOPY NATURE BASED SOLUTIONS PTY LTD,52,KACCU
28/10/2024,ENERGYLINK SERVICES PTY LTD,"1,026",CER
28/10/2024,South Pole Australia Financial Services Pty Ltd,62,KACCU
28/10/2024,Commonwealth Bank of Australia,"3,218",KACCU
28/10/2024,Tasman Environmental Markets Australia Pty Ltd,206,CER
28/10/2024,Tasman Environmental Markets Australia Pty Ltd,13,KACCU
28/10/2024,Corporate Carbon Advisory Pty Ltd,35,KACCU
26/10/2024,"Natural Capital Partners Americas, LLC",9,CER
26/10/2024,"Natural Capital Partners Americas, LLC",9,CER
26/10/2024,"Natural Capital Partners Americas, LLC",11,CER
26/10/2024,"Natural Capital Partners Americas, LLC",338,CER
26/10/2024,"Natural Capital Partners Americas, LLC",425,CER
25/10/2024,Tasman Environmental Markets Australia Pty Ltd,"1,076",KACCU
25/10/2024,Tasman Environmental Markets Australia Pty Ltd,171,KACCU
25/10/2024,Tasman Environmental Markets Australia Pty Ltd,"2,804",KACCU
25/10/2024,Tasman Environmental Markets Australia Pty Ltd,100,KACCU
25/10/2024,Tasman Environmental Markets Australia Pty Ltd,469,KACCU
25/10/2024,Tasman Environmental Markets Australia Pty Ltd,"8,911",CER
25/10/2024,ENERGYLINK SERVICES PTY LTD,48,KACCU
24/10/2024,CARBON NEUTRAL PTY LTD- Client Holding Account,"1,048",KACCU
24/10/2024,VIRIDIOS CAPITAL PTY LTD,16,KACCU
23/10/2024,Tasman Environmental Markets Australia Pty Ltd,439,KACCU
23/10/2024,Tasman Environmental Markets Australia Pty Ltd,82,KACCU
23/10/2024,COLES ENVIRONMENTAL SERVICES PTY LTD,"15,367",KACCU
23/10/2024,CLIMA SOLUTIONS PTY LTD,46,KACCU
22/10/2024,CARBON NEUTRAL PTY LTD,"1,455",CER
22/10/2024,Tasman Environmental Markets Australia Pty Ltd,325,KACCU
22/10/2024,Enviro-Mark Solutions Limited,762,CER
22/10/2024,Enviro-Mark Solutions Limited,34,CER
22/10/2024,South Pole Australia Financial Services Pty Ltd,160,KACCU
21/10/2024,Tasman Environmental Markets Australia Pty Ltd,50,KACCU
18/10/2024,CANOPY NATURE BASED SOLUTIONS PTY LTD,"3,871",KACCU
18/10/2024,Tasman Environmental Markets Australia Pty Ltd,"10,000",KACCU
17/10/2024,Tasman Environmental Markets Australia Pty Ltd,554,KACCU
17/10/2024,Tasman Environmental Markets Australia Pty Ltd,245,KACCU
17/10/2024,Tasman Environmental Markets Australia Pty Ltd,5,CER
17/10/2024,Tasman Environmental Markets Australia Pty Ltd,1,KACCU
17/10/2024,Climate Friendly Financial Solutions Pty Limited,35,KACCU
17/10/2024,Climate Friendly Financial Solutions Pty Limited,449,KACCU
16/10/2024,CARBON NEUTRAL PTY LTD,36,KACCU
16/10/2024,Carbon Financial Services Pty. Ltd.,859,KACCU
16/10/2024,Carbon Financial Services Pty. Ltd.,560,KACCU
16/10/2024,Carbon Financial Services Pty. Ltd.,895,KACCU
16/10/2024,Carbon Financial Services Pty. Ltd.,2,KACCU
16/10/2024,Carbon Financial Services Pty. Ltd.,771,KACCU
16/10/2024,Carbon Financial Services Pty. Ltd.,878,KACCU
16/10/2024,Carbon Financial Services Pty. Ltd.,18,KACCU
16/10/2024,Carbon Financial Services Pty. Ltd.,875,KACCU
16/10/2024,Carbon Financial Services Pty. Ltd.,76,KACCU
16/10/2024,Carbon Financial Services Pty. Ltd.,792,KACCU
15/10/2024,CARBON NEUTRAL PTY LTD- Client Holding Account,81,KACCU
14/10/2024,Tasman Environmental Markets Australia Pty Ltd,"1,824",KACCU
14/10/2024,Macquarie Bank Limited,191,KACCU
14/10/2024,ALINTA ENERGY CEA TRADING PTY LTD,"4,251",KACCU
11/10/2024,Commonwealth Bank of Australia,"17,000",KACCU
10/10/2024,NettZero Pty Ltd,31,KACCU
10/10/2024,VIRIDIOS CAPITAL PTY LTD,100,KACCU
09/10/2024,"Natural Capital Partners Americas, LLC","4,043",CER
09/10/2024,"Natural Capital Partners Americas, LLC",110,CER
09/10/2024,"Natural Capital Partners Americas, LLC","1,018",CER
09/10/2024,Tasman Environmental Markets Australia Pty Ltd,"6,332",KACCU
09/10/2024,Tasman Environmental Markets Australia Pty Ltd,704,KACCU
09/10/2024,"Natural Capital Partners Americas, LLC",4,CER
09/10/2024,"Natural Capital Partners Americas, LLC","1,115",CER
09/10/2024,"Natural Capital Partners Americas, LLC","7,500",CER
09/10/2024,"Natural Capital Partners Americas, LLC","2,500",CER
09/10/2024,"Natural Capital Partners Americas, LLC",200,CER
09/10/2024,"Natural Capital Partners Americas, LLC","11,069",CER
09/10/2024,"Natural Capital Partners Americas, LLC","15,000",CER
09/10/2024,"Natural Capital Partners Americas, LLC","1,500",CER
09/10/2024,"Natural Capital Partners Americas, LLC","2,580",CER
09/10/2024,"Natural Capital Partners Americas, LLC",90,CER
09/10/2024,"Natural Capital Partners Americas, LLC","2,189",CER
09/10/2024,"Natural Capital Partners Americas, LLC","37,631",CER
09/10/2024,"Natural Capital Partners Americas, LLC",332,CER
09/10/2024,"Natural Capital Partners Americas, LLC",475,CER
08/10/2024,GAIA INVESTMENTS (AUST) PTY LTD,126,KACCU
08/10/2024,"Natural Capital Partners Americas, LLC","1,300",CER
08/10/2024,"Natural Capital Partners Americas, LLC","1,651",CER
08/10/2024,"Natural Capital Partners Americas, LLC",44,CER
08/10/2024,"Natural Capital Partners Americas, LLC",77,CER
08/10/2024,"Natural Capital Partners Americas, LLC",409,CER
08/10/2024,"Natural Capital Partners Americas, LLC",903,CER
08/10/2024,"Natural Capital Partners Americas, LLC","4,166",CER
08/10/2024,"Natural Capital Partners Americas, LLC","6,089",CER
08/10/2024,"Natural Capital Partners Americas, LLC","2,250",CER
08/10/2024,"Natural Capital Partners Americas, LLC","2,000",CER
08/10/2024,"Natural Capital Partners Americas, LLC","2,000",CER
08/10/2024,"Natural Capital Partners Americas, LLC","6,155",CER
08/10/2024,"Natural Capital Partners Americas, LLC","6,155",CER
08/10/2024,"Natural Capital Partners Americas, LLC","1,000",CER
08/10/2024,"Natural Capital Partners Americas, LLC",426,CER
08/10/2024,"Natural Capital Partners Americas, LLC",223,CER
08/10/2024,"Natural Capital Partners Americas, LLC",173,CER
08/10/2024,"Natural Capital Partners Americas, LLC","46,639",CER
08/10/2024,"Natural Capital Partners Americas, LLC",622,CER
08/10/2024,"Natural Capital Partners Americas, LLC",623,CER
08/10/2024,"Natural Capital Partners Americas, LLC","1,951",CER
03/10/2024,Tasman Environmental Markets Australia Pty Ltd,"1,000",KACCU
03/10/2024,Tasman Environmental Markets Australia Pty Ltd,399,CER
03/10/2024,Tasman Environmental Markets Australia Pty Ltd,100,CER
03/10/2024,Tasman Environmental Markets Australia Pty Ltd,30,KACCU
03/10/2024,Carbon Financial Services Pty. Ltd.,"2,408",KACCU
02/10/2024,WASTE ASSETS MANAGEMENT CORPORATION,"1,689",KACCU
01/10/2024,Carbon Financial Services Pty. Ltd.,273,KACCU
01/10/2024,CARBON NEUTRAL PTY LTD,480,KACCU
01/10/2024,CARNARVON ENERGY LIMITED,18,KACCU
01/10/2024,CLIMA SOLUTIONS PTY LTD,64,KACCU
01/10/2024,VIRIDIOS CAPITAL PTY LTD,50,KACCU
30/09/2024,Tasman Environmental Markets Australia Pty Ltd,75,KACCU
30/09/2024,Tasman Environmental Markets Australia Pty Ltd,327,KACCU
27/09/2024,WeAct Pty Ltd,55,CER
27/09/2024,WeAct Pty Ltd,44,KACCU
27/09/2024,Carbonhalo Pty Ltd,23,KACCU
26/09/2024,HANWHA ENERGY RETAIL AUSTRALIA PTY LTD,"159,854",CER
25/09/2024,WASTE ASSETS MANAGEMENT CORPORATION,"1,124",KACCU
25/09/2024,Tasman Environmental Markets Australia Pty Ltd,"1,500",KACCU
25/09/2024,South Pole Australia Financial Services Pty Ltd,"1,068",KACCU
25/09/2024,Enviro-Mark Solutions Limited,58,CER
25/09/2024,"Natural Capital Partners Americas, LLC",204,CER
25/09/2024,"Natural Capital Partners Americas, LLC",118,CER
25/09/2024,"Natural Capital Partners Americas, LLC",94,CER
24/09/2024,Tasman Environmental Markets Australia Pty Ltd,"10,000",KACCU
24/09/2024,Tasman Environmental Markets Australia Pty Ltd,29,CER
24/09/2024,Tasman Environmental Markets Australia Pty Ltd,52,KACCU
24/09/2024,South Pole Australia Financial Services Pty Ltd,300,KACCU
20/09/2024,Tasman Environmental Markets Australia Pty Ltd,5,KACCU
20/09/2024,Tasman Environmental Markets Australia Pty Ltd,88,CER
19/09/2024,WeAct Pty Ltd,"12,324",CER
19/09/2024,WeAct Pty Ltd,"10,669",CER
19/09/2024,WeAct Pty Ltd,"1,469",CER
19/09/2024,WeAct Pty Ltd,769,CER
19/09/2024,WeAct Pty Ltd,41,CER
18/09/2024,Perenia Pty Ltd,373,CER
18/09/2024,Tasman Environmental Markets Australia Pty Ltd,"5,648",CER
18/09/2024,Tasman Environmental Markets Australia Pty Ltd,353,KACCU
18/09/2024,"Natural Capital Partners Americas, LLC","6,403",CER
18/09/2024,BETACARBON PTY LTD,121,KACCU
17/09/2024,International Power (Energy) Pty Ltd,"3,000",KACCU
17/09/2024,Carbon Financial Services Pty. Ltd.,100,KACCU
17/09/2024,WeAct Pty Ltd,"121,296",CER
17/09/2024,WeAct Pty Ltd,"1,925",CER
17/09/2024,International Power (Energy) Pty Ltd,"7,000",KACCU
17/09/2024,Tasman Environmental Markets Australia Pty Ltd,201,CER
17/09/2024,Tasman Environmental Markets Australia Pty Ltd,25,KACCU
16/09/2024,CLIMA SOLUTIONS PTY LTD,255,KACCU
16/09/2024,CLIMA SOLUTIONS PTY LTD,255,KACCU
16/09/2024,Tasman Environmental Markets Australia Pty Ltd,430,CER
16/09/2024,Tasman Environmental Markets Australia Pty Ltd,"1,032",KACCU
16/09/2024,Tasman Environmental Markets Australia Pty Ltd,370,KACCU
16/09/2024,Tasman Environmental Markets Australia Pty Ltd,333,CER
16/09/2024,Tasman Environmental Markets Australia Pty Ltd,9,KACCU
13/09/2024,Tasman Environmental Markets Australia Pty Ltd,700,CER
13/09/2024,Tasman Environmental Markets Australia Pty Ltd,200,KACCU
13/09/2024,Tasman Environmental Markets Australia Pty Ltd,"14,762",CER
13/09/2024,Tasman Environmental Markets Australia Pty Ltd,"5,126",KACCU
13/09/2024,CARBON NEUTRAL PTY LTD,500,CER
13/09/2024,CARBON NEUTRAL PTY LTD,700,KACCU
12/09/2024,CLIMA SOLUTIONS PTY LTD,122,KACCU
12/09/2024,CLIMA SOLUTIONS PTY LTD,4,KACCU
12/09/2024,CLIMA SOLUTIONS PTY LTD,1,KACCU
12/09/2024,CLIMA SOLUTIONS PTY LTD,14,KACCU
12/09/2024,CLIMA SOLUTIONS PTY LTD,8,KACCU
11/09/2024,Ecovantage Pty Ltd,1,KACCU
11/09/2024,"Natural Capital Partners Americas, LLC",101,CER
10/09/2024,Enviro-Mark Solutions Limited,84,CER
10/09/2024,Enviro-Mark Solutions Limited,184,CER
10/09/2024,CARBON NEUTRAL PTY LTD,47,CER
10/09/2024,CARBON NEUTRAL PTY LTD,112,CER
10/09/2024,"Natural Capital Partners Americas, LLC",241,CER
10/09/2024,"Natural Capital Partners Americas, LLC",539,CER
10/09/2024,"Natural Capital Partners Americas, LLC",62,CER
10/09/2024,"Natural Capital Partners Americas, LLC",29,CER
10/09/2024,"Natural Capital Partners Americas, LLC",4,CER
09/09/2024,"Natural Capital Partners Americas, LLC",276,CER
09/09/2024,"Natural Capital Partners Americas, LLC",169,CER
09/09/2024,"Natural Capital Partners Americas, LLC","1,000",CER
09/09/2024,Tasman Environmental Markets Australia Pty Ltd,215,KACCU
09/09/2024,CARBON NEUTRAL PTY LTD,105,KACCU
09/09/2024,Tasman Environmental Markets Australia Pty Ltd,115,CER
09/09/2024,Tasman Environmental Markets Australia Pty Ltd,7,KACCU
06/09/2024,Aboriginal Carbon Fund Limited,150,KACCU
06/09/2024,CLIMA SOLUTIONS PTY LTD,"3,864",KACCU
06/09/2024,Olkola Aboriginal Corporation,"3,000",KACCU
06/09/2024,Enviro-Mark Solutions Limited,8,CER
06/09/2024,APA infrastructure Limited,"15,086",KACCU
05/09/2024,CARBON NEUTRAL PTY LTD,"11,470",CER
05/09/2024,Carbon Financial Services Pty. Ltd.,576,KACCU
05/09/2024,Tasman Environmental Markets Australia Pty Ltd,"13,119",KACCU
05/09/2024,"Natural Capital Partners Americas, LLC",250,CER
05/09/2024,"Natural Capital Partners Americas, LLC","1,000",CER
05/09/2024,Tasman Environmental Markets Australia Pty Ltd,"1,135",KACCU
04/09/2024,Tasman Environmental Markets Australia Pty Ltd,115,KACCU
04/09/2024,Virgin Australia Airlines Pty Ltd,203,KACCU
04/09/2024,Wanjina-Wunggurr (Native Title) Aboriginal Corporation RNTBC,"21,230",KACCU
04/09/2024,Wanjina-Wunggurr (Native Title) Aboriginal Corporation RNTBC,"21,230",KACCU
04/09/2024,Wanjina-Wunggurr (Native Title) Aboriginal Corporation RNTBC,"16,373",KACCU
04/09/2024,Wanjina-Wunggurr (Native Title) Aboriginal Corporation RNTBC,"4,857",KACCU
04/09/2024,"Natural Capital Partners Americas, LLC","6,374",CER
03/09/2024,TARONGA CONSERVATION SOCIETY AUSTRALIA,"2,366",KACCU
03/09/2024,Tasman Environmental Markets Australia Pty Ltd,50,CER
30/08/2024,Tasman Environmental Markets Australia Pty Ltd,30,CER
29/08/2024,"Natural Capital Partners Americas, LLC","15,846",CER
28/08/2024,Carbonhalo Pty Ltd,23,KACCU
26/08/2024,Enviro-Mark Solutions Limited,27,CER
23/08/2024,Terra Carbon Pty Ltd,167,KACCU
22/08/2024,CARBON NEUTRAL PTY LTD,130,KACCU
22/08/2024,Tasman Environmental Markets Australia Pty Ltd,"1,250",KACCU
22/08/2024,Tasman Environmental Markets Australia Pty Ltd,170,CER
22/08/2024,Tasman Environmental Markets Australia Pty Ltd,10,KACCU
22/08/2024,Tasman Environmental Markets Australia Pty Ltd,410,CER
22/08/2024,"Natural Capital Partners Americas, LLC","7,768",CER
22/08/2024,"Natural Capital Partners Americas, LLC",18,CER
22/08/2024,"Natural Capital Partners Americas, LLC",312,CER
22/08/2024,"Natural Capital Partners Americas, LLC",50,CER
22/08/2024,"Natural Capital Partners Americas, LLC",538,CER
22/08/2024,"Natural Capital Partners Americas, LLC",333,CER
22/08/2024,"Natural Capital Partners Americas, LLC",137,CER
22/08/2024,"Natural Capital Partners Americas, LLC",218,CER
22/08/2024,"Natural Capital Partners Americas, LLC",768,CER
22/08/2024,"Natural Capital Partners Americas, LLC","1,963",CER
22/08/2024,"Natural Capital Partners Americas, LLC",2,CER
22/08/2024,"Natural Capital Partners Americas, LLC",51,CER
22/08/2024,"Natural Capital Partners Americas, LLC","2,553",CER
22/08/2024,"Natural Capital Partners Americas, LLC",86,CER
22/08/2024,"Natural Capital Partners Americas, LLC",251,CER
22/08/2024,"Natural Capital Partners Americas, LLC",67,CER
22/08/2024,"Natural Capital Partners Americas, LLC",547,CER
22/08/2024,"Natural Capital Partners Americas, LLC","1,294",CER
22/08/2024,"Natural Capital Partners Americas, LLC",208,CER
22/08/2024,"Natural Capital Partners Americas, LLC",566,CER
22/08/2024,"Natural Capital Partners Americas, LLC","1,320",CER
22/08/2024,"Natural Capital Partners Americas, LLC",55,CER
22/08/2024,"Natural Capital Partners Americas, LLC",810,CER
22/08/2024,"Natural Capital Partners Americas, LLC",212,CER
22/08/2024,"Natural Capital Partners Americas, LLC",600,CER
22/08/2024,"Natural Capital Partners Americas, LLC",125,CER
22/08/2024,"Natural Capital Partners Americas, LLC",350,CER
21/08/2024,Carbon Financial Services Pty. Ltd.,775,KACCU
21/08/2024,Carbon Financial Services Pty. Ltd.,"1,994",KACCU
21/08/2024,Carbon Financial Services Pty. Ltd.,49,KACCU
21/08/2024,Carbon Financial Services Pty. Ltd.,54,KACCU
21/08/2024,Carbon Financial Services Pty. Ltd.,"1,056",KACCU
21/08/2024,Carbon Financial Services Pty. Ltd.,461,KACCU
21/08/2024,Tasman Environmental Markets Australia Pty Ltd,140,KACCU
21/08/2024,Tasman Environmental Markets Australia Pty Ltd,"2,659",CER
21/08/2024,Tasman Environmental Markets Australia Pty Ltd,205,KACCU
21/08/2024,Tasman Environmental Markets Australia Pty Ltd,"3,893",CER
21/08/2024,Tasman Environmental Markets Australia Pty Ltd,261,KACCU
21/08/2024,Tasman Environmental Markets Australia Pty Ltd,"4,956",CER
21/08/2024,VIRIDIOS CAPITAL PTY LTD,922,KACCU
21/08/2024,Carbon Financial Services Pty. Ltd.,8,KACCU
21/08/2024,Carbon Financial Services Pty. Ltd.,"3,449",KACCU
21/08/2024,Carbon Financial Services Pty. Ltd.,294,KACCU
21/08/2024,Carbon Financial Services Pty. Ltd.,309,KACCU
21/08/2024,Carbon Financial Services Pty. Ltd.,383,KACCU
21/08/2024,Carbon Financial Services Pty. Ltd.,381,KACCU
21/08/2024,Carbon Financial Services Pty. Ltd.,73,KACCU
21/08/2024,South Pole Australia Financial Services Pty Ltd,108,KACCU
21/08/2024,South Pole Australia Financial Services Pty Ltd,167,KACCU
21/08/2024,South Pole Australia Financial Services Pty Ltd,78,KACCU
21/08/2024,South Pole Australia Financial Services Pty Ltd,870,KACCU
21/08/2024,South Pole Australia Financial Services Pty Ltd,346,KACCU
21/08/2024,Carbon Financial Services Pty. Ltd.,15,KACCU
21/08/2024,Carbon Financial Services Pty. Ltd.,4,KACCU
21/08/2024,Carbon Financial Services Pty. Ltd.,"1,000",KACCU
21/08/2024,Carbon Financial Services Pty. Ltd.,523,KACCU
21/08/2024,Carbon Financial Services Pty. Ltd.,8,KACCU
21/08/2024,Carbon Financial Services Pty. Ltd.,374,KACCU
21/08/2024,Carbon Financial Services Pty. Ltd.,244,KACCU
21/08/2024,Carbon Financial Services Pty. Ltd.,540,KACCU
21/08/2024,Carbon Financial Services Pty. Ltd.,336,KACCU
21/08/2024,Carbon Financial Services Pty. Ltd.,606,KACCU
21/08/2024,Carbon Financial Services Pty. Ltd.,925,KACCU
21/08/2024,Carbon Financial Services Pty. Ltd.,56,KACCU
21/08/2024,Carbon Financial Services Pty. Ltd.,"1,195",KACCU
21/08/2024,Carbon Financial Services Pty. Ltd.,82,KACCU
21/08/2024,Carbon Financial Services Pty. Ltd.,370,KACCU
21/08/2024,Carbon Financial Services Pty. Ltd.,32,KACCU
21/08/2024,Carbon Financial Services Pty. Ltd.,120,KACCU
21/08/2024,Carbon Financial Services Pty. Ltd.,154,KACCU
21/08/2024,Carbon Financial Services Pty. Ltd.,13,KACCU
21/08/2024,"Natural Capital Partners Americas, LLC",149,CER
21/08/2024,"Natural Capital Partners Americas, LLC",10,CER
21/08/2024,"Natural Capital Partners Americas, LLC","1,621",CER
21/08/2024,"Natural Capital Partners Americas, LLC",734,CER
21/08/2024,"Natural Capital Partners Americas, LLC",540,CER
21/08/2024,"Natural Capital Partners Americas, LLC",107,CER
21/08/2024,"Natural Capital Partners Americas, LLC",100,CER
20/08/2024,EKI Energy Services Limited,"27,049",CER
20/08/2024,EKI Energy Services Limited,"99,688",CER
20/08/2024,EKI Energy Services Limited,"22,913",CER
20/08/2024,EKI Energy Services Limited,"22,815",CER
20/08/2024,EKI Energy Services Limited,"4,603",CER
20/08/2024,EKI Energy Services Limited,"36,710",CER
20/08/2024,EKI Energy Services Limited,"11,834",CER
20/08/2024,EKI Energy Services Limited,"1,640",CER
20/08/2024,Tasman Environmental Markets Australia Pty Ltd,209,KACCU
20/08/2024,Tasman Environmental Markets Australia Pty Ltd,900,CER
20/08/2024,Tasman Environmental Markets Australia Pty Ltd,168,KACCU
20/08/2024,"Natural Capital Partners Americas, LLC","2,980",CER
19/08/2024,Enviro-Mark Solutions Limited,33,CER
19/08/2024,VIRIDIOS CAPITAL PTY LTD,435,KACCU
19/08/2024,Aboriginal Carbon Fund Limited,100,KACCU
16/08/2024,Commonwealth Bank of Australia,18,KACCU
16/08/2024,Commonwealth Bank of Australia,865,KACCU
16/08/2024,Commonwealth Bank of Australia,538,KACCU
16/08/2024,Commonwealth Bank of Australia,45,KACCU
16/08/2024,Commonwealth Bank of Australia,24,KACCU
16/08/2024,Commonwealth Bank of Australia,1,KACCU
16/08/2024,Commonwealth Bank of Australia,38,KACCU
16/08/2024,Commonwealth Bank of Australia,43,KACCU
16/08/2024,Commonwealth Bank of Australia,104,KACCU
16/08/2024,Commonwealth Bank of Australia,759,KACCU
16/08/2024,Commonwealth Bank of Australia,201,KACCU
16/08/2024,Commonwealth Bank of Australia,525,KACCU
16/08/2024,Commonwealth Bank of Australia,97,KACCU
16/08/2024,Commonwealth Bank of Australia,89,KACCU
16/08/2024,Commonwealth Bank of Australia,"2,015",KACCU
16/08/2024,Commonwealth Bank of Australia,439,KACCU
16/08/2024,Commonwealth Bank of Australia,61,KACCU
16/08/2024,Commonwealth Bank of Australia,426,KACCU
16/08/2024,Commonwealth Bank of Australia,297,KACCU
16/08/2024,Commonwealth Bank of Australia,188,KACCU
16/08/2024,Commonwealth Bank of Australia,10,KACCU
16/08/2024,Viva Energy Australia Ltd,"2,634",KACCU
16/08/2024,Tasman Environmental Markets Australia Pty Ltd,"1,700",KACCU
15/08/2024,Tasman Environmental Markets Australia Pty Ltd,70,CER
15/08/2024,Tasman Environmental Markets Australia Pty Ltd,5,KACCU
15/08/2024,Tasman Environmental Markets Australia Pty Ltd,10,CER
15/08/2024,Tasman Environmental Markets Australia Pty Ltd,1,KACCU
15/08/2024,Tasman Environmental Markets Australia Pty Ltd,43,CER
15/08/2024,Tasman Environmental Markets Australia Pty Ltd,3,KACCU
15/08/2024,Tasman Environmental Markets Australia Pty Ltd,97,CER
15/08/2024,Tasman Environmental Markets Australia Pty Ltd,6,KACCU
15/08/2024,BETACARBON PTY LTD,2,KACCU
15/08/2024,VIRIDIOS CAPITAL PTY LTD,105,KACCU
13/08/2024,INSURANCE AUSTRALIA GROUP LIMITED,"1,600",KACCU
13/08/2024,Tasman Environmental Markets Australia Pty Ltd,195,CER
13/08/2024,Tasman Environmental Markets Australia Pty Ltd,59,CER
13/08/2024,Tasman Environmental Markets Australia Pty Ltd,12,KACCU
13/08/2024,Tasman Environmental Markets Australia Pty Ltd,4,KACCU
13/08/2024,Tasman Environmental Markets Australia Pty Ltd,623,KACCU
13/08/2024,Aboriginal Carbon Fund Limited,100,KACCU
13/08/2024,"Natural Capital Partners Americas, LLC",642,CER
13/08/2024,"Natural Capital Partners Americas, LLC",212,CER
13/08/2024,"Natural Capital Partners Americas, LLC",327,CER
13/08/2024,"Natural Capital Partners Americas, LLC",129,CER
13/08/2024,"Natural Capital Partners Americas, LLC","31,292",CER
13/08/2024,"Natural Capital Partners Americas, LLC","3,710",CER
13/08/2024,"Natural Capital Partners Americas, LLC","2,266",CER
09/08/2024,INSURANCE AUSTRALIA GROUP LIMITED,"14,068",KACCU
09/08/2024,Tasman Environmental Markets Australia Pty Ltd,"2,800",CER
09/08/2024,Tasman Environmental Markets Australia Pty Ltd,300,KACCU
08/08/2024,"Natural Capital Partners Americas, LLC",439,CER
08/08/2024,"Natural Capital Partners Americas, LLC",130,CER
07/08/2024,Tasman Environmental Markets Australia Pty Ltd,90,KACCU
06/08/2024,CARBON NEUTRAL PTY LTD,"3,529",CER
06/08/2024,ENERGYLINK SERVICES PTY LTD,"1,015",CER
06/08/2024,CARBON NEUTRAL PTY LTD,102,KACCU
06/08/2024,"Natural Capital Partners Americas, LLC","7,292",CER
06/08/2024,"Natural Capital Partners Americas, LLC","7,716",CER
05/08/2024,AUSTRALIAN INTEGRATED CARBON FINANCIAL SERVICES PTY. LTD.,"1,000",KACCU
05/08/2024,Corporate Carbon Advisory Pty Ltd,100,KACCU
05/08/2024,South Pole Australia Financial Services Pty Ltd,"1,000",KACCU
02/08/2024,Tasman Environmental Markets Australia Pty Ltd,5,KACCU
02/08/2024,Tasman Environmental Markets Australia Pty Ltd,85,CER
01/08/2024,CHEVRON AUSTRALIA PTY LTD,"29,000",KACCU
31/07/2024,Tasman Environmental Markets Australia Pty Ltd,70,KACCU
31/07/2024,Commonwealth Bank of Australia,"5,000",KACCU
31/07/2024,"Natural Capital Partners Americas, LLC","2,849",CER
31/07/2024,"Natural Capital Partners Americas, LLC","5,447",CER
30/07/2024,ENERGYLINK SERVICES PTY LTD,802,CER
29/07/2024,AGL HP1 Pty Limited,"2,472",KACCU
29/07/2024,AGL HP1 Pty Limited,37,KACCU
29/07/2024,AGL HP1 Pty Limited,2,KACCU
29/07/2024,AGL HP1 Pty Limited,63,KACCU
29/07/2024,AGL HP1 Pty Limited,150,KACCU
29/07/2024,AGL HP1 Pty Limited,"1,492",KACCU
29/07/2024,AGL HP1 Pty Limited,"26,167",KACCU
29/07/2024,AGL HP1 Pty Limited,"4,626",KACCU
28/07/2024,Carbonhalo Pty Ltd,35,KACCU
26/07/2024,Tasman Environmental Markets Australia Pty Ltd,199,CER
26/07/2024,Tasman Environmental Markets Australia Pty Ltd,13,KACCU
26/07/2024,Tasman Environmental Markets Australia Pty Ltd,84,KACCU
26/07/2024,Tasman Environmental Markets Australia Pty Ltd,"1,201",KACCU
26/07/2024,Aboriginal Carbon Fund Limited,84,KACCU
26/07/2024,BETACARBON PTY LTD,356,KACCU
26/07/2024,Tasman Environmental Markets Australia Pty Ltd,"3,720",CER
25/07/2024,Terra Carbon Pty Ltd,2,KACCU
24/07/2024,Viva Energy Australia Ltd,"1,011",KACCU
23/07/2024,Tasman Environmental Markets Australia Pty Ltd,2,KACCU
23/07/2024,Tasman Environmental Markets Australia Pty Ltd,25,CER
23/07/2024,Enviro-Mark Solutions Limited,392,CER
23/07/2024,Tasman Environmental Markets Australia Pty Ltd,"1,824",CER
23/07/2024,Tasman Environmental Markets Australia Pty Ltd,290,KACCU
23/07/2024,Macquarie Bank Limited,"25,000",KACCU
23/07/2024,"Natural Capital Partners Americas, LLC",133,CER
23/07/2024,"Natural Capital Partners Americas, LLC",244,CER
23/07/2024,"Natural Capital Partners Americas, LLC",100,CER
23/07/2024,"Natural Capital Partners Americas, LLC","1,100",CER
23/07/2024,"Natural Capital Partners Americas, LLC","1,431",CER
23/07/2024,"Natural Capital Partners Americas, LLC",392,CER
23/07/2024,"Natural Capital Partners Americas, LLC",400,CER
23/07/2024,"Natural Capital Partners Americas, LLC",313,CER
23/07/2024,"Natural Capital Partners Americas, LLC",400,CER
23/07/2024,"Natural Capital Partners Americas, LLC",382,CER
23/07/2024,"Natural Capital Partners Americas, LLC",815,CER
23/07/2024,"Natural Capital Partners Americas, LLC",369,CER
23/07/2024,"Natural Capital Partners Americas, LLC","2,091",CER
23/07/2024,"Natural Capital Partners Americas, LLC",300,CER
22/07/2024,"Natural Capital Partners Americas, LLC",651,CER
22/07/2024,"Natural Capital Partners Americas, LLC",703,CER
19/07/2024,"Natural Capital Partners Americas, LLC","15,000",CER
19/07/2024,"Natural Capital Partners Americas, LLC","42,697",CER
19/07/2024,Tasman Environmental Markets Australia Pty Ltd,22,KACCU
18/07/2024,Aboriginal Carbon Fund Limited,89,KACCU
18/07/2024,Macquarie Bank Limited,405,KACCU
17/07/2024,Carbon Financial Services Pty. Ltd.,144,KACCU
17/07/2024,CARBON NEUTRAL PTY LTD,4,KACCU
17/07/2024,CARBON NEUTRAL PTY LTD,90,CER
15/07/2024,Terra Carbon Pty Ltd,150,KACCU
15/07/2024,GAIA INVESTMENTS (AUST) PTY LTD,"1,023",KACCU
12/07/2024,Tasman Environmental Markets Australia Pty Ltd,710,KACCU
11/07/2024,"Natural Capital Partners Americas, LLC",1,CER
11/07/2024,"Natural Capital Partners Americas, LLC",690,CER
11/07/2024,"Natural Capital Partners Americas, LLC","4,778",CER
11/07/2024,"Natural Capital Partners Americas, LLC","4,918",CER
11/07/2024,"Natural Capital Partners Americas, LLC","1,290",CER
11/07/2024,"Natural Capital Partners Americas, LLC",7,CER
11/07/2024,"Natural Capital Partners Americas, LLC",127,CER
11/07/2024,"Natural Capital Partners Americas, LLC",194,CER
11/07/2024,"Natural Capital Partners Americas, LLC",630,CER
11/07/2024,"Natural Capital Partners Americas, LLC",450,CER
11/07/2024,"Natural Capital Partners Americas, LLC","2,000",CER
11/07/2024,"Natural Capital Partners Americas, LLC","3,000",CER
11/07/2024,"Natural Capital Partners Americas, LLC",300,CER
11/07/2024,"Natural Capital Partners Americas, LLC",100,CER
11/07/2024,"Natural Capital Partners Americas, LLC",100,CER
11/07/2024,"Natural Capital Partners Americas, LLC","7,485",CER
11/07/2024,"Natural Capital Partners Americas, LLC",564,CER
10/07/2024,"Natural Capital Partners Americas, LLC",140,CER
10/07/2024,Global Environmental Markets Pty Ltd,"1,800",CER
10/07/2024,Terra Carbon Pty Ltd,30,KACCU
10/07/2024,WeAct Pty Ltd,619,CER
10/07/2024,"Natural Capital Partners Americas, LLC","200,000",CER
09/07/2024,CLIMA SOLUTIONS PTY LTD,125,KACCU
08/07/2024,"Natural Capital Partners Americas, LLC","2,500",CER
08/07/2024,"Natural Capital Partners Americas, LLC","3,000",CER
08/07/2024,Tasman Environmental Markets Australia Pty Ltd,181,KACCU
08/07/2024,Tasman Environmental Markets Australia Pty Ltd,223,KACCU
05/07/2024,"Natural Capital Partners Americas, LLC","32,611",CER
05/07/2024,GAIA INVESTMENTS (AUST) PTY LTD,27,KACCU
05/07/2024,Enviro-Mark Solutions Limited,6,CER
04/07/2024,GAIA INVESTMENTS (AUST) PTY LTD,34,KACCU
04/07/2024,Tasman Environmental Markets Australia Pty Ltd,134,CER
04/07/2024,Tasman Environmental Markets Australia Pty Ltd,8,KACCU
04/07/2024,CARBON NEUTRAL PTY LTD,900,KACCU
04/07/2024,Tasman Environmental Markets Australia Pty Ltd,93,KACCU
04/07/2024,Tasman Environmental Markets Australia Pty Ltd,98,KACCU
04/07/2024,Climate Friendly Financial Solutions Pty Limited,556,KACCU
04/07/2024,Aboriginal Carbon Fund Limited,100,KACCU
04/07/2024,South Pole Australia Financial Services Pty Ltd,"3,337",KACCU
03/07/2024,EVERCLIME PTY LTD,"1,330",KACCU
03/07/2024,South Pole Australia Financial Services Pty Ltd,46,KACCU
03/07/2024,Carbon Financial Services Pty. Ltd.,184,KACCU
02/07/2024,"Natural Capital Partners Americas, LLC",100,CER
02/07/2024,Aboriginal Carbon Fund Limited,38,KACCU
02/07/2024,Aboriginal Carbon Fund Limited,100,KACCU
02/07/2024,Carbonhalo Pty Ltd,27,KACCU
01/07/2024,CARBON NEUTRAL PTY LTD,150,CER
28/06/2024,CARBON NEUTRAL PTY LTD,256,KACCU
28/06/2024,Tasman Environmental Markets Australia Pty Ltd,387,CER
28/06/2024,Tasman Environmental Markets Australia Pty Ltd,60,KACCU
28/06/2024,Boral Limited,"2,700",KACCU
28/06/2024,Tasman Environmental Markets Australia Pty Ltd,"3,706",KACCU
28/06/2024,OZWIDE FIELD SERVICES PTY LTD,300,KACCU
28/06/2024,CARBON NEUTRAL PTY LTD,"2,175",KACCU
28/06/2024,Water Corporation,"56,200",KACCU
28/06/2024,Green Energy Trading Pty Ltd,"1,900",KACCU
27/06/2024,BWP MANAGEMENT LIMITED,450,KACCU
27/06/2024,OZWIDE FIELD SERVICES PTY LTD,17,KACCU
27/06/2024,Tasman Environmental Markets Australia Pty Ltd,686,CER
27/06/2024,Tasman Environmental Markets Australia Pty Ltd,"1,075",CER
27/06/2024,Tasman Environmental Markets Australia Pty Ltd,222,KACCU
27/06/2024,Tasman Environmental Markets Australia Pty Ltd,348,KACCU
27/06/2024,CARBON NEUTRAL PTY LTD,600,CER
27/06/2024,Aboriginal Carbon Fund Limited,60,KACCU
27/06/2024,South Pole Australia Financial Services Pty Ltd,"1,000",KACCU
27/06/2024,CLIMA SOLUTIONS PTY LTD,5,KACCU
26/06/2024,Terra Carbon Pty Ltd,"2,000",CER
26/06/2024,Terra Carbon Pty Ltd,"1,075",KACCU
26/06/2024,OZWIDE FIELD SERVICES PTY LTD,56,KACCU
26/06/2024,Tasman Environmental Markets Australia Pty Ltd,"1,062",KACCU
26/06/2024,Tasman Environmental Markets Australia Pty Ltd,"3,285",CER
26/06/2024,Tasman Environmental Markets Australia Pty Ltd,43,CER
26/06/2024,Tasman Environmental Markets Australia Pty Ltd,3,KACCU
26/06/2024,Enviro-Mark Solutions Limited,26,CER
25/06/2024,AGL Hydro Partnership,"1,400",KACCU
25/06/2024,Tasman Environmental Markets Australia Pty Ltd,122,CER
25/06/2024,Tasman Environmental Markets Australia Pty Ltd,7,KACCU
25/06/2024,Climate Friendly Financial Solutions Pty Limited,17,KACCU
25/06/2024,VIRIDIOS CAPITAL PTY LTD,96,KACCU
24/06/2024,Tasman Environmental Markets Australia Pty Ltd,"18,336",KACCU
24/06/2024,Enviro-Mark Solutions Limited,72,CER
23/06/2024,Enviro-Mark Solutions Limited,70,CER
21/06/2024,Tasman Environmental Markets Australia Pty Ltd,"15,000",CER
21/06/2024,Tasman Environmental Markets Australia Pty Ltd,117,KACCU
21/06/2024,Tasman Environmental Markets Australia Pty Ltd,8,KACCU
21/06/2024,Tasman Environmental Markets Australia Pty Ltd,128,CER
21/06/2024,Tasman Environmental Markets Australia Pty Ltd,"6,500",CER
21/06/2024,Corporate Carbon Advisory Pty Ltd,"3,275",KACCU
20/06/2024,Tasman Environmental Markets Australia Pty Ltd,"13,658",CER
20/06/2024,Enviro-Mark Solutions Limited,242,CER
20/06/2024,ENERGYLINK SERVICES PTY LTD,100,KACCU
19/06/2024,Carbon Financial Services Pty. Ltd.,"5,244",CER
19/06/2024,CHEVRON AUSTRALIA PTY LTD,"40,000",KACCU
18/06/2024,CANOPY NATURE BASED SOLUTIONS PTY LTD,"1,155",KACCU
18/06/2024,South Pole Australia Financial Services Pty Ltd,"4,877",KACCU
18/06/2024,Tasman Environmental Markets Australia Pty Ltd,204,CER
18/06/2024,Aboriginal Carbon Fund Limited,48,KACCU
18/06/2024,Tasman Environmental Markets Australia Pty Ltd,305,KACCU
18/06/2024,AURECON AUSTRALASIA PTY LTD,"10,140",KACCU
17/06/2024,Clearblue Markets Europe BV,"30,000",CER
17/06/2024,Terra Carbon Pty Ltd,659,CER
17/06/2024,Terra Carbon Pty Ltd,760,KACCU
17/06/2024,MTA Energy Pty Ltd,22,KACCU
14/06/2024,Tasman Environmental Markets Australia Pty Ltd,"1,329",KACCU
14/06/2024,Tasman Environmental Markets Australia Pty Ltd,"25,246",CER
14/06/2024,Tasman Environmental Markets Australia Pty Ltd,"19,181",CER
14/06/2024,Tasman Environmental Markets Australia Pty Ltd,"1,010",KACCU
14/06/2024,Tasman Environmental Markets Australia Pty Ltd,"14,862",CER
14/06/2024,Tasman Environmental Markets Australia Pty Ltd,"5,126",KACCU
14/06/2024,GAIA INVESTMENTS (AUST) PTY LTD,31,KACCU
14/06/2024,Tasman Environmental Markets Australia Pty Ltd,30,KACCU
14/06/2024,Carbon Financial Services Pty. Ltd.,491,KACCU
13/06/2024,ENERGY ACTION (AUSTRALIA) PTY LTD,170,KACCU
13/06/2024,Northmore Gordon Environmental Pty Ltd,284,KACCU
13/06/2024,Water Corporation,"7,498",KACCU
12/06/2024,Green Energy Trading Pty Ltd,879,KACCU
12/06/2024,"Natural Capital Partners Americas, LLC",211,CER
12/06/2024,"Natural Capital Partners Americas, LLC",76,CER
11/06/2024,Tasman Environmental Markets Australia Pty Ltd,88,CER
11/06/2024,Tasman Environmental Markets Australia Pty Ltd,5,KACCU
11/06/2024,Tasman Environmental Markets Australia Pty Ltd,50,KACCU
11/06/2024,"Natural Capital Partners Americas, LLC",378,CER
11/06/2024,"Natural Capital Partners Americas, LLC",25,CER
11/06/2024,"Natural Capital Partners Americas, LLC",393,CER
11/06/2024,"Natural Capital Partners Americas, LLC",142,CER
11/06/2024,"Natural Capital Partners Americas, LLC","4,942",CER
11/06/2024,"Natural Capital Partners Americas, LLC","17,264",CER
11/06/2024,"Natural Capital Partners Americas, LLC",108,CER
11/06/2024,"Natural Capital Partners Americas, LLC",560,CER
11/06/2024,"Natural Capital Partners Americas, LLC",150,CER
11/06/2024,"Natural Capital Partners Americas, LLC","7,760",CER
11/06/2024,"Natural Capital Partners Americas, LLC",150,CER
11/06/2024,"Natural Capital Partners Americas, LLC","12,561",CER
11/06/2024,"Natural Capital Partners Americas, LLC",175,CER
11/06/2024,"Natural Capital Partners Americas, LLC","4,560",CER
11/06/2024,"Natural Capital Partners Americas, LLC","1,139",CER
11/06/2024,"Natural Capital Partners Americas, LLC",839,CER
11/06/2024,"Natural Capital Partners Americas, LLC",866,CER
06/06/2024,Tasman Environmental Markets Australia Pty Ltd,36,KACCU
06/06/2024,Tasman Environmental Markets Australia Pty Ltd,579,CER
06/06/2024,Tasman Environmental Markets Australia Pty Ltd,173,CER
06/06/2024,Tasman Environmental Markets Australia Pty Ltd,185,CER
06/06/2024,Tasman Environmental Markets Australia Pty Ltd,156,CER
06/06/2024,Tasman Environmental Markets Australia Pty Ltd,9,KACCU
06/06/2024,WeAct Pty Ltd,"15,000",CER
06/06/2024,Enviro-Mark Solutions Limited,39,CER
06/06/2024,Enviro-Mark Solutions Limited,183,CER
06/06/2024,Enviro-Mark Solutions Limited,107,CER
05/06/2024,Strathburn Cape York Carbon Pty Ltd,200,KACCU
05/06/2024,Geoffrey Layton John Pattison,607,KACCU
04/06/2024,Perenia Pty Ltd,88,CER
04/06/2024,Perenia Pty Ltd,143,CER
04/06/2024,Perenia Pty Ltd,"7,080",CER
04/06/2024,Perenia Pty Ltd,"2,354",CER
04/06/2024,Tasman Environmental Markets Australia Pty Ltd,50,KACCU
04/06/2024,Tasman Environmental Markets Australia Pty Ltd,28,CER
04/06/2024,South Pole Australia Financial Services Pty Ltd,"6,000",KACCU
04/06/2024,South Pole Australia Financial Services Pty Ltd,500,KACCU
04/06/2024,Northmore Gordon Environmental Pty Ltd,35,KACCU
04/06/2024,Tasman Environmental Markets Australia Pty Ltd,167,KACCU
04/06/2024,South Australian Water Corporation,"4,510",KACCU
03/06/2024,South Pole Australia Financial Services Pty Ltd,7,KACCU
03/06/2024,South Pole Australia Financial Services Pty Ltd,478,KACCU
31/05/2024,CARBON NEUTRAL PTY LTD,170,CER
31/05/2024,Tasman Environmental Markets Australia Pty Ltd,"5,400",KACCU
31/05/2024,Tasman Environmental Markets Australia Pty Ltd,"10,800",CER
31/05/2024,Tasman Environmental Markets Australia Pty Ltd,"1,002",KACCU
31/05/2024,Tasman Environmental Markets Australia Pty Ltd,"3,102",CER
31/05/2024,South Pole Australia Financial Services Pty Ltd,"1,447",KACCU
31/05/2024,Strathburn Cape York Carbon Pty Ltd,475,KACCU
31/05/2024,BETACARBON PTY LTD,2,KACCU
30/05/2024,BETACARBON PTY LTD,282,KACCU
30/05/2024,Tasman Environmental Markets Australia Pty Ltd,2,KACCU
30/05/2024,Tasman Environmental Markets Australia Pty Ltd,39,CER
30/05/2024,Tasman Environmental Markets Australia Pty Ltd,180,CER
30/05/2024,Tasman Environmental Markets Australia Pty Ltd,5,KACCU
30/05/2024,Tasman Environmental Markets Australia Pty Ltd,21,KACCU
30/05/2024,Tasman Environmental Markets Australia Pty Ltd,2,KACCU
30/05/2024,Tasman Environmental Markets Australia Pty Ltd,40,CER
30/05/2024,Tasman Environmental Markets Australia Pty Ltd,225,CER
30/05/2024,Tasman Environmental Markets Australia Pty Ltd,28,KACCU
30/05/2024,Tasman Environmental Markets Australia Pty Ltd,45,CER
30/05/2024,Tasman Environmental Markets Australia Pty Ltd,23,CER
30/05/2024,"Natural Capital Partners Americas, LLC",353,CER
30/05/2024,"Natural Capital Partners Americas, LLC",158,CER
30/05/2024,"Natural Capital Partners Americas, LLC",276,CER
30/05/2024,"Natural Capital Partners Americas, LLC",586,CER
30/05/2024,"Natural Capital Partners Americas, LLC",193,CER
30/05/2024,"Natural Capital Partners Americas, LLC",781,CER
30/05/2024,"Natural Capital Partners Americas, LLC",690,CER
30/05/2024,"Natural Capital Partners Americas, LLC",153,CER
30/05/2024,"Natural Capital Partners Americas, LLC",360,CER
30/05/2024,"Natural Capital Partners Americas, LLC",560,CER
30/05/2024,"Natural Capital Partners Americas, LLC","1,199",CER
30/05/2024,"Natural Capital Partners Americas, LLC",200,CER
30/05/2024,"Natural Capital Partners Americas, LLC",384,CER
29/05/2024,"Natural Capital Partners Americas, LLC",299,CER
29/05/2024,"Natural Capital Partners Americas, LLC",416,CER
29/05/2024,"Natural Capital Partners Americas, LLC",1,CER
29/05/2024,"Natural Capital Partners Americas, LLC",200,CER
29/05/2024,"Natural Capital Partners Americas, LLC","1,276",CER
29/05/2024,"Natural Capital Partners Americas, LLC","10,984",CER
29/05/2024,"Natural Capital Partners Americas, LLC","1,899",CER
29/05/2024,"Natural Capital Partners Americas, LLC","7,000",CER
28/05/2024,Tasman Environmental Markets Australia Pty Ltd,200,KACCU
28/05/2024,Tasman Environmental Markets Australia Pty Ltd,24,CER
28/05/2024,Tasman Environmental Markets Australia Pty Ltd,710,KACCU
28/05/2024,Carbonhalo Pty Ltd,23,KACCU
27/05/2024,Tasman Environmental Markets Australia Pty Ltd,"25,000",KACCU
27/05/2024,Tasman Environmental Markets Australia Pty Ltd,20,KACCU
27/05/2024,Aboriginal Carbon Fund Limited,140,KACCU
27/05/2024,South Pole Australia Financial Services Pty Ltd,690,KACCU
27/05/2024,South Pole Australia Financial Services Pty Ltd,583,KACCU
27/05/2024,South Pole Australia Financial Services Pty Ltd,360,KACCU
24/05/2024,POINT ZERO INTERNATIONAL PTY LTD,450,KACCU
24/05/2024,Carbon Financial Services Pty. Ltd.,465,CER
24/05/2024,HOBART INTERNATIONAL AIRPORT PTY LIMITED,585,KACCU
24/05/2024,South Australian Water Corporation,"6,596",KACCU
23/05/2024,CARBON NEUTRAL PTY LTD,24,CER
23/05/2024,Commonwealth Bank of Australia,550,KACCU
23/05/2024,Tasman Environmental Markets Australia Pty Ltd,"2,000",CER
23/05/2024,Tasman Environmental Markets Australia Pty Ltd,250,KACCU
23/05/2024,Tasman Environmental Markets Australia Pty Ltd,460,CER
23/05/2024,Tasman Environmental Markets Australia Pty Ltd,50,KACCU
23/05/2024,Tasman Environmental Markets Australia Pty Ltd,60,CER
23/05/2024,Tasman Environmental Markets Australia Pty Ltd,153,CER
23/05/2024,Tasman Environmental Markets Australia Pty Ltd,"1,688",CER
22/05/2024,Clearblue Markets Europe BV,"30,600",CER
22/05/2024,Clearblue Markets Europe BV,600,CER
22/05/2024,BETACARBON PTY LTD,1,KACCU
22/05/2024,BETACARBON PTY LTD,2,KACCU
22/05/2024,BETACARBON PTY LTD,6,KACCU
22/05/2024,BETACARBON PTY LTD,1,KACCU
22/05/2024,"Natural Capital Partners Americas, LLC","4,180",CER
22/05/2024,"Natural Capital Partners Americas, LLC","3,135",CER
22/05/2024,"Natural Capital Partners Americas, LLC","6,940",CER
22/05/2024,"Natural Capital Partners Americas, LLC",39,CER
22/05/2024,"Natural Capital Partners Americas, LLC",375,CER
22/05/2024,"Natural Capital Partners Americas, LLC","1,066",CER
22/05/2024,"Natural Capital Partners Americas, LLC",175,CER
22/05/2024,"Natural Capital Partners Americas, LLC",166,CER
22/05/2024,"Natural Capital Partners Americas, LLC",39,CER
22/05/2024,"Natural Capital Partners Americas, LLC","1,000",CER
22/05/2024,"Natural Capital Partners Americas, LLC",582,CER
22/05/2024,"Natural Capital Partners Americas, LLC","23,578",CER
22/05/2024,"Natural Capital Partners Americas, LLC","15,519",CER
21/05/2024,EKI Energy Services Limited,90,CER
21/05/2024,EKI Energy Services Limited,"11,000",CER
21/05/2024,Tasman Environmental Markets Australia Pty Ltd,"2,800",CER
21/05/2024,Tasman Environmental Markets Australia Pty Ltd,800,KACCU
21/05/2024,Tasman Environmental Markets Australia Pty Ltd,288,KACCU
21/05/2024,VIRIDIOS CAPITAL PTY LTD,649,KACCU
21/05/2024,Terra Carbon Pty Limited,"13,600",CER
20/05/2024,BETACARBON PTY LTD,2,KACCU
20/05/2024,BETACARBON PTY LTD,2,KACCU
20/05/2024,BETACARBON PTY LTD,2,KACCU
16/05/2024,Carbon Financial Services Pty. Ltd.,"13,290",CER
16/05/2024,Carbon Financial Services Pty. Ltd.,100,KACCU
16/05/2024,Climate Friendly Financial Solutions Pty Limited,500,KACCU
16/05/2024,Tasman Environmental Markets Australia Pty Ltd,8,CER
16/05/2024,Tasman Environmental Markets Australia Pty Ltd,1,KACCU
15/05/2024,CARBON NEUTRAL PTY LTD,198,KACCU
15/05/2024,BETACARBON PTY LTD,139,KACCU
15/05/2024,BETACARBON PTY LTD,"1,000",KACCU
14/05/2024,Aboriginal Carbon Fund Limited,"3,300",KACCU
14/05/2024,Tasman Environmental Markets Australia Pty Ltd,8,KACCU
14/05/2024,Tasman Environmental Markets Australia Pty Ltd,133,CER
13/05/2024,CANOPY NATURE BASED SOLUTIONS PTY LTD,"6,000",KACCU
11/05/2024,"Natural Capital Partners Americas, LLC",300,CER
09/05/2024,Jarden Australia Pty Ltd,"1,512",KACCU
09/05/2024,Perenia Pty Ltd,"4,234",CER
08/05/2024,Terra Carbon Pty Ltd,200,KACCU
08/05/2024,GAIA INVESTMENTS (AUST) PTY LTD,90,KACCU
08/05/2024,"Natural Capital Partners Americas, LLC","2,418",CER
08/05/2024,South Pole Australia Financial Services Pty Ltd,"2,632",KACCU
08/05/2024,"Natural Capital Partners Americas, LLC","13,000",CER
08/05/2024,"Natural Capital Partners Americas, LLC","2,500",CER
07/05/2024,Terra Carbon Pty Ltd,160,KACCU
07/05/2024,Tasman Environmental Markets Australia Pty Ltd,11,CER
07/05/2024,Tasman Environmental Markets Australia Pty Ltd,2,KACCU
07/05/2024,Tasman Environmental Markets Australia Pty Ltd,26,CER
07/05/2024,Tasman Environmental Markets Australia Pty Ltd,26,CER
07/05/2024,Tasman Environmental Markets Australia Pty Ltd,1,KACCU
07/05/2024,Tasman Environmental Markets Australia Pty Ltd,368,KACCU
07/05/2024,Tasman Environmental Markets Australia Pty Ltd,87,KACCU
06/05/2024,EKI Energy Services Limited,"1,565",CER
06/05/2024,EKI Energy Services Limited,"11,480",CER
06/05/2024,EKI Energy Services Limited,"32,665",CER
06/05/2024,EKI Energy Services Limited,"4,476",CER
06/05/2024,EKI Energy Services Limited,"21,564",CER
06/05/2024,EKI Energy Services Limited,"22,992",CER
06/05/2024,EKI Energy Services Limited,"95,455",CER
06/05/2024,EKI Energy Services Limited,"26,340",CER
06/05/2024,Corporate Carbon Advisory Pty Ltd,100,KACCU
06/05/2024,VIRIDIOS CAPITAL PTY LTD,260,KACCU
06/05/2024,BETACARBON PTY LTD,110,KACCU
06/05/2024,BETACARBON PTY LTD,217,KACCU
05/05/2024,Enviro-Mark Solutions Limited,55,CER
05/05/2024,Enviro-Mark Solutions Limited,6,CER
05/05/2024,Enviro-Mark Solutions Limited,93,CER
05/05/2024,Enviro-Mark Solutions Limited,8,CER
03/05/2024,EVERCLIME PTY LTD,400,KACCU
03/05/2024,Commonwealth Bank of Australia,"5,397",KACCU
03/05/2024,Corporate Carbon Advisory Pty Ltd,"5,595",KACCU
03/05/2024,"Natural Capital Partners Americas, LLC","8,382",CER
03/05/2024,"Natural Capital Partners Americas, LLC",825,CER
02/05/2024,Green Energy Trading Pty Ltd,196,KACCU
02/05/2024,Tasman Environmental Markets Australia Pty Ltd,5,KACCU
02/05/2024,Tasman Environmental Markets Australia Pty Ltd,"2,732",CER
02/05/2024,Tasman Environmental Markets Australia Pty Ltd,884,KACCU
02/05/2024,Tasman Environmental Markets Australia Pty Ltd,58,KACCU
02/05/2024,Tasman Environmental Markets Australia Pty Ltd,474,CER
02/05/2024,Tasman Environmental Markets Australia Pty Ltd,250,KACCU
01/05/2024,GAIA INVESTMENTS (AUST) PTY LTD,173,KACCU
30/04/2024,AUSTRALIAN CARBON REDUCTION COLLECTIVE PTY LTD,66,KACCU
30/04/2024,GAIA INVESTMENTS (AUST) PTY LTD,38,KACCU
30/04/2024,South Pole Australia Financial Services Pty Ltd,"3,177",KACCU
29/04/2024,EKI Energy Services Limited,"7,000",CER
29/04/2024,EKI Energy Services Limited,"1,000",CER
29/04/2024,Tasman Environmental Markets Australia Pty Ltd,38,CER
29/04/2024,Tasman Environmental Markets Australia Pty Ltd,69,KACCU
29/04/2024,Enviro-Mark Solutions Limited,64,CER
29/04/2024,Tasman Environmental Markets Australia Pty Ltd,398,KACCU
29/04/2024,Tasman Environmental Markets Australia Pty Ltd,"6,367",CER
29/04/2024,Tasman Environmental Markets Australia Pty Ltd,5,KACCU
29/04/2024,Enviro-Mark Solutions Limited,1,CER
29/04/2024,Enviro-Mark Solutions Limited,765,CER
29/04/2024,Enviro-Mark Solutions Limited,3,CER
29/04/2024,Enviro-Mark Solutions Limited,31,CER
29/04/2024,Enviro-Mark Solutions Limited,9,CER
29/04/2024,Enviro-Mark Solutions Limited,45,CER
29/04/2024,Enviro-Mark Solutions Limited,238,CER
29/04/2024,Enviro-Mark Solutions Limited,31,CER
29/04/2024,Terra Carbon Pty Ltd,67,KACCU
29/04/2024,Terra Carbon Pty Ltd,236,CER
29/04/2024,Terra Carbon Pty Ltd,472,KACCU
29/04/2024,Terra Carbon Pty Ltd,944,KACCU
29/04/2024,Terra Carbon Pty Ltd,232,KACCU
29/04/2024,Terra Carbon Pty Ltd,157,KACCU
29/04/2024,Carbonhalo Pty Ltd,24,KACCU
29/04/2024,Corporate Carbon Advisory Pty Ltd,146,KACCU
26/04/2024,WeAct Pty Ltd,40,KACCU
26/04/2024,CARBON NEUTRAL PTY LTD,322,CER
26/04/2024,"Natural Capital Partners Americas, LLC",86,CER
26/04/2024,"Natural Capital Partners Americas, LLC","1,620",CER
26/04/2024,"Natural Capital Partners Americas, LLC","3,750",CER
24/04/2024,ENERGYLINK SERVICES PTY LTD,45,KACCU
24/04/2024,Terra Carbon Pty Ltd,"1,039",KACCU
24/04/2024,Viva Energy Australia Ltd,887,KACCU
23/04/2024,GAIA INVESTMENTS (AUST) PTY LTD,15,KACCU
22/04/2024,Tasman Environmental Markets Australia Pty Ltd,"2,563",KACCU
22/04/2024,Northmore Gordon Environmental Pty Ltd,185,KACCU
22/04/2024,Origin Energy Electricity Ltd,"1,196",KACCU
22/04/2024,Origin Energy Electricity Ltd,"22,720",KACCU
22/04/2024,Tasman Environmental Markets Australia Pty Ltd,"2,563",KACCU
22/04/2024,Tasman Environmental Markets Australia Pty Ltd,"14,862",CER
22/04/2024,South Pole Australia Financial Services Pty Ltd,140,KACCU
19/04/2024,Carbon Financial Services Pty. Ltd.,"5,100",CER
19/04/2024,CARBON NEUTRAL PTY LTD,150,KACCU
19/04/2024,South Pole Australia Financial Services Pty Ltd,17,KACCU
19/04/2024,South Pole Australia Financial Services Pty Ltd,1,KACCU
19/04/2024,South Pole Australia Financial Services Pty Ltd,5,KACCU
19/04/2024,South Pole Australia Financial Services Pty Ltd,67,KACCU
19/04/2024,South Pole Australia Financial Services Pty Ltd,74,KACCU
19/04/2024,South Pole Australia Financial Services Pty Ltd,28,KACCU
19/04/2024,South Pole Australia Financial Services Pty Ltd,4,KACCU
19/04/2024,South Pole Australia Financial Services Pty Ltd,113,KACCU
19/04/2024,South Pole Australia Financial Services Pty Ltd,16,KACCU
19/04/2024,Tasman Environmental Markets Australia Pty Ltd,61,KACCU
19/04/2024,Tasman Environmental Markets Australia Pty Ltd,175,KACCU
19/04/2024,Carbon Financial Services Pty. Ltd.,468,KACCU
19/04/2024,Carbon Financial Services Pty. Ltd.,574,KACCU
18/04/2024,CANOPY NATURE BASED SOLUTIONS PTY LTD,945,KACCU
18/04/2024,CLIMA SOLUTIONS PTY LTD,25,KACCU
18/04/2024,South Pole Australia Financial Services Pty Ltd,"5,866",KACCU
18/04/2024,Carbon Financial Services Pty. Ltd.,"1,800",KACCU
18/04/2024,Tasman Environmental Markets Australia Pty Ltd,50,KACCU
18/04/2024,Tasman Environmental Markets Australia Pty Ltd,430,CER
18/04/2024,Ozwide Energy Group Pty Ltd,82,KACCU
18/04/2024,South Pole Australia Financial Services Pty Ltd,"1,648",KACCU
18/04/2024,South Pole Australia Financial Services Pty Ltd,247,KACCU
18/04/2024,South Pole Australia Financial Services Pty Ltd,114,KACCU
18/04/2024,South Pole Australia Financial Services Pty Ltd,357,KACCU
18/04/2024,South Pole Australia Financial Services Pty Ltd,69,KACCU
18/04/2024,South Pole Australia Financial Services Pty Ltd,119,KACCU
18/04/2024,South Pole Australia Financial Services Pty Ltd,532,KACCU
18/04/2024,South Pole Australia Financial Services Pty Ltd,406,KACCU
17/04/2024,CARBON NEUTRAL PTY LTD,"1,697",CER
17/04/2024,Tasman Environmental Markets Australia Pty Ltd,"1,000",KACCU
17/04/2024,Tasman Environmental Markets Australia Pty Ltd,2,KACCU
17/04/2024,Tasman Environmental Markets Australia Pty Ltd,30,CER
17/04/2024,Tasman Environmental Markets Australia Pty Ltd,14,CER
17/04/2024,Tasman Environmental Markets Australia Pty Ltd,1,KACCU
17/04/2024,Tasman Environmental Markets Australia Pty Ltd,"2,275",KACCU
16/04/2024,Corporate Carbon Advisory Pty Ltd,120,KACCU
15/04/2024,WeAct Pty Ltd,"11,435",CER
12/04/2024,CARBON NEUTRAL PTY LTD,"1,603",CER
12/04/2024,Terra Carbon Pty Ltd,"77,439",KACCU
12/04/2024,Tasman Environmental Markets Australia Pty Ltd,82,CER
12/04/2024,Tasman Environmental Markets Australia Pty Ltd,34,CER
12/04/2024,Tasman Environmental Markets Australia Pty Ltd,2,KACCU
12/04/2024,Tasman Environmental Markets Australia Pty Ltd,169,CER
12/04/2024,Tasman Environmental Markets Australia Pty Ltd,10,KACCU
11/04/2024,CLIMA SOLUTIONS PTY LTD,3,KACCU
11/04/2024,Commonwealth Bank of Australia,10,KACCU
10/04/2024,Aboriginal Carbon Fund Limited,200,KACCU
10/04/2024,CLIMA SOLUTIONS PTY LTD,"10,000",KACCU
10/04/2024,CLIMA SOLUTIONS PTY LTD,1,KACCU
08/04/2024,Aboriginal Carbon Fund Limited,120,KACCU
08/04/2024,South Pole Australia Financial Services Pty Ltd,346,KACCU
08/04/2024,Tasman Environmental Markets Australia Pty Ltd,"3,107",CER
05/04/2024,Tasman Environmental Markets Australia Pty Ltd,"2,732",CER
05/04/2024,Tasman Environmental Markets Australia Pty Ltd,974,KACCU
05/04/2024,South Pole Australia Financial Services Pty Ltd,523,KACCU
05/04/2024,Tasman Environmental Markets Australia Pty Ltd,884,KACCU
05/04/2024,Tasman Environmental Markets Australia Pty Ltd,666,KACCU
04/04/2024,CARBON NEUTRAL PTY LTD,35,CER
03/04/2024,Tasman Environmental Markets Australia Pty Ltd,23,CER
03/04/2024,Tasman Environmental Markets Australia Pty Ltd,143,KACCU
03/04/2024,Tasman Environmental Markets Australia Pty Ltd,865,KACCU
03/04/2024,CARBON NEUTRAL PTY LTD,142,CER
03/04/2024,Carbon Financial Services Pty. Ltd.,"1,000",KACCU
03/04/2024,CARBON NEUTRAL PTY LTD,955,CER
03/04/2024,Corporate Carbon Advisory Pty Ltd,462,KACCU
03/04/2024,BETACARBON PTY LTD,65,KACCU
02/04/2024,Corporate Carbon Advisory Pty Ltd,287,KACCU
02/04/2024,Climate Friendly Pty Ltd,"6,521",KACCU
02/04/2024,LGI Limited,"1,000",KACCU
02/04/2024,Enviro-Mark Solutions Limited,"6,591",CER
02/04/2024,Enviro-Mark Solutions Limited,"5,035",CER
02/04/2024,Enviro-Mark Solutions Limited,5,CER
02/04/2024,Enviro-Mark Solutions Limited,77,KACCU
02/04/2024,Enviro-Mark Solutions Limited,371,KACCU
02/04/2024,Enviro-Mark Solutions Limited,200,KACCU
02/04/2024,Enviro-Mark Solutions Limited,476,KACCU
02/04/2024,Enviro-Mark Solutions Limited,76,KACCU
02/04/2024,Enviro-Mark Solutions Limited,9,CER
02/04/2024,Enviro-Mark Solutions Limited,504,CER
30/03/2024,CHEVRON AUSTRALIA PTY LTD,"50,000",KACCU
29/03/2024,"Natural Capital Partners Americas, LLC","200,000",CER
28/03/2024,ITOCHU AUSTRALIA LTD.,99,KACCU
28/03/2024,Aboriginal Carbon Fund Limited,120,KACCU
28/03/2024,Terra Carbon Pty Ltd,133,KACCU
28/03/2024,Tasman Environmental Markets Australia Pty Ltd,"22,397",CER
28/03/2024,Tasman Environmental Markets Australia Pty Ltd,"1,179",KACCU
28/03/2024,MITSUI BUSSAN WOODCHIP OCEANIA PTY LTD,269,KACCU
28/03/2024,Carbonhalo Pty Ltd,23,KACCU
28/03/2024,Carbonhalo Pty Ltd,6,KACCU
28/03/2024,Perenia Pty Ltd,"3,939",CER
27/03/2024,ENERGYLINK SERVICES PTY LTD,856,CER
27/03/2024,BETACARBON PTY LTD,46,KACCU
26/03/2024,ITOCHU AUSTRALIA LTD.,1,KACCU
25/03/2024,Westpac Banking Corporation,"10,146",KACCU
22/03/2024,CARBON NEUTRAL PTY LTD,622,CER
22/03/2024,Tasmanian Land Conservancy Inc.,100,KACCU
22/03/2024,VIRIDIOS CAPITAL PTY LTD,412,KACCU
22/03/2024,BETACARBON PTY LTD,2,KACCU
22/03/2024,BETACARBON PTY LTD,2,KACCU
22/03/2024,BETACARBON PTY LTD,266,KACCU
22/03/2024,BETACARBON PTY LTD,181,KACCU
22/03/2024,BETACARBON PTY LTD,1,KACCU
22/03/2024,BETACARBON PTY LTD,1,KACCU
22/03/2024,BETACARBON PTY LTD,4,KACCU
22/03/2024,BETACARBON PTY LTD,2,KACCU
21/03/2024,EKI Energy Services Limited,"10,000",CER
21/03/2024,CARBON NEUTRAL PTY LTD,422,CER
21/03/2024,Aboriginal Carbon Fund Limited,20,KACCU
20/03/2024,CARBON NEUTRAL PTY LTD,59,KACCU
20/03/2024,CARBON NEUTRAL PTY LTD,11,KACCU
20/03/2024,CARBON NEUTRAL PTY LTD,20,KACCU
20/03/2024,CHEVRON AUSTRALIA PTY LTD,"11,921",KACCU
20/03/2024,CHEVRON AUSTRALIA PTY LTD,"28,079",KACCU
20/03/2024,Tasman Environmental Markets Australia Pty Ltd,290,KACCU
20/03/2024,"Natural Capital Partners Americas, LLC","3,463",CER
19/03/2024,Enviro-Mark Solutions Limited,291,CER
19/03/2024,Enviro-Mark Solutions Limited,105,CER
19/03/2024,Enviro-Mark Solutions Limited,"18,965",CER
19/03/2024,Enviro-Mark Solutions Limited,"2,729",CER
19/03/2024,Tasman Environmental Markets Australia Pty Ltd,29,KACCU
19/03/2024,Tasman Environmental Markets Australia Pty Ltd,230,CER
19/03/2024,Ozwide Energy Group Pty Ltd,17,KACCU
19/03/2024,Global Environmental Markets Pty Ltd,"20,000",CER
18/03/2024,CARBON NEUTRAL PTY LTD,962,CER
18/03/2024,ENERGY ACTION (AUSTRALIA) PTY LTD,86,KACCU
15/03/2024,VIRIDIOS CAPITAL PTY LTD,123,KACCU
15/03/2024,VIRIDIOS CAPITAL PTY LTD,7,KACCU
14/03/2024,BETACARBON PTY LTD,7,KACCU
14/03/2024,BETACARBON PTY LTD,45,KACCU
14/03/2024,BETACARBON PTY LTD,15,KACCU
14/03/2024,BETACARBON PTY LTD,3,KACCU
13/03/2024,Tasman Environmental Markets Australia Pty Ltd,49,CER
13/03/2024,Tasman Environmental Markets Australia Pty Ltd,134,CER
13/03/2024,Tasman Environmental Markets Australia Pty Ltd,474,KACCU
13/03/2024,Tasman Environmental Markets Australia Pty Ltd,544,KACCU
13/03/2024,Tasman Environmental Markets Australia Pty Ltd,3,KACCU
13/03/2024,Tasman Environmental Markets Australia Pty Ltd,9,KACCU
12/03/2024,Enviro-Mark Solutions Limited,"6,999",CER
11/03/2024,Tasman Environmental Markets Australia Pty Ltd,524,CER
11/03/2024,Tasman Environmental Markets Australia Pty Ltd,"6,627",CER
11/03/2024,Tasman Environmental Markets Australia Pty Ltd,189,KACCU
11/03/2024,CARBON NEUTRAL PTY LTD,"2,230",CER
11/03/2024,BLUESCOPE STEEL LIMITED,28,KACCU
11/03/2024,BLUESCOPE STEEL LIMITED,29,KACCU
11/03/2024,BLUESCOPE STEEL LIMITED,25,KACCU
11/03/2024,BLUESCOPE STEEL LIMITED,13,KACCU
11/03/2024,BLUESCOPE STEEL LIMITED,19,KACCU
11/03/2024,BLUESCOPE STEEL LIMITED,139,KACCU
11/03/2024,BLUESCOPE STEEL LIMITED,14,KACCU
08/03/2024,"Natural Capital Partners Americas, LLC",326,CER
08/03/2024,"Natural Capital Partners Americas, LLC","1,362",CER
08/03/2024,"Natural Capital Partners Americas, LLC","1,000",CER
08/03/2024,"Natural Capital Partners Americas, LLC","2,541",CER
08/03/2024,"Natural Capital Partners Americas, LLC","1,721",CER
08/03/2024,"Natural Capital Partners Americas, LLC",292,CER
08/03/2024,"Natural Capital Partners Americas, LLC","4,217",CER
08/03/2024,"Natural Capital Partners Americas, LLC",100,CER
08/03/2024,"Natural Capital Partners Americas, LLC",82,CER
07/03/2024,CARBON NEUTRAL PTY LTD,"12,000",CER
06/03/2024,EKI Energy Services Limited,221,CER
06/03/2024,Tasman Environmental Markets Australia Pty Ltd,"1,395",KACCU
05/03/2024,Tasman Environmental Markets Australia Pty Ltd,674,KACCU
04/03/2024,Carbon Financial Services Pty. Ltd.,"3,704",CER
04/03/2024,"Natural Capital Partners Americas, LLC","3,785",CER
01/03/2024,Enviro-Mark Solutions Limited,24,CER
01/03/2024,Enviro-Mark Solutions Limited,70,CER
29/02/2024,CHEVRON AUSTRALIA PTY LTD,1,KACCU
29/02/2024,Tasman Environmental Markets Australia Pty Ltd,"24,183",CER
29/02/2024,Tasman Environmental Markets Australia Pty Ltd,"22,924",CER
29/02/2024,Tasman Environmental Markets Australia Pty Ltd,"1,273",KACCU
29/02/2024,Tasman Environmental Markets Australia Pty Ltd,"1,206",KACCU
28/02/2024,Carbonhalo Pty Ltd,23,KACCU
28/02/2024,Tasman Environmental Markets Australia Pty Ltd,94,CER
28/02/2024,Tasman Environmental Markets Australia Pty Ltd,6,KACCU
28/02/2024,Tasman Environmental Markets Australia Pty Ltd,395,KACCU
27/02/2024,Commonwealth Bank of Australia,"1,300",KACCU
27/02/2024,Aboriginal Carbon Fund Limited,100,KACCU
27/02/2024,BETACARBON PTY LTD,68,KACCU
26/02/2024,Corporate Carbon Advisory Pty Ltd,"5,000",KACCU
26/02/2024,Corporate Carbon Advisory Pty Ltd,4,KACCU
26/02/2024,Corporate Carbon Advisory Pty Ltd,200,KACCU
26/02/2024,Corporate Carbon Advisory Pty Ltd,482,KACCU
26/02/2024,Corporate Carbon Advisory Pty Ltd,"1,000",KACCU
26/02/2024,Corporate Carbon Advisory Pty Ltd,100,KACCU
26/02/2024,Corporate Carbon Advisory Pty Ltd,400,KACCU
26/02/2024,Corporate Carbon Advisory Pty Ltd,333,KACCU
26/02/2024,Corporate Carbon Advisory Pty Ltd,481,KACCU
26/02/2024,Tasman Environmental Markets Australia Pty Ltd,40,CER
26/02/2024,Tasman Environmental Markets Australia Pty Ltd,2,KACCU
26/02/2024,Climate Friendly Financial Solutions Pty Limited,29,KACCU
26/02/2024,Climate Friendly Financial Solutions Pty Limited,246,KACCU
26/02/2024,"Natural Capital Partners Americas, LLC","5,500",CER
23/02/2024,Enviro-Mark Solutions Limited,150,CER
22/02/2024,Clearblue Markets Europe BV,"43,000",CER
21/02/2024,EKI Energy Services Limited,"50,000",CER
21/02/2024,EKI Energy Services Limited,"16,034",CER
21/02/2024,Aboriginal Carbon Fund Limited,198,KACCU
21/02/2024,Ecovantage Pty Ltd,2,KACCU
20/02/2024,Tasman Environmental Markets Australia Pty Ltd,102,KACCU
19/02/2024,GAIA INVESTMENTS (AUST) PTY LTD,85,KACCU
19/02/2024,Australia and New Zealand Banking Group Limited,"24,582",KACCU
19/02/2024,"Natural Capital Partners Americas, LLC",968,CER
19/02/2024,"Natural Capital Partners Americas, LLC",434,CER
19/02/2024,"Natural Capital Partners Americas, LLC","1,581",CER
19/02/2024,"Natural Capital Partners Americas, LLC",60,CER
19/02/2024,"Natural Capital Partners Americas, LLC",51,CER
19/02/2024,"Natural Capital Partners Americas, LLC",109,CER
19/02/2024,"Natural Capital Partners Americas, LLC",800,CER
19/02/2024,"Natural Capital Partners Americas, LLC",659,CER
19/02/2024,"Natural Capital Partners Americas, LLC",767,CER
19/02/2024,"Natural Capital Partners Americas, LLC",157,CER
19/02/2024,"Natural Capital Partners Americas, LLC",164,CER
19/02/2024,"Natural Capital Partners Americas, LLC",40,CER
19/02/2024,"Natural Capital Partners Americas, LLC",900,CER
19/02/2024,"Natural Capital Partners Americas, LLC","3,397",CER
19/02/2024,"Natural Capital Partners Americas, LLC",386,CER
19/02/2024,"Natural Capital Partners Americas, LLC",670,CER
19/02/2024,"Natural Capital Partners Americas, LLC",832,CER
19/02/2024,"Natural Capital Partners Americas, LLC",320,CER
19/02/2024,"Natural Capital Partners Americas, LLC",310,CER
19/02/2024,"Natural Capital Partners Americas, LLC",141,CER
19/02/2024,"Natural Capital Partners Americas, LLC",480,CER
19/02/2024,"Natural Capital Partners Americas, LLC",97,CER
19/02/2024,"Natural Capital Partners Americas, LLC",851,CER
19/02/2024,"Natural Capital Partners Americas, LLC","9,082",CER
19/02/2024,"Natural Capital Partners Americas, LLC","36,754",CER
19/02/2024,"Natural Capital Partners Americas, LLC","16,156",CER
19/02/2024,"Natural Capital Partners Americas, LLC","20,844",CER
16/02/2024,Tasman Environmental Markets Australia Pty Ltd,2,KACCU
16/02/2024,BP Energy Asia Pte Limited,"7,994",CER
16/02/2024,BP Energy Asia Pte Limited,"106,276",CER
16/02/2024,Tasman Environmental Markets Australia Pty Ltd,31,CER
16/02/2024,Tasman Environmental Markets Australia Pty Ltd,26,CER
16/02/2024,Tasman Environmental Markets Australia Pty Ltd,2,KACCU
16/02/2024,Tasman Environmental Markets Australia Pty Ltd,205,KACCU
16/02/2024,Carbon Financial Services Pty. Ltd.,391,CER
15/02/2024,"Natural Capital Partners Americas, LLC",4,CER
15/02/2024,BETACARBON PTY LTD,6,KACCU
15/02/2024,Tasman Environmental Markets Australia Pty Ltd,13,CER
15/02/2024,Tasman Environmental Markets Australia Pty Ltd,1,KACCU
15/02/2024,Tasman Environmental Markets Australia Pty Ltd,14,KACCU
15/02/2024,Tasman Environmental Markets Australia Pty Ltd,514,CER
15/02/2024,VIRIDIOS CAPITAL PTY LTD,50,KACCU
15/02/2024,BETACARBON PTY LTD,144,KACCU
15/02/2024,"Natural Capital Partners Americas, LLC",120,CER
15/02/2024,"Natural Capital Partners Americas, LLC","2,092",CER
15/02/2024,"Natural Capital Partners Americas, LLC","1,299",CER
15/02/2024,"Natural Capital Partners Americas, LLC",285,CER
15/02/2024,"Natural Capital Partners Americas, LLC","1,000",CER
15/02/2024,"Natural Capital Partners Americas, LLC","4,636",CER
15/02/2024,"Natural Capital Partners Americas, LLC","23,803",CER
15/02/2024,"Natural Capital Partners Americas, LLC",70,CER
15/02/2024,"Natural Capital Partners Americas, LLC",77,CER
15/02/2024,"Natural Capital Partners Americas, LLC",440,CER
15/02/2024,"Natural Capital Partners Americas, LLC",202,CER
14/02/2024,VIRIDIOS CAPITAL PTY LTD,"1,070",KACCU
13/02/2024,CARBON NEUTRAL PTY LTD- Client Holding Account,194,CER
13/02/2024,Viva Energy Australia Ltd,"1,000",KACCU
13/02/2024,Jarden Australia Pty Ltd,176,KACCU
13/02/2024,Carbon Financial Services Pty. Ltd.,750,KACCU
12/02/2024,CARBON NEUTRAL PTY LTD- Client Holding Account,"3,392",CER
12/02/2024,Tasman Environmental Markets Australia Pty Ltd,20,KACCU
12/02/2024,VIRIDIOS CAPITAL PTY LTD,96,KACCU
08/02/2024,Tasman Environmental Markets Australia Pty Ltd,55,CER
08/02/2024,Tasman Environmental Markets Australia Pty Ltd,3,KACCU
08/02/2024,Ozwide Energy Group Pty Ltd,60,KACCU
08/02/2024,"Natural Capital Partners Americas, LLC",30,CER
08/02/2024,"Natural Capital Partners Americas, LLC",192,CER
08/02/2024,"Natural Capital Partners Americas, LLC","2,808",CER
08/02/2024,"Natural Capital Partners Americas, LLC","46,722",CER
08/02/2024,"Natural Capital Partners Americas, LLC","1,112",CER
07/02/2024,Tasman Environmental Markets Australia Pty Ltd,300,KACCU
07/02/2024,Tasman Environmental Markets Australia Pty Ltd,52,KACCU
07/02/2024,"Natural Capital Partners Americas, LLC",827,CER
06/02/2024,Carbon Financial Services Pty. Ltd.,100,KACCU
06/02/2024,Tasman Environmental Markets Australia Pty Ltd,300,KACCU
05/02/2024,WeAct Pty Ltd,"9,000",CER
05/02/2024,Terra Carbon Pty Ltd,186,KACCU
05/02/2024,South Pole Australia Financial Services Pty Ltd,"1,443",KACCU
02/02/2024,Tasman Environmental Markets Australia Pty Ltd,100,KACCU
02/02/2024,Enviro-Mark Solutions Limited,50,CER
01/02/2024,SHELL EASTERN TRADING (PTE) LTD.,"1,250",KACCU
01/02/2024,VIRIDIOS CAPITAL PTY LTD,8,KACCU
01/02/2024,Clean Energy Finance Corporation,"2,136",KACCU
01/02/2024,Ozwide Energy Group Pty Ltd,109,KACCU
31/01/2024,Tasman Environmental Markets Australia Pty Ltd,710,KACCU
31/01/2024,Tasman Environmental Markets Australia Pty Ltd,"2,196",CER
31/01/2024,CARBON NEUTRAL PTY LTD,"1,517",CER
31/01/2024,Tasman Environmental Markets Australia Pty Ltd,95,KACCU
31/01/2024,South Pole Australia Financial Services Pty Ltd,"1,500",KACCU
30/01/2024,Tasman Environmental Markets Australia Pty Ltd,"92,873",CER
30/01/2024,Tasman Environmental Markets Australia Pty Ltd,"35,097",KACCU
30/01/2024,Tasman Environmental Markets Australia Pty Ltd,"13,704",CER
30/01/2024,CARBON NEUTRAL PTY LTD,"2,565",CER
30/01/2024,Tasman Environmental Markets Australia Pty Ltd,"26,480",CER
30/01/2024,Tasman Environmental Markets Australia Pty Ltd,"31,963",CER
30/01/2024,Tasman Environmental Markets Australia Pty Ltd,"23,650",CER
30/01/2024,Tasman Environmental Markets Australia Pty Ltd,"1,245",KACCU
30/01/2024,CARBON NEUTRAL PTY LTD,200,CER
30/01/2024,Climate Friendly Financial Solutions Pty Limited,71,KACCU
30/01/2024,Climate Friendly Financial Solutions Pty Limited,145,KACCU
30/01/2024,CARBON NEUTRAL PTY LTD,"1,681",CER
30/01/2024,Aboriginal Carbon Fund Limited,500,KACCU
30/01/2024,South Pole Australia Financial Services Pty Ltd,60,KACCU
29/01/2024,BETACARBON PTY LTD,219,KACCU
29/01/2024,Tasman Environmental Markets Australia Pty Ltd,2,KACCU
29/01/2024,Tasman Environmental Markets Australia Pty Ltd,30,CER
29/01/2024,Carbonhalo Pty Ltd,3,KACCU
29/01/2024,Carbonhalo Pty Ltd,20,KACCU
25/01/2024,VIRIDIOS CAPITAL PTY LTD,200,KACCU
25/01/2024,Tasman Environmental Markets Australia Pty Ltd,"12,114",KACCU
25/01/2024,Tasman Environmental Markets Australia Pty Ltd,"2,436",KACCU
25/01/2024,Tasman Environmental Markets Australia Pty Ltd,"3,441",KACCU
25/01/2024,Tasman Environmental Markets Australia Pty Ltd,"1,250",KACCU
25/01/2024,"Natural Capital Partners Americas, LLC","4,983",CER
24/01/2024,Virgin Australia Airlines Pty Ltd,"6,773",KACCU
24/01/2024,Tasman Environmental Markets Australia Pty Ltd,"12,682",CER
24/01/2024,Tasman Environmental Markets Australia Pty Ltd,668,KACCU
24/01/2024,"Natural Capital Partners Americas, LLC","1,164",CER
24/01/2024,"Natural Capital Partners Americas, LLC","1,251",CER
24/01/2024,"Natural Capital Partners Americas, LLC","13,500",CER
24/01/2024,"Natural Capital Partners Americas, LLC",790,CER
24/01/2024,"Natural Capital Partners Americas, LLC","1,694",CER
24/01/2024,"Natural Capital Partners Americas, LLC",72,CER
24/01/2024,"Natural Capital Partners Americas, LLC",14,CER
24/01/2024,"Natural Capital Partners Americas, LLC","10,000",CER
24/01/2024,"Natural Capital Partners Americas, LLC","3,022",CER
24/01/2024,"Natural Capital Partners Americas, LLC",201,CER
24/01/2024,"Natural Capital Partners Americas, LLC","8,000",CER
24/01/2024,"Natural Capital Partners Americas, LLC","4,755",CER
24/01/2024,"Natural Capital Partners Americas, LLC","2,515",CER
23/01/2024,SHELL EASTERN TRADING (PTE) LTD.,"20,482",KACCU
23/01/2024,SHELL EASTERN TRADING (PTE) LTD.,"22,313",KACCU
23/01/2024,CARBON NEUTRAL PTY LTD,544,CER
23/01/2024,"Natural Capital Partners Americas, LLC",491,CER
22/01/2024,Tasman Environmental Markets Australia Pty Ltd,"1,193",KACCU
19/01/2024,Aboriginal Carbon Fund Limited,826,KACCU
19/01/2024,Tasman Environmental Markets Australia Pty Ltd,480,KACCU
17/01/2024,Tasman Environmental Markets Australia Pty Ltd,303,CER
16/01/2024,Global Environmental Markets Pty Ltd,280,CER
16/01/2024,Tasman Environmental Markets Australia Pty Ltd,6,KACCU
16/01/2024,BETACARBON PTY LTD,2,KACCU
14/01/2024,CARBON NEUTRAL PTY LTD,"18,000",CER
14/01/2024,CARBON NEUTRAL PTY LTD,"3,750",CER
12/01/2024,CARBON NEUTRAL PTY LTD,"9,351",CER
12/01/2024,CARBON NEUTRAL PTY LTD,49,CER
12/01/2024,CARBON NEUTRAL PTY LTD,286,CER
12/01/2024,Virgin Australia Airlines Pty Ltd,"4,062",KACCU
12/01/2024,Jarden Australia Pty Ltd,255,KACCU
12/01/2024,Virgin Australia Airlines Pty Ltd,"14,963",CER
12/01/2024,Tasman Environmental Markets Australia Pty Ltd,"1,956",CER
11/01/2024,Tasman Environmental Markets Australia Pty Ltd,10,CER
11/01/2024,Tasman Environmental Markets Australia Pty Ltd,1,KACCU
11/01/2024,Virgin Australia Airlines Pty Ltd,"1,710",CER
11/01/2024,Carbon Financial Services Pty. Ltd.,737,CER
11/01/2024,Carbon Financial Services Pty. Ltd.,94,CER
11/01/2024,Carbon Financial Services Pty. Ltd.,460,CER
11/01/2024,Carbon Financial Services Pty. Ltd.,463,CER
11/01/2024,Carbon Financial Services Pty. Ltd.,"2,145",CER
09/01/2024,Tasman Environmental Markets Australia Pty Ltd,782,CER
09/01/2024,Tasman Environmental Markets Australia Pty Ltd,223,KACCU
08/01/2024,EnergyAustralia Pty Ltd,"18,226",KACCU
08/01/2024,EnergyAustralia Pty Ltd,"546,211",CER
08/01/2024,Tasman Environmental Markets Australia Pty Ltd,332,CER
08/01/2024,Tasman Environmental Markets Australia Pty Ltd,41,KACCU
08/01/2024,Tasman Environmental Markets Australia Pty Ltd,5,KACCU
22/12/2023,Tasman Environmental Markets Australia Pty Ltd,"35,379",CER
22/12/2023,Tasman Environmental Markets Australia Pty Ltd,"29,509",CER
22/12/2023,Tasman Environmental Markets Australia Pty Ltd,"25,993",CER
22/12/2023,Tasman Environmental Markets Australia Pty Ltd,"7,798",KACCU
22/12/2023,Tasman Environmental Markets Australia Pty Ltd,"13,010",CER
22/12/2023,Tasman Environmental Markets Australia Pty Ltd,25,CER
22/12/2023,Tasman Environmental Markets Australia Pty Ltd,"2,908",CER
22/12/2023,Tasman Environmental Markets Australia Pty Ltd,871,KACCU
22/12/2023,Carbon Financial Services Pty. Ltd.,150,KACCU
22/12/2023,Carbon Financial Services Pty. Ltd.,100,KACCU
22/12/2023,Carbon Financial Services Pty. Ltd.,287,KACCU
21/12/2023,Carbon Financial Services Pty. Ltd.,131,CER
21/12/2023,Thomas Winklehner,331,CER
21/12/2023,Thomas Winklehner,373,CER
21/12/2023,Thomas Winklehner,"2,373",CER
21/12/2023,Thomas Winklehner,"3,576",CER
21/12/2023,Thomas Winklehner,"3,263",CER
21/12/2023,Thomas Winklehner,"3,955",CER
21/12/2023,Thomas Winklehner,"5,631",CER
21/12/2023,Thomas Winklehner,"7,372",CER
21/12/2023,Thomas Winklehner,"4,307",CER
21/12/2023,Thomas Winklehner,80,CER
21/12/2023,Thomas Winklehner,320,CER
21/12/2023,Thomas Winklehner,251,CER
21/12/2023,Thomas Winklehner,"2,235",CER
21/12/2023,Thomas Winklehner,"3,468",CER
21/12/2023,Thomas Winklehner,"2,850",CER
21/12/2023,Thomas Winklehner,480,CER
21/12/2023,Thomas Winklehner,645,CER
21/12/2023,Thomas Winklehner,"2,043",CER
21/12/2023,EKI Energy Services Limited,270,CER
21/12/2023,The University of Melbourne,"51,100",KACCU
21/12/2023,Tasman Environmental Markets Australia Pty Ltd,156,KACCU
21/12/2023,Tasman Environmental Markets Australia Pty Ltd,744,CER
21/12/2023,Tasman Environmental Markets Australia Pty Ltd,700,KACCU
21/12/2023,Nyaliga Aboriginal Corporation,"4,000",KACCU
20/12/2023,Aboriginal Carbon Fund Limited,25,KACCU
20/12/2023,Tasman Environmental Markets Australia Pty Ltd,297,KACCU
20/12/2023,Tasman Environmental Markets Australia Pty Ltd,"1,681",CER
20/12/2023,Tasman Environmental Markets Australia Pty Ltd,"1,325",KACCU
20/12/2023,Tasman Environmental Markets Australia Pty Ltd,"25,168",CER
20/12/2023,Tasman Environmental Markets Australia Pty Ltd,"25,406",CER
20/12/2023,Tasman Environmental Markets Australia Pty Ltd,"1,338",KACCU
20/12/2023,Tasman Environmental Markets Australia Pty Ltd,"1,936",CER
20/12/2023,Tasman Environmental Markets Australia Pty Ltd,"2,800",KACCU
20/12/2023,Carbonhalo Pty Ltd,2,KACCU
20/12/2023,Carbonhalo Pty Ltd,233,KACCU
20/12/2023,Aboriginal Carbon Fund Limited,54,KACCU
20/12/2023,Cooper Energy Limited,"5,734",KACCU
20/12/2023,South Pole Australia Financial Services Pty Ltd,100,KACCU
20/12/2023,Carbon Estate Pty Ltd,503,KACCU
19/12/2023,Carbon Financial Services Pty. Ltd.,"1,000",CER
19/12/2023,Carbon Financial Services Pty. Ltd.,807,CER
19/12/2023,Carbon Financial Services Pty. Ltd.,"4,500",CER
19/12/2023,VIRIDIOS CAPITAL PTY LTD,232,KACCU
19/12/2023,Tasman Environmental Markets Australia Pty Ltd,50,KACCU
19/12/2023,Tasman Environmental Markets Australia Pty Ltd,656,CER
19/12/2023,Tasman Environmental Markets Australia Pty Ltd,50,KACCU
19/12/2023,Tasman Environmental Markets Australia Pty Ltd,"1,200",KACCU
19/12/2023,Ozwide Energy Group Pty Ltd,100,KACCU
19/12/2023,Carbon Financial Services Pty. Ltd.,240,KACCU
18/12/2023,CARBON NEUTRAL PTY LTD,167,CER
18/12/2023,Aboriginal Carbon Fund Limited,440,KACCU
18/12/2023,BETACARBON PTY LTD,25,KACCU
18/12/2023,"Natural Capital Partners Americas, LLC","283,030",CER
18/12/2023,"Natural Capital Partners Americas, LLC",913,CER
15/12/2023,Perenia Pty Ltd,"22,367",CER
15/12/2023,South Pole Australia Financial Services Pty Ltd,131,KACCU
15/12/2023,Enviro-Mark Solutions Limited,"2,328",CER
15/12/2023,Enviro-Mark Solutions Limited,3,CER
15/12/2023,LMS Energy Pty Ltd,"12,800",KACCU
15/12/2023,Tasman Environmental Markets Australia Pty Ltd,"3,300",KACCU
15/12/2023,Tasman Environmental Markets Australia Pty Ltd,685,KACCU
15/12/2023,VIRIDIOS CAPITAL PTY LTD,"2,000",KACCU
14/12/2023,Macquarie Bank Limited,372,KACCU
14/12/2023,Terra Carbon Pty Ltd,115,KACCU
14/12/2023,South Pole Australia Financial Services Pty Ltd,700,KACCU
14/12/2023,South Pole Australia Financial Services Pty Ltd,"3,457",KACCU
13/12/2023,CANOPY NATURE BASED SOLUTIONS PTY LTD,140,KACCU
13/12/2023,South Pole Australia Financial Services Pty Ltd,120,KACCU
13/12/2023,"Natural Capital Partners Americas, LLC",428,CER
13/12/2023,"Natural Capital Partners Americas, LLC",487,CER
13/12/2023,"Natural Capital Partners Americas, LLC","1,483",CER
12/12/2023,CHEVRON AUSTRALIA PTY LTD,"57,752",KACCU
12/12/2023,CHEVRON AUSTRALIA PTY LTD,"6,166",KACCU
12/12/2023,CHEVRON AUSTRALIA PTY LTD,82,KACCU
12/12/2023,Tasman Environmental Markets Australia Pty Ltd,"2,701",KACCU
12/12/2023,"Natural Capital Partners Americas, LLC",15,CER
12/12/2023,"Natural Capital Partners Americas, LLC",51,CER
12/12/2023,"Natural Capital Partners Americas, LLC","2,000",CER
12/12/2023,"Natural Capital Partners Americas, LLC","137,698",CER
12/12/2023,"Natural Capital Partners Americas, LLC","2,723",CER
11/12/2023,CANOPY NATURE BASED SOLUTIONS PTY LTD,500,KACCU
11/12/2023,WeAct Pty Ltd,"1,623",CER
11/12/2023,WeAct Pty Ltd,226,KACCU
08/12/2023,Tasman Environmental Markets Australia Pty Ltd,"7,700",KACCU
08/12/2023,Tasman Environmental Markets Australia Pty Ltd,"40,804",KACCU
08/12/2023,Strathburn Cape York Carbon Pty Ltd,20,KACCU
07/12/2023,Climate Friendly Financial Solutions Pty Limited,64,KACCU
07/12/2023,Tasman Environmental Markets Australia Pty Ltd,212,KACCU
07/12/2023,BETACARBON PTY LTD,"1,000",KACCU
06/12/2023,CARBON NEUTRAL PTY LTD,100,KACCU
05/12/2023,CARBON NEUTRAL PTY LTD,100,CER
05/12/2023,WeAct Pty Ltd,"1,200",CER
05/12/2023,VIRIDIOS CAPITAL PTY LTD,"14,000",KACCU
05/12/2023,ENERGYLINK SERVICES PTY LTD,"1,152",KACCU
04/12/2023,South Pole Australia Financial Services Pty Ltd,"2,230",KACCU
04/12/2023,South Pole Australia Financial Services Pty Ltd,"2,307",KACCU
03/12/2023,Perenia Pty Ltd,149,CER
01/12/2023,EKI Energy Services Limited,539,CER
01/12/2023,EKI Energy Services Limited,"1,849",CER
01/12/2023,EKI Energy Services Limited,"43,323",CER
01/12/2023,Tasman Environmental Markets Australia Pty Ltd,588,KACCU
01/12/2023,CHEVRON AUSTRALIA PTY LTD,"20,000",KACCU
01/12/2023,CHEVRON AUSTRALIA PTY LTD,"65,000",KACCU
01/12/2023,VIRIDIOS CAPITAL PTY LTD,820,KACCU
01/12/2023,Carbon Financial Services Pty. Ltd.,74,KACCU
01/12/2023,Perenia Pty Ltd,357,CER
30/11/2023,Climate Friendly Financial Solutions Pty Limited,396,KACCU
30/11/2023,Tasman Environmental Markets Australia Pty Ltd,50,KACCU
30/11/2023,Tasman Environmental Markets Australia Pty Ltd,"2,352",KACCU
30/11/2023,EVERCLIME PTY LTD,14,KACCU
30/11/2023,ENERGYLINK SERVICES PTY LTD,36,CER
30/11/2023,Tasman Environmental Markets Australia Pty Ltd,1,KACCU
30/11/2023,Tasman Environmental Markets Australia Pty Ltd,15,CER
30/11/2023,Tasman Environmental Markets Australia Pty Ltd,108,CER
30/11/2023,Tasman Environmental Markets Australia Pty Ltd,248,KACCU
30/11/2023,Tasman Environmental Markets Australia Pty Ltd,231,KACCU
30/11/2023,Tasman Environmental Markets Australia Pty Ltd,"8,080",CER
30/11/2023,Tasman Environmental Markets Australia Pty Ltd,"2,678",CER
30/11/2023,Tasman Environmental Markets Australia Pty Ltd,803,KACCU
30/11/2023,Corporate Carbon Advisory Pty Ltd,"1,000",KACCU
29/11/2023,ENERGYLINK SERVICES PTY LTD,136,CER
29/11/2023,Tasman Environmental Markets Australia Pty Ltd,"14,862",CER
29/11/2023,Tasman Environmental Markets Australia Pty Ltd,"5,126",KACCU
29/11/2023,EVERCLIME PTY LTD,157,KACCU
29/11/2023,Tasman Environmental Markets Australia Pty Ltd,"18,440",CER
29/11/2023,Tasman Environmental Markets Australia Pty Ltd,"2,049",KACCU
29/11/2023,Tasman Environmental Markets Australia Pty Ltd,618,CER
29/11/2023,Tasman Environmental Markets Australia Pty Ltd,32,KACCU
29/11/2023,Tasman Environmental Markets Australia Pty Ltd,53,KACCU
29/11/2023,Tasman Environmental Markets Australia Pty Ltd,"1,007",CER
29/11/2023,BETACARBON PTY LTD,19,KACCU
28/11/2023,Tasman Environmental Markets Australia Pty Ltd,16,CER
28/11/2023,Tasman Environmental Markets Australia Pty Ltd,1,KACCU
28/11/2023,Tasman Environmental Markets Australia Pty Ltd,"1,270",KACCU
28/11/2023,Carbonhalo Pty Ltd,2,KACCU
28/11/2023,Viva Energy Australia Ltd,508,KACCU
28/11/2023,Perenia Pty Ltd,915,CER
27/11/2023,Tasman Environmental Markets Australia Pty Ltd,136,CER
27/11/2023,Tasman Environmental Markets Australia Pty Ltd,9,KACCU
27/11/2023,Wanjina-Wunggurr (Native Title) Aboriginal Corporation RNTBC,"3,000",KACCU
27/11/2023,Macquarie Bank Limited,"20,000",KACCU
27/11/2023,"Natural Capital Partners Americas, LLC","2,300",CER
27/11/2023,"Natural Capital Partners Americas, LLC","4,559",CER
27/11/2023,"Natural Capital Partners Americas, LLC","1,352",CER
27/11/2023,"Natural Capital Partners Americas, LLC","5,906",CER
27/11/2023,"Natural Capital Partners Americas, LLC","3,359",CER
27/11/2023,"Natural Capital Partners Americas, LLC","1,400",CER
27/11/2023,"Natural Capital Partners Americas, LLC",92,CER
27/11/2023,"Natural Capital Partners Americas, LLC",100,CER
27/11/2023,"Natural Capital Partners Americas, LLC",103,CER
27/11/2023,"Natural Capital Partners Americas, LLC",100,CER
27/11/2023,"Natural Capital Partners Americas, LLC","14,280",CER
27/11/2023,"Natural Capital Partners Americas, LLC",490,CER
27/11/2023,"Natural Capital Partners Americas, LLC",625,CER
27/11/2023,"Natural Capital Partners Americas, LLC",732,CER
27/11/2023,"Natural Capital Partners Americas, LLC",177,CER
27/11/2023,"Natural Capital Partners Americas, LLC",183,CER
27/11/2023,"Natural Capital Partners Americas, LLC",50,CER
27/11/2023,"Natural Capital Partners Americas, LLC",500,CER
27/11/2023,South Pole Australia Financial Services Pty Ltd,400,KACCU
27/11/2023,"Natural Capital Partners Americas, LLC",31,CER
27/11/2023,"Natural Capital Partners Americas, LLC",362,CER
27/11/2023,Kilcoy Pastoral Company Limited,"14,020",KACCU
24/11/2023,EVERCLIME PTY LTD,202,KACCU
24/11/2023,GAIA INVESTMENTS (AUST) PTY LTD,350,KACCU
23/11/2023,Climate Friendly Financial Solutions Pty Limited,"2,869",KACCU
23/11/2023,CHEVRON AUSTRALIA PTY LTD,"60,000",KACCU
21/11/2023,CARBON NEUTRAL PTY LTD,"9,567",CER
21/11/2023,BETACARBON PTY LTD,30,KACCU
21/11/2023,Carbon Financial Services Pty. Ltd.,"2,500",CER
21/11/2023,Carbon Financial Services Pty. Ltd.,350,CER
21/11/2023,Aboriginal Carbon Fund Limited,500,KACCU
21/11/2023,CARBON NEUTRAL PTY LTD,550,CER
21/11/2023,Corporate Carbon Advisory Pty Ltd,75,KACCU
20/11/2023,HANWHA ENERGY RETAIL AUSTRALIA PTY LTD,"50,000",CER
20/11/2023,The Sigma Global Company Pty Limited,175,CER
20/11/2023,The Sigma Global Company Pty Limited,225,KACCU
20/11/2023,Tasman Environmental Markets Australia Pty Ltd,12,CER
20/11/2023,Tasman Environmental Markets Australia Pty Ltd,54,CER
20/11/2023,Tasman Environmental Markets Australia Pty Ltd,1,KACCU
20/11/2023,Tasman Environmental Markets Australia Pty Ltd,2,KACCU
20/11/2023,Carbonhalo Pty Ltd,40,KACCU
16/11/2023,Aboriginal Carbon Fund Limited,200,KACCU
16/11/2023,Climate Friendly Financial Solutions Pty Limited,395,KACCU
16/11/2023,Tasman Environmental Markets Australia Pty Ltd,27,KACCU
15/11/2023,CARBON NEUTRAL PTY LTD,9,CER
15/11/2023,Aboriginal Carbon Fund Limited,300,KACCU
15/11/2023,Aboriginal Carbon Fund Limited,"1,250",KACCU
15/11/2023,South Pole Australia Financial Services Pty Ltd,"1,100",KACCU
15/11/2023,South Pole Australia Financial Services Pty Ltd,"5,000",KACCU
15/11/2023,Terra Carbon Pty Ltd,"7,272",KACCU
15/11/2023,Terra Carbon Pty Ltd,"3,232",KACCU
15/11/2023,South Pole Australia Financial Services Pty Ltd,"2,000",KACCU
15/11/2023,South Pole Australia Financial Services Pty Ltd,310,KACCU
14/11/2023,CHEVRON AUSTRALIA PTY LTD,"50,000",KACCU
14/11/2023,CARBON NEUTRAL PTY LTD,77,KACCU
14/11/2023,GAIA INVESTMENTS (AUST) PTY LTD,103,KACCU
13/11/2023,CANOPY NATURE BASED SOLUTIONS PTY LTD,"7,200",KACCU
13/11/2023,BETACARBON PTY LTD,21,KACCU
13/11/2023,Tasman Environmental Markets Australia Pty Ltd,"1,700",KACCU
13/11/2023,ALINTA ENERGY CEA TRADING PTY LTD,"3,531",KACCU
13/11/2023,BETACARBON PTY LTD,221,KACCU
13/11/2023,CHEVRON AUSTRALIA PTY LTD,"75,000",KACCU
10/11/2023,LMS Energy Pty Ltd,"1,358",KACCU
10/11/2023,Corporate Carbon Advisory Pty Ltd,"2,587",KACCU
10/11/2023,Corporate Carbon Advisory Pty Ltd,"1,263",KACCU
10/11/2023,VIRIDIOS CAPITAL PTY LTD,544,KACCU
09/11/2023,CARBON NEUTRAL PTY LTD,168,CER
09/11/2023,South Pole Australia Financial Services Pty Ltd,240,KACCU
09/11/2023,CARBON NEUTRAL PTY LTD,30,CER
08/11/2023,"Natural Capital Partners Americas, LLC","36,001",CER
08/11/2023,Enviro-Mark Solutions Limited,855,CER
08/11/2023,Enviro-Mark Solutions Limited,105,CER
08/11/2023,CANOPY NATURE BASED SOLUTIONS PTY LTD,389,KACCU
08/11/2023,CANOPY NATURE BASED SOLUTIONS PTY LTD,600,KACCU
07/11/2023,CARBON NEUTRAL PTY LTD,500,CER
07/11/2023,Tasman Environmental Markets Australia Pty Ltd,250,KACCU
06/11/2023,Aboriginal Carbon Fund Limited,150,KACCU
03/11/2023,EKI Energy Services Limited,"50,000",CER
03/11/2023,VIRIDIOS CAPITAL PTY LTD,767,KACCU
03/11/2023,VIRIDIOS CAPITAL PTY LTD,16,KACCU
03/11/2023,Macquarie Bank Limited,"1,226",KACCU
03/11/2023,Tasman Environmental Markets Australia Pty Ltd,12,CER
03/11/2023,Tasman Environmental Markets Australia Pty Ltd,1,KACCU
02/11/2023,Tasman Environmental Markets Australia Pty Ltd,47,KACCU
02/11/2023,Tasman Environmental Markets Australia Pty Ltd,"26,932",CER
02/11/2023,Tasman Environmental Markets Australia Pty Ltd,"2,120",KACCU
02/11/2023,VIRIDIOS CAPITAL PTY LTD,49,KACCU
02/11/2023,Aboriginal Carbon Fund Limited,11,KACCU
02/11/2023,South Pole Australia Financial Services Pty Ltd,"4,375",KACCU
02/11/2023,Aboriginal Carbon Fund Limited,100,KACCU
02/11/2023,Aboriginal Carbon Fund Limited,100,KACCU
02/11/2023,Carbon Financial Services Pty. Ltd.,"46,218",CER
02/11/2023,Carbon Financial Services Pty. Ltd.,"7,390",CER
02/11/2023,Carbon Financial Services Pty. Ltd.,"14,011",CER
02/11/2023,Carbon Financial Services Pty. Ltd.,"1,143",CER
01/11/2023,"Natural Capital Partners Americas, LLC","10,000",CER
01/11/2023,Strathburn Cape York Carbon Pty Ltd,200,KACCU
01/11/2023,Tasman Environmental Markets Australia Pty Ltd,"3,507",CER
01/11/2023,Tasman Environmental Markets Australia Pty Ltd,"1,052",KACCU
01/11/2023,"Natural Capital Partners Americas, LLC","8,000",CER
01/11/2023,"Natural Capital Partners Americas, LLC","4,600",CER
01/11/2023,"Natural Capital Partners Americas, LLC","10,572",CER
01/11/2023,"Natural Capital Partners Americas, LLC","1,155",CER
01/11/2023,"Natural Capital Partners Americas, LLC","4,000",CER
01/11/2023,"Natural Capital Partners Americas, LLC","15,000",CER
01/11/2023,"Natural Capital Partners Americas, LLC","1,720",CER
01/11/2023,"Natural Capital Partners Americas, LLC","4,153",CER
31/10/2023,Carbon Financial Services Pty. Ltd.,105,KACCU
31/10/2023,CARBON NEUTRAL PTY LTD,"1,558",CER
31/10/2023,Tasman Environmental Markets Australia Pty Ltd,58,KACCU
31/10/2023,EVERCLIME PTY LTD,85,KACCU
31/10/2023,Tasman Environmental Markets Australia Pty Ltd,37,CER
31/10/2023,Tasman Environmental Markets Australia Pty Ltd,2,KACCU
31/10/2023,Australian Integrated Carbon Financial Services Pty Ltd,300,KACCU
30/10/2023,CARBON NEUTRAL PTY LTD,35,CER
30/10/2023,Tasman Environmental Markets Australia Pty Ltd,"1,964",KACCU
30/10/2023,Aboriginal Carbon Fund Limited,166,KACCU
30/10/2023,Terra Carbon Pty Ltd,"1,748",CER
30/10/2023,Terra Carbon Pty Ltd,582,KACCU
30/10/2023,Tasman Environmental Markets Australia Pty Ltd,280,KACCU
30/10/2023,GAIA INVESTMENTS (AUST) PTY LTD,75,KACCU
30/10/2023,BETACARBON PTY LTD,100,KACCU
27/10/2023,Tasman Environmental Markets Australia Pty Ltd,981,KACCU
27/10/2023,CANOPY NATURE BASED SOLUTIONS PTY LTD,674,KACCU
27/10/2023,Aboriginal Carbon Fund Limited,"2,000",KACCU
27/10/2023,Tasman Environmental Markets Australia Pty Ltd,"11,421",CER
27/10/2023,Tasman Environmental Markets Australia Pty Ltd,363,KACCU
27/10/2023,Carbon Financial Services Pty. Ltd.,30,KACCU
27/10/2023,Tasman Environmental Markets Australia Pty Ltd,"10,205",CER
27/10/2023,BETACARBON PTY LTD,8,KACCU
26/10/2023,Aboriginal Carbon Fund Limited,103,KACCU
26/10/2023,Carbonhalo Pty Ltd,6,KACCU
26/10/2023,South Pole Australia Financial Services Pty Ltd,"1,442",KACCU
25/10/2023,ENERGYLINK SERVICES PTY LTD,351,CER
25/10/2023,ENERGYLINK SERVICES PTY LTD,616,CER
25/10/2023,ENERGYLINK SERVICES PTY LTD,191,KACCU
25/10/2023,Carbon Financial Services Pty. Ltd.,18,KACCU
25/10/2023,Carbon Financial Services Pty. Ltd.,"1,698",KACCU
25/10/2023,Carbon Financial Services Pty. Ltd.,287,KACCU
24/10/2023,Commonwealth Bank of Australia,227,KACCU
24/10/2023,Tasman Environmental Markets Australia Pty Ltd,300,KACCU
24/10/2023,Bioeconomy Pte. Ltd.,2,KACCU
24/10/2023,South Pole Australia Financial Services Pty Ltd,499,KACCU
24/10/2023,Terra Carbon Pty Ltd,700,KACCU
24/10/2023,Tasman Environmental Markets Australia Pty Ltd,"1,425",CER
24/10/2023,ENERGYLINK SERVICES PTY LTD,"1,858",CER
23/10/2023,Viva Energy Australia Ltd,500,KACCU
23/10/2023,Tasman Environmental Markets Australia Pty Ltd,428,KACCU
23/10/2023,South Pole Australia Financial Services Pty Ltd,"1,000",KACCU
23/10/2023,South Pole Australia Financial Services Pty Ltd,301,KACCU
23/10/2023,South Pole Australia Financial Services Pty Ltd,549,KACCU
23/10/2023,Tasman Environmental Markets Australia Pty Ltd,230,KACCU
23/10/2023,South Pole Australia Financial Services Pty Ltd,248,KACCU
23/10/2023,South Pole Australia Financial Services Pty Ltd,818,KACCU
23/10/2023,South Pole Australia Financial Services Pty Ltd,"1,910",KACCU
23/10/2023,South Pole Australia Financial Services Pty Ltd,300,KACCU
20/10/2023,Tasman Environmental Markets Australia Pty Ltd,230,KACCU
20/10/2023,Corporate Carbon Advisory Pty Ltd,850,KACCU
19/10/2023,EVERCLIME PTY LTD,10,KACCU
19/10/2023,South Pole Australia Financial Services Pty Ltd,420,KACCU
19/10/2023,Terra Carbon Pty Ltd,294,KACCU
19/10/2023,Tasman Environmental Markets Australia Pty Ltd,600,KACCU
19/10/2023,Terra Carbon Pty Ltd,53,KACCU
19/10/2023,South Pole Australia Financial Services Pty Ltd,"2,236",KACCU
18/10/2023,ENERGYLINK SERVICES PTY LTD,79,KACCU
18/10/2023,Tasman Environmental Markets Australia Pty Ltd,"17,312",CER
18/10/2023,Tasman Environmental Markets Australia Pty Ltd,"20,165",CER
18/10/2023,Tasman Environmental Markets Australia Pty Ltd,"5,199",KACCU
18/10/2023,Tasman Environmental Markets Australia Pty Ltd,"6,056",KACCU
18/10/2023,The Energy Project Pty Ltd,37,KACCU
18/10/2023,BETACARBON PTY LTD,300,KACCU
18/10/2023,Aboriginal Carbon Fund Limited,300,KACCU
18/10/2023,Kilter Pty Ltd,100,KACCU
17/10/2023,GAIA INVESTMENTS (AUST) PTY LTD,180,KACCU
17/10/2023,VIRIDIOS CAPITAL PTY LTD,63,KACCU
17/10/2023,Tasman Environmental Markets Australia Pty Ltd,1,KACCU
17/10/2023,Tasman Environmental Markets Australia Pty Ltd,15,CER
17/10/2023,GAIA INVESTMENTS (AUST) PTY LTD,69,KACCU
17/10/2023,CHEVRON AUSTRALIA PTY LTD,"87,498",KACCU
16/10/2023,WeAct Pty Ltd,"1,196",CER
16/10/2023,Aboriginal Carbon Fund Limited,87,KACCU
16/10/2023,GAIA INVESTMENTS (AUST) PTY LTD,21,KACCU
16/10/2023,BETACARBON PTY LTD,4,KACCU
13/10/2023,Tasman Environmental Markets Pty Ltd,"2,800",CER
13/10/2023,Commonwealth Bank of Australia,"25,500",KACCU
13/10/2023,Tasman Environmental Markets Pty Ltd,800,KACCU
13/10/2023,Tasman Environmental Markets Pty Ltd,531,CER
13/10/2023,Climate Friendly Financial Solutions Pty Limited,83,KACCU
13/10/2023,Climate Friendly Financial Solutions Pty Limited,607,KACCU
13/10/2023,GAIA INVESTMENTS (AUST) PTY LTD,409,KACCU
13/10/2023,Enviro-Mark Solutions Limited,75,CER
13/10/2023,Enviro-Mark Solutions Limited,15,CER
12/10/2023,"Natural Capital Partners Americas, LLC",530,CER
12/10/2023,"Natural Capital Partners Americas, LLC",11,CER
12/10/2023,"Natural Capital Partners Americas, LLC","1,000",CER
12/10/2023,Australian CO2 Exchange Pty Ltd,7,KACCU
12/10/2023,CARBON NEUTRAL PTY LTD,279,CER
12/10/2023,CARBON NEUTRAL PTY LTD,279,CER
12/10/2023,Terra Carbon Pty Ltd,500,KACCU
11/10/2023,South Pole Australia Financial Services Pty Ltd,400,KACCU
11/10/2023,South Pole Australia Financial Services Pty Ltd,"2,380",KACCU
10/10/2023,Jarden Australia Pty Ltd,294,KACCU
10/10/2023,Terra Carbon Pty Ltd,534,KACCU
09/10/2023,Aboriginal Carbon Fund Limited,534,KACCU
09/10/2023,POINT ZERO INTERNATIONAL PTY LTD,450,KACCU
09/10/2023,VIRIDIOS CAPITAL PTY LTD,240,KACCU
09/10/2023,Tasman Environmental Markets Australia Pty Ltd,"60,000",CER
09/10/2023,Tasman Environmental Markets Australia Pty Ltd,"2,500",KACCU
09/10/2023,BETACARBON PTY LTD,1,KACCU
09/10/2023,BETACARBON PTY LTD,1,KACCU
09/10/2023,BETACARBON PTY LTD,3,KACCU
09/10/2023,BETACARBON PTY LTD,2,KACCU
09/10/2023,BETACARBON PTY LTD,4,KACCU
09/10/2023,BETACARBON PTY LTD,121,KACCU
06/10/2023,Tasman Environmental Markets Australia Pty Ltd,"1,140",KACCU
06/10/2023,ALINTA ENERGY CEA PTY LTD,"7,569",KACCU
05/10/2023,Tasman Environmental Markets Australia Pty Ltd,"3,798",CER
05/10/2023,EKI Energy Services Limited,"250,000",CER
04/10/2023,CARBON NEUTRAL PTY LTD,828,CER
04/10/2023,Corporate Carbon Advisory Pty Ltd,22,KACCU
04/10/2023,Aboriginal Carbon Fund Limited,170,KACCU
04/10/2023,South Pole Australia Financial Services Pty Ltd,42,KACCU
04/10/2023,Tasman Environmental Markets Australia Pty Ltd,85,CER
04/10/2023,Tasman Environmental Markets Australia Pty Ltd,5,KACCU
03/10/2023,Perenia Pty Ltd,"4,400",CER
03/10/2023,Perenia Pty Ltd,"4,400",CER
03/10/2023,Aboriginal Carbon Fund Limited,13,KACCU
03/10/2023,Aboriginal Carbon Fund Limited,290,KACCU
03/10/2023,Aboriginal Carbon Fund Limited,170,KACCU
03/10/2023,Virgin Australia Airlines Pty Ltd,235,KACCU
03/10/2023,Terra Carbon Pty Ltd,"4,100",KACCU
03/10/2023,Perenia Pty Ltd,165,CER
02/10/2023,Aboriginal Carbon Fund Limited,25,KACCU
02/10/2023,Aboriginal Carbon Fund Limited,100,KACCU
29/09/2023,Tasman Environmental Markets Australia Pty Ltd,20,KACCU
29/09/2023,Tasman Environmental Markets Australia Pty Ltd,"16,726",CER
29/09/2023,Tasman Environmental Markets Australia Pty Ltd,"1,858",KACCU
29/09/2023,Tasman Environmental Markets Australia Pty Ltd,7,KACCU
29/09/2023,Tasman Environmental Markets Australia Pty Ltd,111,CER
28/09/2023,Ozwide Energy Group Pty Ltd,140,KACCU
28/09/2023,CARBON NEUTRAL PTY LTD,60,CER
28/09/2023,Terra Carbon Pty Ltd,"1,000",KACCU
28/09/2023,Terra Carbon Pty Ltd,"3,000",KACCU
28/09/2023,Carbonhalo Pty Ltd,13,KACCU
28/09/2023,CHEVRON AUSTRALIA PTY LTD,"50,000",KACCU
27/09/2023,Trafigura Environmental Solutions Sarl,"5,000",KACCU
27/09/2023,Tasman Environmental Markets Australia Pty Ltd,"1,400",KACCU
27/09/2023,South Pole Australia Financial Services Pty Ltd,615,KACCU
27/09/2023,South Pole Australia Financial Services Pty Ltd,300,KACCU
26/09/2023,TAMBORAN RESOURCES LIMITED,395,KACCU
26/09/2023,Tasman Environmental Markets Australia Pty Ltd,459,KACCU
25/09/2023,Bioeconomy Pte. Ltd.,1,CER
25/09/2023,TAMBORAN RESOURCES LIMITED,1,KACCU
25/09/2023,Commonwealth Bank of Australia,"3,000",KACCU
23/09/2023,"Natural Capital Partners Americas, LLC","3,312",CER
22/09/2023,Tasman Environmental Markets Pty Ltd,490,CER
22/09/2023,Tasman Environmental Markets Pty Ltd,14,KACCU
22/09/2023,South Pole Australia Financial Services Pty Ltd,400,KACCU
21/09/2023,WeAct Pty Ltd,1,CER
21/09/2023,WeAct Pty Ltd,1,CER
21/09/2023,Tasman Environmental Markets Pty Ltd,127,KACCU
21/09/2023,Tasman Environmental Markets Pty Ltd,"2,411",CER
21/09/2023,"Natural Capital Partners Americas, LLC","50,000",CER
21/09/2023,Corporate Carbon Advisory Pty Ltd,250,KACCU
21/09/2023,BETACARBON PTY LTD,3,KACCU
21/09/2023,BETACARBON PTY LTD,82,KACCU
21/09/2023,BETACARBON PTY LTD,119,KACCU
20/09/2023,South Pole Australia Financial Services Pty Ltd,600,KACCU
19/09/2023,Tasman Environmental Markets Pty Ltd,248,KACCU
19/09/2023,Tasman Environmental Markets Pty Ltd,"8,677",CER
19/09/2023,CARBON NEUTRAL PTY LTD,42,CER
18/09/2023,WeAct Pty Ltd,1,CER
18/09/2023,WeAct Pty Ltd,1,CER
18/09/2023,WeAct Pty Ltd,1,CER
18/09/2023,WeAct Pty Ltd,1,CER
18/09/2023,WeAct Pty Ltd,1,CER
18/09/2023,WeAct Pty Ltd,1,CER
18/09/2023,WeAct Pty Ltd,1,CER
18/09/2023,WeAct Pty Ltd,1,CER
18/09/2023,WeAct Pty Ltd,1,CER
18/09/2023,WeAct Pty Ltd,1,CER
18/09/2023,WeAct Pty Ltd,1,CER
18/09/2023,WeAct Pty Ltd,1,CER
18/09/2023,WeAct Pty Ltd,1,CER
18/09/2023,WeAct Pty Ltd,1,CER
18/09/2023,WeAct Pty Ltd,1,CER
18/09/2023,WeAct Pty Ltd,1,CER
18/09/2023,WeAct Pty Ltd,1,CER
18/09/2023,WeAct Pty Ltd,1,CER
18/09/2023,WeAct Pty Ltd,1,CER
18/09/2023,WeAct Pty Ltd,1,CER
18/09/2023,WeAct Pty Ltd,1,CER
18/09/2023,WeAct Pty Ltd,1,CER
18/09/2023,WeAct Pty Ltd,1,CER
18/09/2023,WeAct Pty Ltd,1,CER
18/09/2023,WeAct Pty Ltd,1,CER
18/09/2023,WeAct Pty Ltd,1,CER
18/09/2023,WeAct Pty Ltd,1,CER
18/09/2023,WeAct Pty Ltd,1,CER
18/09/2023,WeAct Pty Ltd,1,CER
18/09/2023,WeAct Pty Ltd,1,CER
18/09/2023,WeAct Pty Ltd,1,CER
18/09/2023,WeAct Pty Ltd,1,CER
18/09/2023,WeAct Pty Ltd,1,CER
18/09/2023,WeAct Pty Ltd,1,CER
18/09/2023,WeAct Pty Ltd,1,CER
18/09/2023,WeAct Pty Ltd,1,CER
18/09/2023,WeAct Pty Ltd,1,CER
18/09/2023,WeAct Pty Ltd,1,CER
18/09/2023,WeAct Pty Ltd,1,CER
18/09/2023,WeAct Pty Ltd,1,CER
18/09/2023,WeAct Pty Ltd,1,CER
18/09/2023,WeAct Pty Ltd,1,CER
18/09/2023,WeAct Pty Ltd,1,CER
18/09/2023,WeAct Pty Ltd,1,CER
18/09/2023,WeAct Pty Ltd,1,CER
18/09/2023,VIRIDIOS CAPITAL PTY LTD,300,KACCU
18/09/2023,Terra Carbon Pty Ltd,"5,000",KACCU
18/09/2023,South Pole Australia Financial Services Pty Ltd,"1,206",KACCU
14/09/2023,Brisbane City Council,"33,442",KACCU
14/09/2023,Brisbane City Council,"4,375",KACCU
13/09/2023,Tasman Environmental Markets Australia Pty Ltd,133,CER
13/09/2023,Tasman Environmental Markets Australia Pty Ltd,203,KACCU
13/09/2023,Tasman Environmental Markets Australia Pty Ltd,1,KACCU
12/09/2023,CARNARVON ENERGY LIMITED,30,KACCU
11/09/2023,AURECON AUSTRALASIA PTY LTD,260,KACCU
11/09/2023,Tasman Environmental Markets Australia Pty Ltd,"3,370",CER
11/09/2023,Tasman Environmental Markets Australia Pty Ltd,898,KACCU
11/09/2023,Tasman Environmental Markets Australia Pty Ltd,"1,500",KACCU
11/09/2023,APA infrastructure Limited,"15,046",KACCU
08/09/2023,Tasman Environmental Markets Pty Ltd,654,CER
08/09/2023,Attunga Carbon & Enviro Fund,15,KACCU
08/09/2023,Attunga Carbon & Enviro Fund,31,KACCU
08/09/2023,Attunga Carbon & Enviro Fund,334,KACCU
08/09/2023,"Natural Capital Partners Americas, LLC",9,CER
08/09/2023,"Natural Capital Partners Americas, LLC",93,CER
08/09/2023,"Natural Capital Partners Americas, LLC",500,CER
08/09/2023,"Natural Capital Partners Americas, LLC",48,CER
08/09/2023,"Natural Capital Partners Americas, LLC",56,CER
08/09/2023,"Natural Capital Partners Americas, LLC",154,CER
08/09/2023,"Natural Capital Partners Americas, LLC",173,CER
08/09/2023,"Natural Capital Partners Americas, LLC",204,CER
08/09/2023,"Natural Capital Partners Americas, LLC",210,CER
08/09/2023,"Natural Capital Partners Americas, LLC",267,CER
07/09/2023,Tasman Environmental Markets Pty Ltd,"5,126",KACCU
07/09/2023,Tasman Environmental Markets Pty Ltd,"14,862",CER
07/09/2023,Commonwealth Holding Account,"6,720,688",CER
07/09/2023,Commonwealth Holding Account,"545,555,875",RMU
06/09/2023,EDL Holdings (Australia) Pty Ltd,483,KACCU
05/09/2023,CARBON NEUTRAL PTY LTD,"1,175",CER
05/09/2023,CARBON NEUTRAL PTY LTD,70,CER
05/09/2023,CARBON NEUTRAL PTY LTD,831,CER
04/09/2023,Tasmanian Land Conservancy Inc.,"11,500",KACCU
04/09/2023,Enviro-Mark Solutions Limited,107,CER
04/09/2023,Enviro-Mark Solutions Limited,105,CER
04/09/2023,Enviro-Mark Solutions Limited,141,CER
04/09/2023,Enviro-Mark Solutions Limited,36,CER
04/09/2023,"Natural Capital Partners Americas, LLC","3,530",CER
01/09/2023,Tasman Environmental Markets Australia Pty Ltd,"74,000",KACCU
01/09/2023,Tasman Environmental Markets Australia Pty Ltd,"60,000",CER
01/09/2023,South Pole Australia Financial Services Pty Ltd,"6,379",KACCU
01/09/2023,Australian Carbon Traders Pty Ltd,40,NKACCU
01/09/2023,Australian Carbon Traders Pty Ltd,20,NKACCU
01/09/2023,EKI Energy Services Limited,"200,000",CER
01/09/2023,The Sigma Global Company Pty Limited,"10,631",CER
31/08/2023,Corporate Carbon Advisory Pty Ltd,135,KACCU
31/08/2023,Bioeconomy Pte. Ltd.,349,CER
31/08/2023,Tasman Environmental Markets Australia Pty Ltd,133,KACCU
31/08/2023,Ozwide Energy Group Pty Ltd,69,KACCU
31/08/2023,Tasman Environmental Markets Australia Pty Ltd,328,KACCU
31/08/2023,"Natural Capital Partners Americas, LLC",433,CER
31/08/2023,"Natural Capital Partners Americas, LLC",500,CER
31/08/2023,"Natural Capital Partners Americas, LLC",914,CER
31/08/2023,"Natural Capital Partners Americas, LLC","1,026",CER
31/08/2023,"Natural Capital Partners Americas, LLC","5,000",CER
31/08/2023,"Natural Capital Partners Americas, LLC","5,000",CER
31/08/2023,"Natural Capital Partners Americas, LLC","20,000",CER
30/08/2023,Thomas Winklehner,"5,167",CER
30/08/2023,Thomas Winklehner,"6,632",CER
30/08/2023,Thomas Winklehner,708,CER
30/08/2023,"Natural Capital Partners Americas, LLC",229,CER
30/08/2023,"Natural Capital Partners Americas, LLC",100,CER
30/08/2023,"Natural Capital Partners Americas, LLC",82,CER
30/08/2023,"Natural Capital Partners Americas, LLC","3,500",CER
30/08/2023,"Natural Capital Partners Americas, LLC","30,331",CER
30/08/2023,"Natural Capital Partners Americas, LLC",135,CER
30/08/2023,"Natural Capital Partners Americas, LLC",160,CER
30/08/2023,"Natural Capital Partners Americas, LLC","1,115",CER
30/08/2023,"Natural Capital Partners Americas, LLC","8,378",CER
29/08/2023,Ozwide Energy Group Pty Ltd,106,KACCU
29/08/2023,Carbon Estate Pty Ltd,423,KACCU
28/08/2023,Terra Carbon Pty Ltd,"1,500",KACCU
28/08/2023,Terra Carbon Pty Ltd,"10,000",CER
28/08/2023,Tasman Environmental Markets Australia Pty Ltd,10,CER
28/08/2023,Tasman Environmental Markets Australia Pty Ltd,1,KACCU
28/08/2023,Tasman Environmental Markets Australia Pty Ltd,84,CER
28/08/2023,Tasman Environmental Markets Australia Pty Ltd,5,KACCU
28/08/2023,BETACARBON PTY LTD,160,KACCU
28/08/2023,Carbonhalo Pty Ltd,5,KACCU
28/08/2023,Tasman Environmental Markets Pty Ltd,"3,013",CER
28/08/2023,Tasman Environmental Markets Pty Ltd,905,KACCU
28/08/2023,BETACARBON PTY LTD,4,KACCU
25/08/2023,Tasman Environmental Markets Australia Pty Ltd,"100,000",CER
25/08/2023,Tasman Environmental Markets Australia Pty Ltd,38,CER
25/08/2023,Tasman Environmental Markets Australia Pty Ltd,2,KACCU
24/08/2023,CARBON NEUTRAL PTY LTD,30,CER
24/08/2023,Climate Friendly Financial Solutions Pty Limited,"12,000",KACCU
24/08/2023,CARBON NEUTRAL PTY LTD,372,CER
24/08/2023,BETACARBON PTY LTD,2,KACCU
24/08/2023,Carbon Financial Services Pty. Ltd.,"1,150",KACCU
23/08/2023,CARBON NEUTRAL PTY LTD,35,CER
23/08/2023,Ozwide Energy Group Pty Ltd,19,KACCU
23/08/2023,Carbon Financial Services Pty. Ltd.,"200,000",CER
22/08/2023,Ozwide Energy Group Pty Ltd,14,KACCU
22/08/2023,Enviro-Mark Solutions Limited,181,CER
22/08/2023,Enviro-Mark Solutions Limited,15,CER
22/08/2023,Enviro-Mark Solutions Limited,199,CER
22/08/2023,Enviro-Mark Solutions Limited,16,CER
22/08/2023,CARBON NEUTRAL PTY LTD,70,CER
22/08/2023,Tasman Environmental Markets Australia Pty Ltd,13,CER
22/08/2023,Tasman Environmental Markets Australia Pty Ltd,1,KACCU
21/08/2023,CANOPY NATURE BASED SOLUTIONS PTY LTD,520,KACCU
21/08/2023,Tasman Environmental Markets Pty Ltd,46,KACCU
21/08/2023,Tasman Environmental Markets Pty Ltd,368,CER
21/08/2023,Enviro-Mark Solutions Limited,118,CER
21/08/2023,Tasman Environmental Markets Australia Pty Ltd,17,CER
21/08/2023,Tasman Environmental Markets Australia Pty Ltd,1,KACCU
21/08/2023,Tasman Environmental Markets Pty Ltd,900,CER
21/08/2023,Tasman Environmental Markets Pty Ltd,"19,034",CER
21/08/2023,Tasman Environmental Markets Pty Ltd,"2,115",KACCU
21/08/2023,CARBON NEUTRAL PTY LTD,530,KACCU
21/08/2023,"Natural Capital Partners Americas, LLC","22,568",CER
21/08/2023,"Natural Capital Partners Americas, LLC","46,639",CER
21/08/2023,"Natural Capital Partners Americas, LLC","4,500",CER
21/08/2023,"Natural Capital Partners Americas, LLC","10,200",CER
21/08/2023,"Natural Capital Partners Americas, LLC",6,CER
21/08/2023,"Natural Capital Partners Americas, LLC",220,CER
21/08/2023,"Natural Capital Partners Americas, LLC",212,CER
21/08/2023,"Natural Capital Partners Americas, LLC",441,CER
21/08/2023,"Natural Capital Partners Americas, LLC",97,CER
21/08/2023,"Natural Capital Partners Americas, LLC","22,550",CER
21/08/2023,"Natural Capital Partners Americas, LLC","27,000",CER
21/08/2023,"Natural Capital Partners Americas, LLC","37,238",CER
21/08/2023,"Natural Capital Partners Americas, LLC",127,CER
21/08/2023,"Natural Capital Partners Americas, LLC",136,CER
21/08/2023,"Natural Capital Partners Americas, LLC",299,CER
21/08/2023,"Natural Capital Partners Americas, LLC","3,000",CER
18/08/2023,Tasman Environmental Markets Australia Pty Ltd,"3,448",KACCU
17/08/2023,Tasman Environmental Markets Australia Pty Ltd,433,KACCU
17/08/2023,Olkola Aboriginal Corporation,"3,000",KACCU
17/08/2023,CARBON NEUTRAL PTY LTD,50,CER
17/08/2023,Tasman Environmental Markets Australia Pty Ltd,614,KACCU
17/08/2023,"Natural Capital Partners Americas, LLC","33,100",CER
17/08/2023,"Natural Capital Partners Americas, LLC","1,300",CER
17/08/2023,"Natural Capital Partners Americas, LLC","1,715",CER
17/08/2023,"Natural Capital Partners Americas, LLC","1,163",CER
17/08/2023,"Natural Capital Partners Americas, LLC","2,900",CER
17/08/2023,"Natural Capital Partners Americas, LLC","2,636",CER
17/08/2023,"Natural Capital Partners Americas, LLC","7,000",CER
17/08/2023,"Natural Capital Partners Americas, LLC","1,700",CER
17/08/2023,"Natural Capital Partners Americas, LLC","24,171",CER
17/08/2023,"Natural Capital Partners Americas, LLC","10,500",CER
17/08/2023,"Natural Capital Partners Americas, LLC","2,600",CER
17/08/2023,"Natural Capital Partners Americas, LLC","2,400",CER
17/08/2023,"Natural Capital Partners Americas, LLC","12,595",CER
17/08/2023,"Natural Capital Partners Americas, LLC","8,459",CER
17/08/2023,"Natural Capital Partners Americas, LLC","14,526",CER
17/08/2023,"Natural Capital Partners Americas, LLC",159,CER
17/08/2023,"Natural Capital Partners Americas, LLC",116,CER
17/08/2023,"Natural Capital Partners Americas, LLC",810,CER
17/08/2023,"Natural Capital Partners Americas, LLC",167,CER
17/08/2023,"Natural Capital Partners Americas, LLC",107,CER
17/08/2023,"Natural Capital Partners Americas, LLC",281,CER
17/08/2023,"Natural Capital Partners Americas, LLC",211,CER
17/08/2023,"Natural Capital Partners Americas, LLC",244,CER
17/08/2023,"Natural Capital Partners Americas, LLC","9,872",CER
16/08/2023,CARBON NEUTRAL PTY LTD,"1,126",CER
16/08/2023,CARBON NEUTRAL PTY LTD,14,CER
16/08/2023,CARBON NEUTRAL PTY LTD,50,CER
16/08/2023,BETACARBON PTY LTD,4,KACCU
16/08/2023,BETACARBON PTY LTD,3,KACCU
15/08/2023,South Pole Australia Financial Services Pty Ltd,268,KACCU
15/08/2023,South Pole Australia Financial Services Pty Ltd,836,KACCU
15/08/2023,South Pole Australia Financial Services Pty Ltd,58,KACCU
15/08/2023,South Pole Australia Financial Services Pty Ltd,95,KACCU
15/08/2023,South Pole Australia Financial Services Pty Ltd,660,KACCU
15/08/2023,South Pole Australia Financial Services Pty Ltd,870,KACCU
15/08/2023,South Pole Australia Financial Services Pty Ltd,263,KACCU
15/08/2023,South Pole Australia Financial Services Pty Ltd,383,KACCU
15/08/2023,South Pole Australia Financial Services Pty Ltd,20,KACCU
15/08/2023,South Pole Australia Financial Services Pty Ltd,23,KACCU
15/08/2023,South Pole Australia Financial Services Pty Ltd,77,KACCU
15/08/2023,South Pole Australia Financial Services Pty Ltd,110,KACCU
15/08/2023,South Pole Australia Financial Services Pty Ltd,171,KACCU
15/08/2023,South Pole Australia Financial Services Pty Ltd,83,KACCU
15/08/2023,South Pole Australia Financial Services Pty Ltd,268,KACCU
15/08/2023,South Pole Australia Financial Services Pty Ltd,229,KACCU
15/08/2023,South Pole Australia Financial Services Pty Ltd,134,KACCU
15/08/2023,South Pole Australia Financial Services Pty Ltd,330,KACCU
15/08/2023,South Pole Australia Financial Services Pty Ltd,911,KACCU
15/08/2023,South Pole Australia Financial Services Pty Ltd,31,KACCU
15/08/2023,South Pole Australia Financial Services Pty Ltd,10,KACCU
15/08/2023,South Pole Australia Financial Services Pty Ltd,93,KACCU
14/08/2023,Ozwide Energy Group Pty Ltd,225,KACCU
14/08/2023,BETACARBON PTY LTD,119,KACCU
14/08/2023,Carbon Financial Services Pty. Ltd.,"2,118",KACCU
11/08/2023,Tasman Environmental Markets Australia Pty Ltd,"2,107",CER
11/08/2023,CARBON NEUTRAL PTY LTD,9,CER
10/08/2023,BETACARBON PTY LTD,19,KACCU
10/08/2023,Carbon Financial Services Pty. Ltd.,"102,528",CER
09/08/2023,Australia and New Zealand Banking Group Limited,"23,000",KACCU
08/08/2023,CARBON NEUTRAL PTY LTD,761,CER
08/08/2023,Enviro-Mark Solutions Limited,5,CER
08/08/2023,Enviro-Mark Solutions Limited,211,CER
08/08/2023,CARBON NEUTRAL PTY LTD,344,CER
07/08/2023,Tasman Environmental Markets Pty Ltd,778,CER
07/08/2023,Kurrajong Partners Pty Ltd,290,KACCU
07/08/2023,Tasman Environmental Markets Pty Ltd,22,KACCU
07/08/2023,Tasman Environmental Markets Pty Ltd,60,CER
07/08/2023,Ozwide Energy Group Pty Ltd,"1,300",KACCU
07/08/2023,Ozwide Energy Group Pty Ltd,200,KACCU
07/08/2023,COLES ENVIRONMENTAL SERVICES PTY LTD,"10,636",KACCU
04/08/2023,GAIA INVESTMENTS (AUST) PTY LTD,366,KACCU
04/08/2023,Tasman Environmental Markets Pty Ltd,"2,702",CER
04/08/2023,Tasman Environmental Markets Pty Ltd,810,KACCU
04/08/2023,Tasman Environmental Markets Australia Pty Ltd,500,KACCU
04/08/2023,Carbon Financial Services Pty. Ltd.,135,KACCU
03/08/2023,CARBON NEUTRAL PTY LTD,312,CER
03/08/2023,Perenia Pty Ltd,"6,014",CER
03/08/2023,Ecovantage Pty Ltd,29,KACCU
03/08/2023,Terra Carbon Pty Ltd,"1,400",KACCU
02/08/2023,CARBON NEUTRAL PTY LTD,7,CER
02/08/2023,CARBON NEUTRAL PTY LTD,710,CER
02/08/2023,Corporate Carbon Advisory Pty Ltd,750,KACCU
02/08/2023,Tasman Environmental Markets Pty Ltd,"3,745",CER
02/08/2023,Tasman Environmental Markets Pty Ltd,"1,441",KACCU
01/08/2023,CARBON NEUTRAL PTY LTD,50,CER
01/08/2023,CARBON NEUTRAL PTY LTD,25,CER
01/08/2023,Tasman Environmental Markets Australia Pty Ltd,"1,598",CER
01/08/2023,Tasman Environmental Markets Australia Pty Ltd,100,KACCU
31/07/2023,South Australian Water Corporation,"4,215",KACCU
31/07/2023,Carbon Financial Services Pty. Ltd.,"29,190",CER
31/07/2023,CARBON NEUTRAL PTY LTD,45,CER
31/07/2023,Tasman Environmental Markets Pty Ltd,"1,106",KACCU
31/07/2023,Tasman Environmental Markets Pty Ltd,"3,688",CER
31/07/2023,CARBON NEUTRAL PTY LTD,57,CER
31/07/2023,BETACARBON PTY LTD,79,KACCU
31/07/2023,BETACARBON PTY LTD,6,KACCU
31/07/2023,AUSTRALIAN CARBON REDUCTION COLLECTIVE PTY LTD,35,KACCU
31/07/2023,Carbon Financial Services Pty. Ltd.,"400,000",CER
31/07/2023,VIRIDIOS CAPITAL PTY LTD,117,KACCU
30/07/2023,BETACARBON PTY LTD,228,KACCU
30/07/2023,BETACARBON PTY LTD,81,KACCU
30/07/2023,BETACARBON PTY LTD,15,KACCU
28/07/2023,Tasman Environmental Markets Australia Pty Ltd,954,KACCU
28/07/2023,Tasman Environmental Markets Pty Ltd,400,KACCU
28/07/2023,The Sigma Global Company Pty Limited,150,KACCU
28/07/2023,Carbonhalo Pty Ltd,7,KACCU
27/07/2023,Terra Carbon Pty Ltd,66,CER
27/07/2023,AGL HP1 Pty Limited,11,KACCU
27/07/2023,AGL HP1 Pty Limited,112,KACCU
27/07/2023,AGL HP1 Pty Limited,58,KACCU
27/07/2023,CARBON NEUTRAL PTY LTD,70,CER
27/07/2023,"Natural Capital Partners Americas, LLC",400,CER
27/07/2023,"Natural Capital Partners Americas, LLC","1,000",CER
27/07/2023,"Natural Capital Partners Americas, LLC","2,220",CER
27/07/2023,CARBON NEUTRAL PTY LTD,121,CER
27/07/2023,"Natural Capital Partners Americas, LLC",732,CER
27/07/2023,"Natural Capital Partners Americas, LLC","1,250",CER
27/07/2023,"Natural Capital Partners Americas, LLC",663,CER
26/07/2023,CARBON NEUTRAL PTY LTD,303,CER
26/07/2023,CARBON NEUTRAL PTY LTD,840,CER
26/07/2023,Tasman Environmental Markets Australia Pty Ltd,380,KACCU
26/07/2023,CANOPY NATURE BASED SOLUTIONS PTY LTD,257,KACCU
26/07/2023,"Natural Capital Partners Americas, LLC",180,CER
26/07/2023,"Natural Capital Partners Americas, LLC",556,CER
26/07/2023,"Natural Capital Partners Americas, LLC",100,CER
26/07/2023,"Natural Capital Partners Americas, LLC",100,CER
26/07/2023,"Natural Capital Partners Americas, LLC",241,CER
26/07/2023,"Natural Capital Partners Americas, LLC",62,CER
25/07/2023,CARBON NEUTRAL PTY LTD,230,CER
25/07/2023,CARBON NEUTRAL PTY LTD,8,CER
25/07/2023,Tasman Environmental Markets Australia Pty Ltd,33,CER
25/07/2023,Tasman Environmental Markets Australia Pty Ltd,12,CER
25/07/2023,Tasman Environmental Markets Australia Pty Ltd,438,KACCU
25/07/2023,"Natural Capital Partners Americas, LLC",349,CER
25/07/2023,"Natural Capital Partners Americas, LLC","55,550",CER
25/07/2023,"Natural Capital Partners Americas, LLC",180,CER
25/07/2023,"Natural Capital Partners Americas, LLC",550,CER
25/07/2023,Wanjina-Wunggurr (Native Title) Aboriginal Corporation RNTBC,"17,690",KACCU
24/07/2023,"Natural Capital Partners Americas, LLC","53,460",CER
22/07/2023,BETACARBON PTY LTD,4,KACCU
22/07/2023,BETACARBON PTY LTD,119,KACCU
22/07/2023,BETACARBON PTY LTD,6,KACCU
21/07/2023,Tasman Environmental Markets Pty Ltd,"20,087",CER
21/07/2023,Tasman Environmental Markets Pty Ltd,"2,232",KACCU
21/07/2023,VIRIDIOS CAPITAL PTY LTD,225,KACCU
21/07/2023,Carbon Financial Services Pty. Ltd.,"17,260",CER
20/07/2023,CARBON NEUTRAL PTY LTD,35,CER
20/07/2023,CARBON NEUTRAL PTY LTD,12,CER
20/07/2023,Terra Carbon Pty Ltd,800,KACCU
20/07/2023,Carbon Financial Services Pty. Ltd.,50,KACCU
20/07/2023,"Natural Capital Partners Americas, LLC",447,CER
20/07/2023,"Natural Capital Partners Americas, LLC","4,156",CER
20/07/2023,"Natural Capital Partners Americas, LLC","11,841",CER
20/07/2023,"Natural Capital Partners Americas, LLC","12,000",CER
20/07/2023,"Natural Capital Partners Americas, LLC",650,CER
20/07/2023,"Natural Capital Partners Americas, LLC","2,557",CER
20/07/2023,"Natural Capital Partners Americas, LLC",1,CER
20/07/2023,"Natural Capital Partners Americas, LLC","12,928",CER
20/07/2023,"Natural Capital Partners Americas, LLC","16,000",CER
20/07/2023,"Natural Capital Partners Americas, LLC",690,CER
20/07/2023,"Natural Capital Partners Americas, LLC",752,CER
20/07/2023,"Natural Capital Partners Americas, LLC","5,050",CER
19/07/2023,CARBON NEUTRAL PTY LTD,"1,437",CER
19/07/2023,South Pole Australia Financial Services Pty Ltd,95,KACCU
19/07/2023,South Pole Australia Financial Services Pty Ltd,"2,500",KACCU
19/07/2023,Fortescue Metals Group Ltd,"18,050",KACCU
19/07/2023,Tasman Environmental Markets Australia Pty Ltd,5,KACCU
19/07/2023,"Natural Capital Partners Americas, LLC",403,CER
19/07/2023,"Natural Capital Partners Americas, LLC","14,842",CER
17/07/2023,CARBON NEUTRAL PTY LTD,556,CER
17/07/2023,CARBON NEUTRAL PTY LTD,14,CER
17/07/2023,Terra Carbon Pty Ltd,200,KACCU
17/07/2023,"Natural Capital Partners Americas, LLC",323,CER
17/07/2023,"Natural Capital Partners Americas, LLC","17,722",CER
17/07/2023,"Natural Capital Partners Americas, LLC",865,CER
14/07/2023,Tasman Environmental Markets Australia Pty Ltd,108,CER
14/07/2023,Tasman Environmental Markets Australia Pty Ltd,7,KACCU
14/07/2023,Tasman Environmental Markets Australia Pty Ltd,"1,825",KACCU
14/07/2023,Tasman Environmental Markets Australia Pty Ltd,218,KACCU
13/07/2023,"Natural Capital Partners Americas, LLC",45,CER
13/07/2023,"Natural Capital Partners Americas, LLC",437,CER
13/07/2023,CARBON NEUTRAL PTY LTD,24,CER
13/07/2023,Tasman Environmental Markets Pty Ltd,807,CER
13/07/2023,"Natural Capital Partners Americas, LLC",58,CER
13/07/2023,"Natural Capital Partners Americas, LLC","5,500",CER
13/07/2023,"Natural Capital Partners Americas, LLC",51,CER
12/07/2023,Jarden Australia Pty Ltd,314,KACCU
11/07/2023,CARBON NEUTRAL PTY LTD,"1,500",KACCU
11/07/2023,Northmore Gordon Environmental Pty Ltd,379,KACCU
10/07/2023,"Natural Capital Partners Americas, LLC","2,399",CER
10/07/2023,BETACARBON PTY LTD,10,KACCU
10/07/2023,Tasman Environmental Markets Australia Pty Ltd,10,KACCU
10/07/2023,Tasman Environmental Markets Australia Pty Ltd,165,CER
10/07/2023,BETACARBON PTY LTD,15,KACCU
10/07/2023,BETACARBON PTY LTD,119,KACCU
10/07/2023,Tasman Environmental Markets Australia Pty Ltd,636,KACCU
10/07/2023,Tasman Environmental Markets Australia Pty Ltd,"90,000",CER
10/07/2023,BETACARBON PTY LTD,8,KACCU
07/07/2023,Terra Carbon Pty Ltd,132,KACCU
07/07/2023,CARBON NEUTRAL PTY LTD,400,CER
07/07/2023,CARBON NEUTRAL PTY LTD,"1,517",CER
07/07/2023,CARBON NEUTRAL PTY LTD,393,CER
07/07/2023,CARBON NEUTRAL PTY LTD,115,CER
07/07/2023,CARBON NEUTRAL PTY LTD,44,CER
07/07/2023,CARBON NEUTRAL PTY LTD,21,CER
07/07/2023,Commonwealth Bank of Australia,4,KACCU
05/07/2023,Woolworths Group Limited,387,KACCU
03/07/2023,Balanggarra Aboriginal Corporation RNTBC,"11,932",KACCU
03/07/2023,Tasman Environmental Markets Australia Pty Ltd,"4,492",KACCU
03/07/2023,Tasman Environmental Markets Australia Pty Ltd,"7,851",KACCU
03/07/2023,"Natural Capital Partners Americas, LLC","9,000",CER
03/07/2023,"Natural Capital Partners Americas, LLC",130,CER
03/07/2023,"Natural Capital Partners Americas, LLC","1,500",CER
30/06/2023,CARBON NEUTRAL PTY LTD,35,CER
30/06/2023,CARBON NEUTRAL PTY LTD,133,CER
30/06/2023,CARBON NEUTRAL PTY LTD,509,CER
30/06/2023,Tasman Environmental Markets Pty Ltd,"41,134",CER
30/06/2023,CANOPY NATURE BASED SOLUTIONS PTY LTD,520,KACCU
30/06/2023,Tasman Environmental Markets Australia Pty Ltd,55,KACCU
30/06/2023,Tasman Environmental Markets Pty Ltd,"17,047",CER
30/06/2023,Tasman Environmental Markets Pty Ltd,"1,894",KACCU
30/06/2023,Tasman Environmental Markets Pty Ltd,"30,710",CER
30/06/2023,Tasman Environmental Markets Pty Ltd,"35,834",CER
30/06/2023,Tasman Environmental Markets Pty Ltd,"14,862",CER
30/06/2023,Tasman Environmental Markets Pty Ltd,"2,563",KACCU
30/06/2023,Tasman Environmental Markets Pty Ltd,"2,563",KACCU
30/06/2023,Tasman Environmental Markets Australia Pty Ltd,"1,000",KACCU
30/06/2023,Tasman Environmental Markets Pty Ltd,266,CER
30/06/2023,Tasman Environmental Markets Pty Ltd,7,KACCU
30/06/2023,Tasman Environmental Markets Pty Ltd,"1,425",CER
30/06/2023,Tasman Environmental Markets Pty Ltd,75,KACCU
30/06/2023,Tasman Environmental Markets Australia Pty Ltd,8,CER
30/06/2023,Tasman Environmental Markets Australia Pty Ltd,"1,116",CER
30/06/2023,Tasman Environmental Markets Pty Ltd,696,CER
30/06/2023,Tasman Environmental Markets Pty Ltd,"2,645",CER
30/06/2023,Tasman Environmental Markets Pty Ltd,"10,053",CER
30/06/2023,Tasman Environmental Markets Pty Ltd,"1,117",KACCU
30/06/2023,Enviro-Mark Solutions Limited,131,CER
30/06/2023,BETACARBON PTY LTD,267,KACCU
30/06/2023,Cooper Energy Limited,"6,398",KACCU
29/06/2023,Carbon Financial Services Pty. Ltd.,205,KACCU
29/06/2023,Carbon Financial Services Pty. Ltd.,100,KACCU
29/06/2023,Terra Carbon Pty Ltd,67,KACCU
29/06/2023,Tasman Environmental Markets Pty Ltd,139,KACCU
29/06/2023,Tasman Environmental Markets Pty Ltd,37,KACCU
28/06/2023,CARBON NEUTRAL PTY LTD,197,KACCU
28/06/2023,Australian Integrated Carbon Financial Services Pty Ltd,857,KACCU
28/06/2023,GAIA INVESTMENTS (AUST) PTY LTD,76,KACCU
28/06/2023,Wanjina-Wunggurr (Native Title) Aboriginal Corporation RNTBC,"17,689",KACCU
28/06/2023,Carbonhalo Pty Ltd,4,KACCU
28/06/2023,Wunambal Gaambera Uunguu Fire Project,"17,689",KACCU
28/06/2023,BWP MANAGEMENT LIMITED,55,KACCU
28/06/2023,APA infrastructure Limited,"27,000",KACCU
26/06/2023,AGL HP1 Pty Limited,236,KACCU
26/06/2023,AGL HP1 Pty Limited,48,KACCU
26/06/2023,AGL HP1 Pty Limited,19,KACCU
26/06/2023,AGL HP1 Pty Limited,1,KACCU
26/06/2023,AGL HP1 Pty Limited,"1,384",KACCU
26/06/2023,AGL HP1 Pty Limited,77,KACCU
26/06/2023,AGL HP1 Pty Limited,"4,053",KACCU
26/06/2023,AGL HP1 Pty Limited,947,KACCU
26/06/2023,AGL HP1 Pty Limited,"1,112",KACCU
26/06/2023,AGL HP1 Pty Limited,"4,396",KACCU
26/06/2023,AGL HP1 Pty Limited,"2,000",KACCU
26/06/2023,AGL HP1 Pty Limited,"7,466",KACCU
26/06/2023,AGL HP1 Pty Limited,"7,085",KACCU
23/06/2023,Australian CO2 Exchange Pty Ltd,16,KACCU
23/06/2023,Tasman Environmental Markets Australia Pty Ltd,150,KACCU
22/06/2023,CARBON NEUTRAL PTY LTD,"1,686",KACCU
22/06/2023,Tasman Environmental Markets Australia Pty Ltd,621,KACCU
21/06/2023,CARBON NEUTRAL PTY LTD,230,CER
21/06/2023,CARBON NEUTRAL PTY LTD,"1,316",CER
21/06/2023,GAIA INVESTMENTS (AUST) PTY LTD,4,KACCU
21/06/2023,Tasman Environmental Markets Australia Pty Ltd,182,KACCU
21/06/2023,"Natural Capital Partners Americas, LLC",5,CER
21/06/2023,"Natural Capital Partners Americas, LLC",85,CER
21/06/2023,"Natural Capital Partners Americas, LLC",65,CER
21/06/2023,"Natural Capital Partners Americas, LLC",600,CER
21/06/2023,"Natural Capital Partners Americas, LLC",200,CER
21/06/2023,"Natural Capital Partners Americas, LLC",23,CER
21/06/2023,"Natural Capital Partners Americas, LLC",270,CER
21/06/2023,"Natural Capital Partners Americas, LLC",82,CER
21/06/2023,"Natural Capital Partners Americas, LLC",42,CER
21/06/2023,"Natural Capital Partners Americas, LLC",30,CER
21/06/2023,"Natural Capital Partners Americas, LLC",37,CER
19/06/2023,"Natural Capital Partners Americas, LLC","5,000",CER
19/06/2023,"Natural Capital Partners Americas, LLC","16,831",CER
19/06/2023,"Natural Capital Partners Americas, LLC","9,000",CER
19/06/2023,"Natural Capital Partners Americas, LLC","9,501",CER
19/06/2023,"Natural Capital Partners Americas, LLC",57,CER
19/06/2023,"Natural Capital Partners Americas, LLC",148,CER
19/06/2023,"Natural Capital Partners Americas, LLC",140,CER
19/06/2023,"Natural Capital Partners Americas, LLC",65,CER
19/06/2023,"Natural Capital Partners Americas, LLC",68,CER
19/06/2023,"Natural Capital Partners Americas, LLC",46,CER
19/06/2023,"Natural Capital Partners Americas, LLC",195,CER
19/06/2023,"Natural Capital Partners Americas, LLC",178,CER
19/06/2023,"Natural Capital Partners Americas, LLC",178,CER
19/06/2023,"Natural Capital Partners Americas, LLC",254,CER
19/06/2023,"Natural Capital Partners Americas, LLC",107,CER
19/06/2023,"Natural Capital Partners Americas, LLC",145,CER
19/06/2023,"Natural Capital Partners Americas, LLC",99,CER
19/06/2023,"Natural Capital Partners Americas, LLC",43,CER
19/06/2023,"Natural Capital Partners Americas, LLC",58,CER
19/06/2023,"Natural Capital Partners Americas, LLC",90,CER
19/06/2023,"Natural Capital Partners Americas, LLC",70,CER
19/06/2023,"Natural Capital Partners Americas, LLC",116,CER
19/06/2023,"Natural Capital Partners Americas, LLC",80,CER
19/06/2023,"Natural Capital Partners Americas, LLC",25,CER
19/06/2023,"Natural Capital Partners Americas, LLC",1,CER
19/06/2023,"Natural Capital Partners Americas, LLC",5,CER
19/06/2023,"Natural Capital Partners Americas, LLC",7,CER
19/06/2023,"Natural Capital Partners Americas, LLC",10,CER
19/06/2023,"Natural Capital Partners Americas, LLC",58,CER
19/06/2023,"Natural Capital Partners Americas, LLC",227,CER
19/06/2023,"Natural Capital Partners Americas, LLC",124,CER
19/06/2023,"Natural Capital Partners Americas, LLC",148,CER
16/06/2023,Northmore Gordon Environmental Pty Ltd,1,KACCU
16/06/2023,Tasman Environmental Markets Australia Pty Ltd,441,KACCU
16/06/2023,Climate Friendly Pty Ltd,1,KACCU
16/06/2023,Climate Friendly Pty Ltd,1,KACCU
16/06/2023,Climate Friendly Pty Ltd,1,KACCU
16/06/2023,Tasman Environmental Markets Pty Ltd,"17,787",CER
16/06/2023,Tasman Environmental Markets Pty Ltd,"1,978",KACCU
16/06/2023,Climate Friendly Pty Ltd,1,KACCU
16/06/2023,"Natural Capital Partners Americas, LLC",37,CER
16/06/2023,"Natural Capital Partners Americas, LLC",93,CER
16/06/2023,"Natural Capital Partners Americas, LLC",31,CER
16/06/2023,"Natural Capital Partners Americas, LLC",7,CER
16/06/2023,"Natural Capital Partners Americas, LLC",87,CER
16/06/2023,"Natural Capital Partners Americas, LLC",16,CER
16/06/2023,"Natural Capital Partners Americas, LLC",42,CER
16/06/2023,"Natural Capital Partners Americas, LLC",28,CER
16/06/2023,"Natural Capital Partners Americas, LLC",19,CER
16/06/2023,"Natural Capital Partners Americas, LLC",261,CER
16/06/2023,"Natural Capital Partners Americas, LLC",87,CER
16/06/2023,"Natural Capital Partners Americas, LLC",37,CER
16/06/2023,"Natural Capital Partners Americas, LLC",46,CER
16/06/2023,"Natural Capital Partners Americas, LLC",97,CER
16/06/2023,"Natural Capital Partners Americas, LLC",73,CER
16/06/2023,"Natural Capital Partners Americas, LLC",157,CER
16/06/2023,"Natural Capital Partners Americas, LLC",178,CER
16/06/2023,"Natural Capital Partners Americas, LLC",197,CER
16/06/2023,"Natural Capital Partners Americas, LLC",165,CER
16/06/2023,"Natural Capital Partners Americas, LLC",31,CER
16/06/2023,"Natural Capital Partners Americas, LLC",35,CER
16/06/2023,"Natural Capital Partners Americas, LLC",225,CER
16/06/2023,"Natural Capital Partners Americas, LLC",37,CER
16/06/2023,"Natural Capital Partners Americas, LLC",104,CER
16/06/2023,"Natural Capital Partners Americas, LLC","1,217",CER
16/06/2023,"Natural Capital Partners Americas, LLC",57,CER
16/06/2023,"Natural Capital Partners Americas, LLC",350,CER
16/06/2023,"Natural Capital Partners Americas, LLC",5,CER
16/06/2023,"Natural Capital Partners Americas, LLC",61,CER
16/06/2023,"Natural Capital Partners Americas, LLC",63,CER
16/06/2023,"Natural Capital Partners Americas, LLC",93,CER
16/06/2023,"Natural Capital Partners Americas, LLC",76,CER
16/06/2023,"Natural Capital Partners Americas, LLC",55,CER
16/06/2023,"Natural Capital Partners Americas, LLC",23,CER
15/06/2023,BETACARBON PTY LTD,4,KACCU
15/06/2023,BETACARBON PTY LTD,3,KACCU
15/06/2023,BETACARBON PTY LTD,137,KACCU
15/06/2023,BETACARBON PTY LTD,5,KACCU
15/06/2023,"Natural Capital Partners Americas, LLC",86,CER
15/06/2023,"Natural Capital Partners Americas, LLC",109,CER
15/06/2023,"Natural Capital Partners Americas, LLC",139,CER
15/06/2023,"Natural Capital Partners Americas, LLC",29,CER
15/06/2023,"Natural Capital Partners Americas, LLC",56,CER
15/06/2023,"Natural Capital Partners Americas, LLC",134,CER
15/06/2023,"Natural Capital Partners Americas, LLC",24,CER
15/06/2023,"Natural Capital Partners Americas, LLC",16,CER
15/06/2023,"Natural Capital Partners Americas, LLC",23,CER
15/06/2023,"Natural Capital Partners Americas, LLC",19,CER
15/06/2023,"Natural Capital Partners Americas, LLC",2,CER
15/06/2023,"Natural Capital Partners Americas, LLC",19,CER
15/06/2023,"Natural Capital Partners Americas, LLC",19,CER
15/06/2023,"Natural Capital Partners Americas, LLC",1,CER
15/06/2023,"Natural Capital Partners Americas, LLC",50,CER
15/06/2023,"Natural Capital Partners Americas, LLC",36,CER
15/06/2023,"Natural Capital Partners Americas, LLC",42,CER
15/06/2023,"Natural Capital Partners Americas, LLC",80,CER
15/06/2023,HOBART INTERNATIONAL AIRPORT PTY LIMITED,600,KACCU
14/06/2023,"Natural Capital Partners Americas, LLC","5,048",CER
14/06/2023,CARBON NEUTRAL PTY LTD,40,CER
14/06/2023,VIRIDIOS CAPITAL PTY LTD,237,KACCU
14/06/2023,CARBON NEUTRAL PTY LTD,70,CER
14/06/2023,Tasman Environmental Markets Australia Pty Ltd,20,KACCU
14/06/2023,Blue-Leafed Mallee Pty Ltd,57,KACCU
13/06/2023,CARBON NEUTRAL PTY LTD,3,CER
13/06/2023,AGL HP1 Pty Limited,"1,709",KACCU
13/06/2023,CARBON NEUTRAL PTY LTD,50,CER
13/06/2023,CARBON NEUTRAL PTY LTD,"1,500",CER
13/06/2023,Enviro-Mark Solutions Limited,33,CER
13/06/2023,Enviro-Mark Solutions Limited,491,CER
13/06/2023,Enviro-Mark Solutions Limited,7,CER
13/06/2023,Enviro-Mark Solutions Limited,100,CER
13/06/2023,Enviro-Mark Solutions Limited,159,CER
13/06/2023,Enviro-Mark Solutions Limited,3,CER
13/06/2023,Enviro-Mark Solutions Limited,664,CER
13/06/2023,Enviro-Mark Solutions Limited,20,CER
13/06/2023,South Pole Australia Financial Services Pty Ltd,24,KACCU
09/06/2023,Tasman Environmental Markets Australia Pty Ltd,"1,500",KACCU
09/06/2023,EVERCLIME PTY LTD,100,KACCU
09/06/2023,COLES ENVIRONMENTAL SERVICES PTY LTD,"7,045",KACCU
09/06/2023,Tasman Environmental Markets Pty Ltd,152,KACCU
09/06/2023,Tasman Environmental Markets Pty Ltd,5,KACCU
09/06/2023,Commonwealth Bank of Australia,"5,500",KACCU
09/06/2023,Commonwealth Bank of Australia,8,KACCU
08/06/2023,CARBON NEUTRAL PTY LTD,100,CER
08/06/2023,Australian CO2 Exchange Pty Ltd,149,KACCU
08/06/2023,Tasman Environmental Markets Australia Pty Ltd,230,KACCU
08/06/2023,Tasman Environmental Markets Pty Ltd,"2,008",CER
08/06/2023,Tasman Environmental Markets Pty Ltd,106,KACCU
08/06/2023,Perenia Pty Ltd,"5,950",CER
07/06/2023,CARBON NEUTRAL PTY LTD,28,CER
07/06/2023,CARBON NEUTRAL PTY LTD,25,CER
07/06/2023,CARBON NEUTRAL PTY LTD,25,CER
07/06/2023,CARBON NEUTRAL PTY LTD,36,CER
07/06/2023,Enviro-Mark Solutions Limited,"30,000",CER
07/06/2023,Enviro-Mark Solutions Limited,160,CER
07/06/2023,Enviro-Mark Solutions Limited,110,CER
06/06/2023,Origin Energy Electricity Ltd,17,KACCU
06/06/2023,Tasman Environmental Markets Australia Pty Ltd,100,KACCU
05/06/2023,GAIA INVESTMENTS (AUST) PTY LTD,186,KACCU
05/06/2023,Tasman Environmental Markets Pty Ltd,5,KACCU
05/06/2023,Aboriginal Carbon Fund Limited,162,KACCU
05/06/2023,ENERGYLINK SERVICES PTY LTD,83,KACCU
05/06/2023,Perenia Pty Ltd,"2,812",CER
05/06/2023,Perenia Pty Ltd,"1,100",CER
02/06/2023,Carbon Financial Services Pty. Ltd.,204,KACCU
01/06/2023,EKI Energy Services Limited,"1,064",CER
01/06/2023,EKI Energy Services Limited,"3,300",CER
01/06/2023,EKI Energy Services Limited,"148,362",CER
01/06/2023,Ozwide Energy Group Pty Ltd,105,KACCU
01/06/2023,Tasman Environmental Markets Australia Pty Ltd,251,KACCU
31/05/2023,Tasman Environmental Markets Australia Pty Ltd,326,KACCU
31/05/2023,Tasman Environmental Markets Pty Ltd,"1,337",KACCU
31/05/2023,Tasman Environmental Markets Pty Ltd,"4,458",CER
31/05/2023,Tasman Environmental Markets Pty Ltd,"14,862",CER
31/05/2023,Tasman Environmental Markets Pty Ltd,"5,126",KACCU
31/05/2023,CARBON NEUTRAL PTY LTD,"1,200",CER
31/05/2023,"Natural Capital Partners Americas, LLC","57,700",CER
31/05/2023,"Natural Capital Partners Americas, LLC","32,829",CER
31/05/2023,"Natural Capital Partners Americas, LLC","16,750",CER
31/05/2023,"Natural Capital Partners Americas, LLC","5,260",CER
31/05/2023,"Natural Capital Partners Americas, LLC",406,CER
31/05/2023,"Natural Capital Partners Americas, LLC",257,CER
30/05/2023,Aboriginal Carbon Fund Limited,122,KACCU
30/05/2023,Tasman Environmental Markets Australia Pty Ltd,"8,100",CER
30/05/2023,Tasman Environmental Markets Australia Pty Ltd,900,KACCU
30/05/2023,Carbon Financial Services Pty. Ltd.,42,KACCU
30/05/2023,Carbon Financial Services Pty. Ltd.,42,KACCU
29/05/2023,ENERGYLINK SERVICES PTY LTD,1,KACCU
29/05/2023,ENERGYLINK SERVICES PTY LTD,399,KACCU
29/05/2023,ENERGYLINK SERVICES PTY LTD,244,KACCU
29/05/2023,Tasman Environmental Markets Pty Ltd,"25,000",KACCU
29/05/2023,Carbonhalo Pty Ltd,2,KACCU
29/05/2023,Carbonhalo Pty Ltd,2,KACCU
29/05/2023,CARBON NEUTRAL PTY LTD,650,CER
29/05/2023,Carbon Financial Services Pty. Ltd.,38,KACCU
29/05/2023,Carbon Financial Services Pty. Ltd.,"2,753",KACCU
29/05/2023,Carbon Financial Services Pty. Ltd.,60,KACCU
29/05/2023,Carbon Financial Services Pty. Ltd.,36,KACCU
29/05/2023,Carbon Financial Services Pty. Ltd.,29,KACCU
29/05/2023,Carbon Financial Services Pty. Ltd.,48,KACCU
29/05/2023,Carbon Financial Services Pty. Ltd.,13,KACCU
29/05/2023,Carbon Financial Services Pty. Ltd.,168,KACCU
29/05/2023,Carbon Financial Services Pty. Ltd.,6,KACCU
29/05/2023,Carbon Financial Services Pty. Ltd.,40,KACCU
29/05/2023,Carbon Financial Services Pty. Ltd.,"1,574",KACCU
29/05/2023,Carbon Financial Services Pty. Ltd.,831,KACCU
29/05/2023,Carbon Financial Services Pty. Ltd.,28,KACCU
29/05/2023,Carbon Financial Services Pty. Ltd.,106,KACCU
29/05/2023,Carbon Financial Services Pty. Ltd.,797,KACCU
29/05/2023,Carbon Financial Services Pty. Ltd.,116,KACCU
29/05/2023,Carbon Financial Services Pty. Ltd.,5,KACCU
29/05/2023,Carbon Financial Services Pty. Ltd.,23,KACCU
29/05/2023,Carbon Financial Services Pty. Ltd.,115,KACCU
26/05/2023,Tasman Environmental Markets Pty Ltd,"43,061",CER
26/05/2023,Tasman Environmental Markets Pty Ltd,422,KACCU
26/05/2023,Tasman Environmental Markets Pty Ltd,"4,362",KACCU
26/05/2023,Carbon Financial Services Pty. Ltd.,822,KACCU
26/05/2023,Commonwealth Bank of Australia,550,KACCU
26/05/2023,BETACARBON PTY LTD,15,KACCU
26/05/2023,BETACARBON PTY LTD,68,KACCU
25/05/2023,CARBON NEUTRAL PTY LTD,550,CER
25/05/2023,Enviro-Mark Solutions Limited,"1,214",CER
25/05/2023,Enviro-Mark Solutions Limited,"1,520",CER
25/05/2023,Enviro-Mark Solutions Limited,63,CER
25/05/2023,Enviro-Mark Solutions Limited,215,CER
25/05/2023,Enviro-Mark Solutions Limited,"5,253",CER
25/05/2023,Enviro-Mark Solutions Limited,"4,000",CER
25/05/2023,Enviro-Mark Solutions Limited,"6,000",CER
25/05/2023,Enviro-Mark Solutions Limited,72,CER
24/05/2023,Tasman Environmental Markets Pty Ltd,950,CER
24/05/2023,BETACARBON PTY LTD,213,KACCU
24/05/2023,Aboriginal Carbon Fund Limited,291,KACCU
24/05/2023,BETACARBON PTY LTD,30,KACCU
23/05/2023,CANOPY NATURE BASED SOLUTIONS PTY LTD,"1,895",KACCU
23/05/2023,CARBON NEUTRAL PTY LTD,10,CER
23/05/2023,CARBON NEUTRAL PTY LTD,20,CER
23/05/2023,CARBON NEUTRAL PTY LTD,27,CER
23/05/2023,CARBON NEUTRAL PTY LTD,3,CER
23/05/2023,CARBON NEUTRAL PTY LTD,27,CER
23/05/2023,CARBON NEUTRAL PTY LTD,2,CER
23/05/2023,CARBON NEUTRAL PTY LTD,18,CER
23/05/2023,CARBON NEUTRAL PTY LTD,18,CER
23/05/2023,CARBON NEUTRAL PTY LTD,65,CER
23/05/2023,CARBON NEUTRAL PTY LTD,20,CER
23/05/2023,CARBON NEUTRAL PTY LTD,40,CER
23/05/2023,CARBON NEUTRAL PTY LTD,18,CER
23/05/2023,Tasman Environmental Markets Pty Ltd,"10,762",CER
23/05/2023,Tasman Environmental Markets Pty Ltd,280,KACCU
22/05/2023,Tasman Environmental Markets Australia Pty Ltd,"1,402",KACCU
22/05/2023,BETACARBON PTY LTD,73,KACCU
19/05/2023,CARBON NEUTRAL PTY LTD,217,CER
19/05/2023,South Pole Australia Financial Services Pty Ltd,"3,100",KACCU
19/05/2023,SG OPTION FUNDS PTY LTD,214,KACCU
19/05/2023,Aboriginal Carbon Fund Limited,30,KACCU
19/05/2023,Carbon Financial Services Pty. Ltd.,"55,296",CER
18/05/2023,Enviro-Mark Solutions Limited,"1,140",CER
18/05/2023,Enviro-Mark Solutions Limited,"3,347",CER
18/05/2023,Aboriginal Carbon Fund Limited,307,KACCU
18/05/2023,VIRIDIOS CAPITAL PTY LTD,75,KACCU
18/05/2023,BETACARBON PTY LTD,4,KACCU
18/05/2023,BETACARBON PTY LTD,3,KACCU
18/05/2023,"Natural Capital Partners Americas, LLC","22,500",CER
18/05/2023,"Natural Capital Partners Americas, LLC","8,000",CER
18/05/2023,"Natural Capital Partners Americas, LLC","6,848",CER
18/05/2023,"Natural Capital Partners Americas, LLC","4,000",CER
18/05/2023,"Natural Capital Partners Americas, LLC","2,145",CER
18/05/2023,"Natural Capital Partners Americas, LLC","1,830",CER
18/05/2023,"Natural Capital Partners Americas, LLC",800,CER
18/05/2023,"Natural Capital Partners Americas, LLC",598,CER
18/05/2023,"Natural Capital Partners Americas, LLC",548,CER
18/05/2023,"Natural Capital Partners Americas, LLC",534,CER
18/05/2023,"Natural Capital Partners Americas, LLC",273,CER
18/05/2023,"Natural Capital Partners Americas, LLC",167,CER
18/05/2023,"Natural Capital Partners Americas, LLC",156,CER
18/05/2023,"Natural Capital Partners Americas, LLC",150,CER
18/05/2023,"Natural Capital Partners Americas, LLC",50,CER
17/05/2023,CARBON NEUTRAL PTY LTD,"1,500",CER
17/05/2023,Terra Carbon Pty Ltd,253,KACCU
16/05/2023,BETACARBON PTY LTD,3,KACCU
15/05/2023,Aboriginal Carbon Fund Limited,150,KACCU
15/05/2023,BETACARBON PTY LTD,36,KACCU
15/05/2023,VIRIDIOS CAPITAL PTY LTD,25,KACCU
15/05/2023,The Sigma Global Company Pty Limited,"20,505",CER
12/05/2023,South Pole Australia Financial Services Pty Ltd,1,KACCU
12/05/2023,South Pole Australia Financial Services Pty Ltd,752,KACCU
12/05/2023,South Pole Australia Financial Services Pty Ltd,748,KACCU
12/05/2023,Aboriginal Carbon Fund Limited,553,KACCU
12/05/2023,South Pole Australia Financial Services Pty Ltd,"1,800",KACCU
11/05/2023,Terra Carbon Pty Ltd,"1,049",CER
11/05/2023,Terra Carbon Pty Ltd,"2,038",KACCU
11/05/2023,Corporate Carbon Advisory Pty Ltd,20,KACCU
10/05/2023,Climate Friendly Financial Solutions Pty Limited,"1,000",KACCU
10/05/2023,BETACARBON PTY LTD,119,KACCU
09/05/2023,CARBON NEUTRAL PTY LTD,71,CER
09/05/2023,CARBON NEUTRAL PTY LTD,122,CER
09/05/2023,Carbon Financial Services Pty. Ltd.,337,KACCU
09/05/2023,Carbon Financial Services Pty. Ltd.,337,KACCU
09/05/2023,Carbon Financial Services Pty. Ltd.,42,KACCU
08/05/2023,CARBON NEUTRAL PTY LTD,110,CER
08/05/2023,GAIA INVESTMENTS (AUST) PTY LTD,20,KACCU
08/05/2023,Aboriginal Carbon Fund Limited,84,KACCU
08/05/2023,Commonwealth Bank of Australia,5,KACCU
08/05/2023,South Pole Australia Financial Services Pty Ltd,"2,742",KACCU
05/05/2023,Tasman Environmental Markets Pty Ltd,944,KACCU
05/05/2023,Tasman Environmental Markets Pty Ltd,"3,147",CER
05/05/2023,Tasman Environmental Markets Pty Ltd,42,CER
05/05/2023,Tasman Environmental Markets Pty Ltd,12,KACCU
05/05/2023,Tasman Environmental Markets Pty Ltd,78,KACCU
05/05/2023,Tasman Environmental Markets Pty Ltd,363,CER
05/05/2023,Enviro-Mark Solutions Limited,"18,271",CER
05/05/2023,Enviro-Mark Solutions Limited,"6,481",CER
05/05/2023,Enviro-Mark Solutions Limited,13,CER
05/05/2023,Enviro-Mark Solutions Limited,27,CER
05/05/2023,Enviro-Mark Solutions Limited,75,CER
05/05/2023,Enviro-Mark Solutions Limited,180,CER
05/05/2023,Enviro-Mark Solutions Limited,32,CER
05/05/2023,Enviro-Mark Solutions Limited,119,CER
05/05/2023,Enviro-Mark Solutions Limited,4,CER
05/05/2023,Enviro-Mark Solutions Limited,791,CER
05/05/2023,Enviro-Mark Solutions Limited,2,CER
05/05/2023,Enviro-Mark Solutions Limited,148,CER
05/05/2023,Enviro-Mark Solutions Limited,110,CER
05/05/2023,Enviro-Mark Solutions Limited,169,CER
05/05/2023,"Natural Capital Partners Americas, LLC",39,CER
05/05/2023,"Natural Capital Partners Americas, LLC",646,CER
04/05/2023,Enviro-Mark Solutions Limited,13,CER
04/05/2023,Enviro-Mark Solutions Limited,4,CER
04/05/2023,Enviro-Mark Solutions Limited,"2,980",CER
04/05/2023,Enviro-Mark Solutions Limited,17,CER
04/05/2023,Enviro-Mark Solutions Limited,115,CER
04/05/2023,Enviro-Mark Solutions Limited,20,CER
04/05/2023,CARBON NEUTRAL PTY LTD,257,CER
04/05/2023,Tasman Environmental Markets Australia Pty Ltd,500,KACCU
04/05/2023,BETACARBON PTY LTD,6,KACCU
03/05/2023,BETACARBON PTY LTD,3,KACCU
03/05/2023,CARBON NEUTRAL PTY LTD,216,CER
03/05/2023,BETACARBON PTY LTD,16,KACCU
03/05/2023,Carbon Financial Services Pty. Ltd.,123,KACCU
03/05/2023,Carbon Financial Services Pty. Ltd.,40,KACCU
03/05/2023,Carbon Financial Services Pty. Ltd.,55,KACCU
03/05/2023,Carbon Financial Services Pty. Ltd.,55,KACCU
03/05/2023,Carbon Financial Services Pty. Ltd.,23,KACCU
03/05/2023,"Natural Capital Partners Americas, LLC","3,479",CER
03/05/2023,"Natural Capital Partners Americas, LLC","22,863",CER
02/05/2023,Tasman Environmental Markets Australia Pty Ltd,527,KACCU
02/05/2023,Macquarie Bank Limited,"8,150",KACCU
02/05/2023,Aboriginal Carbon Fund Limited,120,KACCU
02/05/2023,Carbon Financial Services Pty. Ltd.,"1,137",CER
02/05/2023,Carbon Financial Services Pty. Ltd.,"1,136",CER
02/05/2023,Carbon Financial Services Pty. Ltd.,"1,137",CER
02/05/2023,Carbon Financial Services Pty. Ltd.,"1,163",CER
02/05/2023,Carbon Financial Services Pty. Ltd.,"1,158",CER
02/05/2023,Carbon Financial Services Pty. Ltd.,"1,178",CER
02/05/2023,Carbon Financial Services Pty. Ltd.,"1,201",CER
02/05/2023,Carbon Financial Services Pty. Ltd.,"1,199",CER
02/05/2023,Carbon Financial Services Pty. Ltd.,"1,206",CER
02/05/2023,Carbon Financial Services Pty. Ltd.,"1,228",CER
02/05/2023,Carbon Financial Services Pty. Ltd.,"1,246",CER
02/05/2023,Carbon Financial Services Pty. Ltd.,"1,256",CER
02/05/2023,Carbon Financial Services Pty. Ltd.,"1,271",CER
02/05/2023,Carbon Financial Services Pty. Ltd.,"1,278",CER
02/05/2023,Carbon Financial Services Pty. Ltd.,"1,282",CER
01/05/2023,The Sigma Global Company Pty Limited,34,KACCU
30/04/2023,Enviro-Mark Solutions Limited,907,CER
30/04/2023,Enviro-Mark Solutions Limited,104,CER
30/04/2023,Enviro-Mark Solutions Limited,31,CER
30/04/2023,Enviro-Mark Solutions Limited,14,CER
30/04/2023,Enviro-Mark Solutions Limited,"3,000",CER
30/04/2023,Enviro-Mark Solutions Limited,81,CER
30/04/2023,Enviro-Mark Solutions Limited,"1,314",CER
30/04/2023,Enviro-Mark Solutions Limited,"2,250",CER
30/04/2023,Enviro-Mark Solutions Limited,211,CER
30/04/2023,Enviro-Mark Solutions Limited,"1,922",CER
30/04/2023,Enviro-Mark Solutions Limited,"3,451",CER
29/04/2023,"Natural Capital Partners Americas, LLC","2,424",CER
28/04/2023,Northmore Gordon Environmental Pty Ltd,203,KACCU
27/04/2023,Ozwide Energy Group Pty Ltd,31,KACCU
27/04/2023,Macquarie Bank Limited,"15,000",KACCU
27/04/2023,Carbonhalo Pty Ltd,10,KACCU
27/04/2023,Carbonhalo Pty Ltd,63,KACCU
27/04/2023,Tasman Environmental Markets Australia Pty Ltd,"1,241",KACCU
26/04/2023,Origin Energy Electricity Ltd,142,KACCU
26/04/2023,Corporate Carbon Advisory Pty Ltd,132,KACCU
26/04/2023,Aboriginal Carbon Fund Limited,30,KACCU
24/04/2023,SG OPTION FUNDS PTY LTD,100,KACCU
24/04/2023,BETACARBON PTY LTD,33,KACCU
24/04/2023,Terra Carbon Pty Ltd,784,KACCU
24/04/2023,BETACARBON PTY LTD,28,KACCU
24/04/2023,BETACARBON PTY LTD,10,KACCU
21/04/2023,Tasman Environmental Markets Australia Pty Ltd,"1,000",KACCU
21/04/2023,CARBON NEUTRAL PTY LTD,183,CER
21/04/2023,Aboriginal Carbon Fund Limited,"3,000",KACCU
20/04/2023,CARBON NEUTRAL PTY LTD,30,CER
20/04/2023,CARBON NEUTRAL PTY LTD,250,CER
20/04/2023,CARBON NEUTRAL PTY LTD,35,CER
20/04/2023,CARBON NEUTRAL PTY LTD,143,CER
20/04/2023,Australian Integrated Carbon Financial Services Pty Ltd,300,KACCU
20/04/2023,Tasman Environmental Markets Australia Pty Ltd,169,KACCU
20/04/2023,Origin Energy Electricity Ltd,"4,194",KACCU
20/04/2023,Origin Energy Electricity Ltd,"5,438",KACCU
20/04/2023,Origin Energy Electricity Ltd,413,KACCU
20/04/2023,Demand Manager Pty. Ltd.,6,KACCU
20/04/2023,CANOPY NATURE BASED SOLUTIONS PTY LTD,503,KACCU
20/04/2023,BETACARBON PTY LTD,238,KACCU
18/04/2023,SG OPTION FUNDS PTY LTD,19,KACCU
18/04/2023,CARBON NEUTRAL PTY LTD,"5,128",CER
18/04/2023,VIRIDIOS CAPITAL PTY LTD,180,KACCU
18/04/2023,Perenia Pty Ltd,"15,000",CER
18/04/2023,"Natural Capital Partners Americas, LLC","7,000",CER
14/04/2023,Carbon Financial Services Pty. Ltd.,686,KACCU
14/04/2023,South Pole Australia Financial Services Pty Ltd,95,KACCU
14/04/2023,WeAct Pty Ltd,"1,000",KACCU
14/04/2023,WeAct Pty Ltd,197,KACCU
13/04/2023,Commonwealth Bank of Australia,4,KACCU
13/04/2023,South Pole Australia Financial Services Pty Ltd,"2,701",KACCU
13/04/2023,South Pole Australia Financial Services Pty Ltd,201,KACCU
13/04/2023,South Pole Australia Financial Services Pty Ltd,"2,026",KACCU
13/04/2023,South Pole Australia Financial Services Pty Ltd,301,KACCU
13/04/2023,South Pole Australia Financial Services Pty Ltd,691,KACCU
13/04/2023,South Pole Australia Financial Services Pty Ltd,301,KACCU
13/04/2023,South Pole Australia Financial Services Pty Ltd,"1,726",KACCU
13/04/2023,South Pole Australia Financial Services Pty Ltd,901,KACCU
13/04/2023,South Pole Australia Financial Services Pty Ltd,"1,426",KACCU
12/04/2023,Jarden Australia Pty Ltd,205,KACCU
12/04/2023,Aboriginal Carbon Fund Limited,635,KACCU
12/04/2023,"Natural Capital Partners Americas, LLC","56,832",CER
11/04/2023,Climate Friendly Financial Solutions Pty Limited,235,KACCU
11/04/2023,Carbon Estate Pty Ltd,458,KACCU
06/04/2023,CARBON NEUTRAL PTY LTD,60,CER
05/04/2023,Carbon Financial Services Pty. Ltd.,405,KACCU
05/04/2023,Tasman Environmental Markets Pty Ltd,"2,647",KACCU
05/04/2023,Enviro-Mark Solutions Limited,9,CER
05/04/2023,Enviro-Mark Solutions Limited,206,CER
05/04/2023,Enviro-Mark Solutions Limited,"3,102",CER
05/04/2023,Enviro-Mark Solutions Limited,"1,732",CER
04/04/2023,CARBON NEUTRAL PTY LTD,3,CER
04/04/2023,Tasman Environmental Markets Pty Ltd,494,CER
03/04/2023,Tasman Environmental Markets Pty Ltd,"34,092",CER
03/04/2023,Terra Carbon Pty Ltd,"83,587",KACCU
03/04/2023,"Natural Capital Partners Americas, LLC",600,CER
31/03/2023,Aboriginal Carbon Fund Limited,"1,408",KACCU
31/03/2023,Tasman Environmental Markets Pty Ltd,"33,682",CER
31/03/2023,Commonwealth Bank of Australia,"1,099",KACCU
31/03/2023,Australia and New Zealand Banking Group Limited,250,KACCU
30/03/2023,Tasman Environmental Markets Pty Ltd,"8,100",CER
30/03/2023,Tasman Environmental Markets Pty Ltd,"9,000",CER
30/03/2023,Tasman Environmental Markets Australia Pty Ltd,288,KACCU
30/03/2023,Westpac Banking Corporation,"48,673",KACCU
30/03/2023,Tasman Environmental Markets Pty Ltd,741,KACCU
30/03/2023,Tasman Environmental Markets Pty Ltd,"2,468",CER
30/03/2023,Attunga Carbon & Enviro Fund,42,KACCU
30/03/2023,South Pole Australia Financial Services Pty Ltd,380,KACCU
29/03/2023,CARBON NEUTRAL PTY LTD,110,CER
29/03/2023,CARBON NEUTRAL PTY LTD,96,CER
29/03/2023,CARBON NEUTRAL PTY LTD,71,CER
29/03/2023,CARBON NEUTRAL PTY LTD,688,CER
29/03/2023,Carbon Estate Pty Ltd,"2,450",KACCU
28/03/2023,Macquarie Bank Limited,285,KACCU
28/03/2023,Carbonhalo Pty Ltd,4,KACCU
27/03/2023,BETACARBON PTY LTD,32,KACCU
27/03/2023,"Natural Capital Partners Americas, LLC","20,000",CER
27/03/2023,"Natural Capital Partners Americas, LLC","20,000",CER
27/03/2023,"Natural Capital Partners Americas, LLC",400,CER
24/03/2023,SG OPTION FUNDS PTY LTD,100,KACCU
24/03/2023,Carbon Estate Pty Ltd,200,KACCU
23/03/2023,EnergyAustralia Pty Ltd,"19,595",KACCU
23/03/2023,CARBON NEUTRAL PTY LTD,18,CER
23/03/2023,Viva Energy Australia Ltd,"2,400",KACCU
22/03/2023,Tasman Environmental Markets Australia Pty Ltd,223,KACCU
21/03/2023,Ozwide Energy Group Pty Ltd,269,KACCU
21/03/2023,Carbon Financial Services Pty. Ltd.,333,KACCU
21/03/2023,Carbon Financial Services Pty. Ltd.,355,KACCU
21/03/2023,Aboriginal Carbon Fund Limited,612,KACCU
20/03/2023,Ozwide Energy Group Pty Ltd,10,KACCU
20/03/2023,Terra Carbon Pty Ltd,"1,000",KACCU
20/03/2023,"Natural Capital Partners Americas, LLC","14,185",CER
20/03/2023,"Natural Capital Partners Americas, LLC",97,CER
17/03/2023,Jarden Australia Pty Ltd,72,KACCU
17/03/2023,CARBON NEUTRAL PTY LTD,597,CER
17/03/2023,POINT ZERO INTERNATIONAL PTY LTD,"1,000",KACCU
17/03/2023,Carbon Financial Services Pty. Ltd.,379,CER
17/03/2023,"Natural Capital Partners Americas, LLC","12,425",CER
17/03/2023,"Natural Capital Partners Americas, LLC","8,000",CER
17/03/2023,"Natural Capital Partners Americas, LLC","1,850",CER
17/03/2023,"Natural Capital Partners Americas, LLC","1,036",CER
17/03/2023,"Natural Capital Partners Americas, LLC",846,CER
16/03/2023,Tasman Environmental Markets Australia Pty Ltd,20,KACCU
16/03/2023,Tasman Environmental Markets Pty Ltd,"6,300",CER
16/03/2023,"Natural Capital Partners Americas, LLC","2,310",CER
16/03/2023,"Natural Capital Partners Americas, LLC",499,CER
16/03/2023,"Natural Capital Partners Americas, LLC",615,CER
16/03/2023,"Natural Capital Partners Americas, LLC","1,436",CER
16/03/2023,"Natural Capital Partners Americas, LLC",650,CER
16/03/2023,"Natural Capital Partners Americas, LLC",600,CER
16/03/2023,"Natural Capital Partners Americas, LLC",567,CER
16/03/2023,"Natural Capital Partners Americas, LLC",450,CER
16/03/2023,"Natural Capital Partners Americas, LLC",338,CER
16/03/2023,"Natural Capital Partners Americas, LLC",279,CER
16/03/2023,"Natural Capital Partners Americas, LLC",40,CER
16/03/2023,"Natural Capital Partners Americas, LLC",230,CER
16/03/2023,"Natural Capital Partners Americas, LLC",199,CER
16/03/2023,"Natural Capital Partners Americas, LLC",129,CER
16/03/2023,"Natural Capital Partners Americas, LLC",123,CER
16/03/2023,"Natural Capital Partners Americas, LLC",117,CER
16/03/2023,"Natural Capital Partners Americas, LLC",100,CER
15/03/2023,Bioeconomy Pte. Ltd.,24,CER
15/03/2023,CARBON NEUTRAL PTY LTD,30,CER
14/03/2023,Australia and New Zealand Banking Group Limited,"1,000",KACCU
14/03/2023,CANOPY NATURE BASED SOLUTIONS PTY LTD,490,KACCU
14/03/2023,Corporate Carbon Advisory Pty Ltd,225,KACCU
13/03/2023,"Natural Capital Partners Americas, LLC","6,120",CER
13/03/2023,"Natural Capital Partners Americas, LLC",295,CER
13/03/2023,"Natural Capital Partners Americas, LLC","10,569",CER
13/03/2023,"Natural Capital Partners Americas, LLC","33,514",CER
13/03/2023,"Natural Capital Partners Americas, LLC",260,CER
13/03/2023,"Natural Capital Partners Americas, LLC","9,000",CER
13/03/2023,"Natural Capital Partners Americas, LLC","2,300",CER
13/03/2023,"Natural Capital Partners Americas, LLC",19,CER
13/03/2023,"Natural Capital Partners Americas, LLC",856,CER
13/03/2023,"Natural Capital Partners Americas, LLC",152,CER
13/03/2023,"Natural Capital Partners Americas, LLC",255,CER
13/03/2023,"Natural Capital Partners Americas, LLC","316,688",CER
13/03/2023,"Natural Capital Partners Americas, LLC","4,200",CER
13/03/2023,"Natural Capital Partners Americas, LLC",50,CER
13/03/2023,"Natural Capital Partners Americas, LLC",978,CER
13/03/2023,"Natural Capital Partners Americas, LLC",921,CER
13/03/2023,"Natural Capital Partners Americas, LLC","17,000",CER
13/03/2023,"Natural Capital Partners Americas, LLC",97,CER
13/03/2023,"Natural Capital Partners Americas, LLC",798,CER
13/03/2023,"Natural Capital Partners Americas, LLC","1,995",CER
13/03/2023,"Natural Capital Partners Americas, LLC","128,316",CER
13/03/2023,"Natural Capital Partners Americas, LLC",803,CER
13/03/2023,"Natural Capital Partners Americas, LLC","5,776",CER
13/03/2023,"Natural Capital Partners Americas, LLC",26,CER
13/03/2023,"Natural Capital Partners Americas, LLC","5,600",CER
13/03/2023,"Natural Capital Partners Americas, LLC","1,902",CER
13/03/2023,"Natural Capital Partners Americas, LLC",200,CER
13/03/2023,"Natural Capital Partners Americas, LLC",215,CER
13/03/2023,"Natural Capital Partners Americas, LLC","2,500",CER
13/03/2023,"Natural Capital Partners Americas, LLC","5,000",CER
13/03/2023,"Natural Capital Partners Americas, LLC","1,888",CER
13/03/2023,"Natural Capital Partners Americas, LLC","8,276",CER
13/03/2023,"Natural Capital Partners Americas, LLC",2,CER
13/03/2023,"Natural Capital Partners Americas, LLC","150,694",CER
13/03/2023,"Natural Capital Partners Americas, LLC","20,000",CER
13/03/2023,"Natural Capital Partners Americas, LLC",75,CER
13/03/2023,"Natural Capital Partners Americas, LLC","2,117",CER
13/03/2023,"Natural Capital Partners Americas, LLC",154,CER
13/03/2023,"Natural Capital Partners Americas, LLC","19,163",CER
13/03/2023,"Natural Capital Partners Americas, LLC","1,950",CER
13/03/2023,"Natural Capital Partners Americas, LLC","2,406",CER
13/03/2023,"Natural Capital Partners Americas, LLC",150,CER
13/03/2023,"Natural Capital Partners Americas, LLC","1,742",CER
13/03/2023,"Natural Capital Partners Americas, LLC",128,CER
13/03/2023,"Natural Capital Partners Americas, LLC",383,CER
10/03/2023,Tasman Environmental Markets Pty Ltd,"2,497",CER
10/03/2023,Tasman Environmental Markets Pty Ltd,750,KACCU
10/03/2023,Tasman Environmental Markets Pty Ltd,"47,651",CER
10/03/2023,"Natural Capital Partners Americas, LLC","12,180",CER
09/03/2023,CARBON NEUTRAL PTY LTD,185,CER
09/03/2023,BETACARBON PTY LTD,12,KACCU
09/03/2023,Tasman Environmental Markets Pty Ltd,"10,591",KACCU
09/03/2023,"Natural Capital Partners Americas, LLC","2,333",CER
09/03/2023,"Natural Capital Partners Americas, LLC",861,CER
08/03/2023,CARBON NEUTRAL PTY LTD,35,CER
08/03/2023,BETACARBON PTY LTD,983,KACCU
08/03/2023,Commonwealth Bank of Australia,5,KACCU
08/03/2023,"Natural Capital Partners Americas, LLC",401,CER
08/03/2023,BETACARBON PTY LTD,90,KACCU
08/03/2023,"Natural Capital Partners Americas, LLC",219,CER
08/03/2023,"Natural Capital Partners Americas, LLC","1,925",CER
08/03/2023,"Natural Capital Partners Americas, LLC",8,CER
08/03/2023,"Natural Capital Partners Americas, LLC",160,CER
08/03/2023,"Natural Capital Partners Americas, LLC",228,CER
07/03/2023,South Pole Australia Financial Services Pty Ltd,245,KACCU
07/03/2023,"Natural Capital Partners Americas, LLC",112,CER
06/03/2023,Tasman Environmental Markets Pty Ltd,540,KACCU
03/03/2023,EKI Energy Services Limited,"2,900",CER
03/03/2023,Corporate Carbon Advisory Pty Ltd,7,KACCU
03/03/2023,Tasman Environmental Markets Pty Ltd,"2,000",KACCU
02/03/2023,CARBON NEUTRAL PTY LTD,500,CER
02/03/2023,CARBON NEUTRAL PTY LTD,65,KACCU
02/03/2023,CARBON NEUTRAL PTY LTD,625,CER
02/03/2023,BETACARBON PTY LTD,540,KACCU
02/03/2023,"Natural Capital Partners Americas, LLC",69,CER
02/03/2023,"Natural Capital Partners Americas, LLC","6,200",CER
02/03/2023,"Natural Capital Partners Americas, LLC","1,030",CER
02/03/2023,"Natural Capital Partners Americas, LLC",865,CER
02/03/2023,"Natural Capital Partners Americas, LLC","12,150",CER
02/03/2023,"Natural Capital Partners Americas, LLC",23,CER
02/03/2023,"Natural Capital Partners Americas, LLC",68,CER
02/03/2023,"Natural Capital Partners Americas, LLC",48,CER
02/03/2023,"Natural Capital Partners Americas, LLC",41,CER
02/03/2023,"Natural Capital Partners Americas, LLC",233,CER
02/03/2023,"Natural Capital Partners Americas, LLC",160,CER
02/03/2023,"Natural Capital Partners Americas, LLC",20,CER
02/03/2023,"Natural Capital Partners Americas, LLC",359,CER
02/03/2023,"Natural Capital Partners Americas, LLC",296,CER
02/03/2023,"Natural Capital Partners Americas, LLC",88,CER
02/03/2023,"Natural Capital Partners Americas, LLC",66,CER
02/03/2023,"Natural Capital Partners Americas, LLC",140,CER
02/03/2023,"Natural Capital Partners Americas, LLC",13,CER
02/03/2023,"Natural Capital Partners Americas, LLC",262,CER
01/03/2023,Corporate Carbon Advisory Pty Ltd,10,KACCU
01/03/2023,Corporate Carbon Advisory Pty Ltd,76,KACCU
01/03/2023,BETACARBON PTY LTD,30,KACCU
28/02/2023,Tasman Environmental Markets Australia Pty Ltd,74,KACCU
28/02/2023,Carbonhalo Pty Ltd,5,KACCU
28/02/2023,Carbonhalo Pty Ltd,49,KACCU
23/02/2023,SG OPTION FUNDS PTY LTD,100,KACCU
21/02/2023,Carbon Financial Services Pty. Ltd.,"2,727",KACCU
21/02/2023,CARBON NEUTRAL PTY LTD,"4,374",CER
21/02/2023,Corporate Carbon Advisory Pty Ltd,354,KACCU
20/02/2023,Tasman Environmental Markets Australia Pty Ltd,85,CER
20/02/2023,Tasman Environmental Markets Australia Pty Ltd,5,KACCU
17/02/2023,Terra Carbon Pty Ltd,568,KACCU
17/02/2023,Terra Carbon Pty Ltd,42,KACCU
15/02/2023,ENERGYLINK SERVICES PTY LTD,800,KACCU
15/02/2023,Enviro-Mark Solutions Limited,15,CER
15/02/2023,Enviro-Mark Solutions Limited,9,CER
14/02/2023,Attunga Carbon & Enviro Fund,377,KACCU
13/02/2023,Carbon Financial Services Pty. Ltd.,"1,500",KACCU
13/02/2023,Tasman Environmental Markets Australia Pty Ltd,"1,252",CER
13/02/2023,Tasman Environmental Markets Pty Ltd,152,KACCU
13/02/2023,Tasman Environmental Markets Pty Ltd,"2,893",CER
13/02/2023,Tasman Environmental Markets Australia Pty Ltd,907,CER
13/02/2023,The Sigma Global Company Pty Limited,800,CER
10/02/2023,CARBON NEUTRAL PTY LTD,102,CER
10/02/2023,Tasman Environmental Markets Pty Ltd,437,CER
09/02/2023,South Pole Australia Financial Services Pty Ltd,"2,000",KACCU
09/02/2023,CARBON NEUTRAL PTY LTD,539,CER
09/02/2023,CARBON NEUTRAL PTY LTD,104,CER
09/02/2023,CARBON NEUTRAL PTY LTD,50,KACCU
08/02/2023,CARBON NEUTRAL PTY LTD,35,CER
08/02/2023,CARBON NEUTRAL PTY LTD,232,CER
08/02/2023,CARBON NEUTRAL PTY LTD,"6,662",CER
08/02/2023,Tasman Environmental Markets Pty Ltd,689,KACCU
08/02/2023,Tasman Environmental Markets Pty Ltd,"2,298",CER
08/02/2023,BETACARBON PTY LTD,8,KACCU
08/02/2023,Commonwealth Bank of Australia,8,KACCU
08/02/2023,Perenia Pty Ltd,"5,384",CER
07/02/2023,CARBON NEUTRAL PTY LTD,400,CER
07/02/2023,Tasman Environmental Markets Australia Pty Ltd,227,KACCU
07/02/2023,CARBON NEUTRAL PTY LTD,35,CER
06/02/2023,CARBON NEUTRAL PTY LTD,76,CER
06/02/2023,Aboriginal Carbon Fund Limited,325,KACCU
04/02/2023,"Natural Capital Partners Americas, LLC","8,671",CER
04/02/2023,"Natural Capital Partners Americas, LLC","74,856",CER
04/02/2023,"Natural Capital Partners Americas, LLC","13,632",CER
04/02/2023,"Natural Capital Partners Americas, LLC","57,435",CER
03/02/2023,CARBON NEUTRAL PTY LTD,597,CER
03/02/2023,CARBON NEUTRAL PTY LTD,90,CER
03/02/2023,Tasman Environmental Markets Pty Ltd,"2,986",CER
03/02/2023,Tasman Environmental Markets Australia Pty Ltd,"2,500",KACCU
02/02/2023,CARBON NEUTRAL PTY LTD,70,CER
02/02/2023,CARBON NEUTRAL PTY LTD,40,CER
02/02/2023,Tasman Environmental Markets Pty Ltd,"52,648",KACCU
02/02/2023,Tasman Environmental Markets Pty Ltd,"11,092",CER
01/02/2023,SHELL EASTERN TRADING (PTE) LTD.,"1,500",KACCU
01/02/2023,CARBON NEUTRAL PTY LTD,230,CER
01/02/2023,Tasman Environmental Markets Pty Ltd,652,KACCU
01/02/2023,Tasman Environmental Markets Pty Ltd,"2,173",CER
01/02/2023,CARBON NEUTRAL PTY LTD,30,CER
31/01/2023,CARBON NEUTRAL PTY LTD,362,CER
31/01/2023,CARBON NEUTRAL PTY LTD,150,CER
31/01/2023,Tasman Environmental Markets Australia Pty Ltd,25,KACCU
31/01/2023,Tasman Environmental Markets Australia Pty Ltd,26,CER
31/01/2023,Tasman Environmental Markets Australia Pty Ltd,1,KACCU
31/01/2023,"Natural Capital Partners Americas, LLC","307,468",CER
30/01/2023,Tasman Environmental Markets Pty Ltd,23,KACCU
30/01/2023,Tasman Environmental Markets Pty Ltd,108,CER
30/01/2023,Tasman Environmental Markets Pty Ltd,160,KACCU
30/01/2023,Tasman Environmental Markets Pty Ltd,"3,030",CER
30/01/2023,Tasman Environmental Markets Pty Ltd,"5,914",CER
30/01/2023,Tasman Environmental Markets Pty Ltd,153,KACCU
30/01/2023,Aboriginal Carbon Fund Limited,150,KACCU
30/01/2023,Carbonhalo Pty Ltd,4,KACCU
27/01/2023,Corporate Carbon Advisory Pty Ltd,352,KACCU
27/01/2023,Tasman Environmental Markets Pty Ltd,8,KACCU
27/01/2023,Tasman Environmental Markets Pty Ltd,146,CER
27/01/2023,Tasman Environmental Markets Pty Ltd,91,KACCU
27/01/2023,Tasman Environmental Markets Pty Ltd,"1,738",CER
26/01/2023,Aboriginal Carbon Fund Limited,5,KACCU
26/01/2023,"Natural Capital Partners Americas, LLC","155,225",CER
25/01/2023,CARBON NEUTRAL PTY LTD,35,CER
25/01/2023,CARBON NEUTRAL PTY LTD,303,CER
25/01/2023,Tasman Environmental Markets Australia Pty Ltd,300,CER
24/01/2023,CARBON NEUTRAL PTY LTD,796,CER
24/01/2023,CARBON NEUTRAL PTY LTD,200,CER
24/01/2023,Tasman Environmental Markets Pty Ltd,14,KACCU
24/01/2023,Tasman Environmental Markets Pty Ltd,270,CER
24/01/2023,Tasman Environmental Markets Pty Ltd,86,KACCU
24/01/2023,Tasman Environmental Markets Pty Ltd,"1,637",CER
20/01/2023,Aboriginal Carbon Fund Limited,203,KACCU
19/01/2023,CARBON NEUTRAL PTY LTD,200,CER
19/01/2023,CARBON NEUTRAL PTY LTD,51,CER
19/01/2023,CARBON NEUTRAL PTY LTD,218,CER
19/01/2023,CARBON NEUTRAL PTY LTD,35,CER
19/01/2023,Tasman Environmental Markets Australia Pty Ltd,5,KACCU
18/01/2023,Tasman Environmental Markets Pty Ltd,"1,093",KACCU
18/01/2023,"Natural Capital Partners Americas, LLC","2,333",CER
17/01/2023,CARBON NEUTRAL PTY LTD,16,CER
17/01/2023,BETACARBON PTY LTD,119,KACCU
16/01/2023,GAIA INVESTMENTS (AUST) PTY LTD,50,KACCU
12/01/2023,Ozwide Energy Group Pty Ltd,15,KACCU
12/01/2023,Jarden Australia Pty Ltd,200,KACCU
12/01/2023,Commonwealth Bank of Australia,6,KACCU
12/01/2023,Aboriginal Carbon Fund Limited,100,KACCU
12/01/2023,Aboriginal Carbon Fund Limited,300,KACCU
10/01/2023,Tasman Environmental Markets Australia Pty Ltd,"1,116",KACCU
10/01/2023,Tasman Environmental Markets Australia Pty Ltd,"5,665",KACCU
10/01/2023,Tasman Environmental Markets Australia Pty Ltd,"1,773",KACCU
10/01/2023,Tasman Environmental Markets Australia Pty Ltd,602,KACCU
10/01/2023,Tasman Environmental Markets Australia Pty Ltd,"5,358",KACCU
10/01/2023,Tasman Environmental Markets Australia Pty Ltd,"1,756",KACCU
10/01/2023,Tasman Environmental Markets Australia Pty Ltd,"5,149",KACCU
09/01/2023,Tasman Environmental Markets Pty Ltd,524,CER
06/01/2023,Tasman Environmental Markets Australia Pty Ltd,500,KACCU
06/01/2023,Virgin Australia Airlines Pty Ltd,"2,481",CER
06/01/2023,Virgin Australia Airlines Pty Ltd,"11,932",CER
06/01/2023,Virgin Australia Airlines Pty Ltd,"11,000",KACCU
05/01/2023,CARBON NEUTRAL PTY LTD,"2,146",CER
29/12/2022,Carbonhalo Pty Ltd,3,KACCU
29/12/2022,Perenia Pty Ltd,"5,950",CER
23/12/2022,Aboriginal Carbon Fund Limited,"2,542",KACCU
23/12/2022,Tasman Environmental Markets Australia Pty Ltd,471,KACCU
23/12/2022,Enviro-Mark Solutions Limited,44,CER
22/12/2022,BETACARBON PTY LTD,150,KACCU
22/12/2022,BETACARBON PTY LTD,100,KACCU
21/12/2022,Tasman Environmental Markets Pty Ltd,"2,188",CER
21/12/2022,Tasman Environmental Markets Pty Ltd,657,KACCU
21/12/2022,LGI Limited,305,KACCU
21/12/2022,CARBON NEUTRAL PTY LTD,547,CER
21/12/2022,South Pole Australia Financial Services Pty Ltd,"2,902",KACCU
21/12/2022,Wanjina-Wunggurr (Native Title) Aboriginal Corporation RNTBC,625,KACCU
21/12/2022,Wanjina-Wunggurr (Native Title) Aboriginal Corporation RNTBC,625,KACCU
21/12/2022,Wanjina-Wunggurr (Native Title) Aboriginal Corporation RNTBC,625,KACCU
21/12/2022,Wanjina-Wunggurr (Native Title) Aboriginal Corporation RNTBC,"3,000",KACCU
20/12/2022,CARBON NEUTRAL PTY LTD,"14,000",CER
20/12/2022,CARBON NEUTRAL PTY LTD,"6,000",CER
20/12/2022,Tasman Environmental Markets Pty Ltd,"1,512",CER
20/12/2022,Tasman Environmental Markets Pty Ltd,80,KACCU
20/12/2022,CARBON NEUTRAL PTY LTD,"1,278",CER
20/12/2022,CARBON NEUTRAL PTY LTD,"1,278",CER
20/12/2022,Terra Carbon Pty Ltd,363,KACCU
20/12/2022,Terra Carbon Pty Ltd,221,KACCU
20/12/2022,South Pole Australia Financial Services Pty Ltd,"3,462",KACCU
19/12/2022,Tasman Environmental Markets Pty Ltd,98,CER
19/12/2022,Tasman Environmental Markets Pty Ltd,276,KACCU
19/12/2022,Tasman Environmental Markets Pty Ltd,275,KACCU
19/12/2022,BETACARBON PTY LTD,119,KACCU
19/12/2022,Tasman Environmental Markets Pty Ltd,"1,834",CER
15/12/2022,"Natural Capital Partners Americas, LLC","2,500",CER
15/12/2022,Carbon Financial Services Pty. Ltd.,"810,696",CER
14/12/2022,EKI Energy Services Limited,"70,208",CER
14/12/2022,CARBON NEUTRAL PTY LTD,252,CER
14/12/2022,CARBON NEUTRAL PTY LTD,"1,063",CER
14/12/2022,Tasman Environmental Markets Australia Pty Ltd,"1,529",CER
14/12/2022,Tasman Environmental Markets Australia Pty Ltd,400,KACCU
14/12/2022,BETACARBON PTY LTD,42,KACCU
14/12/2022,Perenia Pty Ltd,"98,175",CER
13/12/2022,Carbon Financial Services Pty. Ltd.,630,KACCU
13/12/2022,Tasman Environmental Markets Australia Pty Ltd,700,KACCU
13/12/2022,VIRIDIOS CAPITAL PTY LTD,92,KACCU
13/12/2022,CARBON NEUTRAL PTY LTD,615,CER
13/12/2022,Tasman Environmental Markets Pty Ltd,77,CER
13/12/2022,Tasman Environmental Markets Pty Ltd,27,KACCU
13/12/2022,Tasman Environmental Markets Pty Ltd,108,KACCU
13/12/2022,Tasman Environmental Markets Pty Ltd,432,CER
13/12/2022,Tasman Environmental Markets Pty Ltd,"2,742",CER
13/12/2022,Tasman Environmental Markets Pty Ltd,485,KACCU
13/12/2022,South Pole Australia Financial Services Pty Ltd,161,KACCU
13/12/2022,South Pole Australia Financial Services Pty Ltd,"1,000",KACCU
12/12/2022,Tasman Environmental Markets Pty Ltd,"1,550",KACCU
12/12/2022,Perenia Pty Ltd,"7,173",CER
12/12/2022,Carbon Financial Services Pty. Ltd.,500,CER
09/12/2022,Tasman Environmental Markets Pty Ltd,"40,887",CER
09/12/2022,Tasman Environmental Markets Pty Ltd,"31,685",CER
09/12/2022,Tasman Environmental Markets Pty Ltd,442,CER
09/12/2022,Tasman Environmental Markets Pty Ltd,"6,999",CER
09/12/2022,Tasman Environmental Markets Pty Ltd,182,KACCU
09/12/2022,Tasman Environmental Markets Australia Pty Ltd,913,CER
09/12/2022,Tasman Environmental Markets Australia Pty Ltd,196,KACCU
09/12/2022,Tasman Environmental Markets Australia Pty Ltd,530,CER
08/12/2022,BETACARBON PTY LTD,11,KACCU
08/12/2022,Commonwealth Bank of Australia,4,KACCU
08/12/2022,BETACARBON PTY LTD,94,KACCU
07/12/2022,"Natural Capital Partners Americas, LLC","6,128",CER
07/12/2022,CARBON NEUTRAL PTY LTD,121,CER
07/12/2022,CARBON NEUTRAL PTY LTD,590,CER
07/12/2022,CARBON NEUTRAL PTY LTD,472,CER
07/12/2022,CARBON NEUTRAL PTY LTD,35,CER
07/12/2022,Corporate Carbon Advisory Pty Ltd,285,KACCU
06/12/2022,Tasman Environmental Markets Australia Pty Ltd,782,CER
06/12/2022,Tasman Environmental Markets Australia Pty Ltd,223,KACCU
06/12/2022,Tasman Environmental Markets Pty Ltd,98,KACCU
06/12/2022,Perenia Pty Ltd,828,CER
05/12/2022,Tasman Environmental Markets Australia Pty Ltd,209,KACCU
05/12/2022,Brisbane City Council,"28,900",KACCU
05/12/2022,Tasman Environmental Markets Pty Ltd,176,KACCU
02/12/2022,Macquarie Bank Limited,"1,045",KACCU
02/12/2022,Perenia Pty Ltd,"6,360",CER
01/12/2022,SG OPTION FUNDS PTY LTD,3,KACCU
01/12/2022,Carbonhalo Pty Ltd,107,KACCU
01/12/2022,The Sigma Global Company Pty Limited,118,KACCU
01/12/2022,"Natural Capital Partners Americas, LLC","4,721",CER
30/11/2022,CARBON NEUTRAL PTY LTD,55,CER
30/11/2022,The Sigma Global Company Pty Limited,"1,000",CER
29/11/2022,"Natural Capital Partners Americas, LLC","20,000",CER
29/11/2022,CARBON NEUTRAL PTY LTD,75,CER
29/11/2022,CARBON NEUTRAL PTY LTD,38,CER
29/11/2022,Aboriginal Carbon Fund Limited,41,KACCU
28/11/2022,Carbonhalo Pty Ltd,5,KACCU
25/11/2022,Tasman Environmental Markets Australia Pty Ltd,"4,732",CER
25/11/2022,Tasman Environmental Markets Australia Pty Ltd,"1,354",KACCU
25/11/2022,Tasman Environmental Markets Pty Ltd,157,CER
25/11/2022,Tasman Environmental Markets Pty Ltd,4,KACCU
24/11/2022,"Natural Capital Partners Americas, LLC","160,000",CER
24/11/2022,"Natural Capital Partners Americas, LLC","95,000",CER
24/11/2022,"Natural Capital Partners Americas, LLC","70,000",CER
24/11/2022,"Natural Capital Partners Americas, LLC","65,000",CER
24/11/2022,"Natural Capital Partners Americas, LLC","210,000",CER
24/11/2022,"Natural Capital Partners Americas, LLC","420,669",CER
24/11/2022,"Natural Capital Partners Americas, LLC","16,968",CER
24/11/2022,"Natural Capital Partners Americas, LLC","108,663",CER
24/11/2022,"Natural Capital Partners Americas, LLC","6,100",CER
24/11/2022,CARBON NEUTRAL PTY LTD,50,CER
24/11/2022,CARBON NEUTRAL PTY LTD,62,CER
24/11/2022,CARBON NEUTRAL PTY LTD,100,CER
24/11/2022,Corporate Carbon Advisory Pty Ltd,490,KACCU
24/11/2022,"Natural Capital Partners Americas, LLC","1,460",CER
24/11/2022,"Natural Capital Partners Americas, LLC","1,627",CER
24/11/2022,"Natural Capital Partners Americas, LLC","3,288",CER
24/11/2022,"Natural Capital Partners Americas, LLC",78,CER
24/11/2022,"Natural Capital Partners Americas, LLC","5,525",CER
24/11/2022,"Natural Capital Partners Americas, LLC",684,CER
24/11/2022,"Natural Capital Partners Americas, LLC","3,351",CER
24/11/2022,"Natural Capital Partners Americas, LLC","4,805",CER
24/11/2022,"Natural Capital Partners Americas, LLC",713,CER
24/11/2022,"Natural Capital Partners Americas, LLC","9,905",CER
24/11/2022,"Natural Capital Partners Americas, LLC","18,724",CER
24/11/2022,"Natural Capital Partners Americas, LLC","6,370",CER
24/11/2022,"Natural Capital Partners Americas, LLC","5,628",CER
24/11/2022,"Natural Capital Partners Americas, LLC",781,CER
24/11/2022,"Natural Capital Partners Americas, LLC","6,000",CER
23/11/2022,The Sigma Global Company Pty Limited,180,KACCU
22/11/2022,South Pole Australia Financial Services Pty Ltd,"2,460",KACCU
22/11/2022,South Pole Australia Financial Services Pty Ltd,"5,640",KACCU
21/11/2022,Tasman Environmental Markets Australia Pty Ltd,"5,110",CER
21/11/2022,Tasman Environmental Markets Australia Pty Ltd,"1,460",KACCU
21/11/2022,Tasman Environmental Markets Australia Pty Ltd,"1,549",CER
21/11/2022,Carbon Financial Services Pty. Ltd.,50,KACCU
21/11/2022,Carbon Financial Services Pty. Ltd.,50,KACCU
18/11/2022,CARBON NEUTRAL PTY LTD,78,CER
18/11/2022,CARBON NEUTRAL PTY LTD,60,KACCU
18/11/2022,Tasman Environmental Markets Australia Pty Ltd,500,KACCU
18/11/2022,ALINTA ENERGY CEA TRADING PTY LTD,"2,214",KACCU
18/11/2022,Terra Carbon Pty Ltd,26,KACCU
18/11/2022,POINT ZERO INTERNATIONAL PTY LTD,"2,500",KACCU
18/11/2022,Enviro-Mark Solutions Limited,635,CER
18/11/2022,Enviro-Mark Solutions Limited,11,CER
18/11/2022,Enviro-Mark Solutions Limited,9,CER
18/11/2022,Enviro-Mark Solutions Limited,14,CER
18/11/2022,Enviro-Mark Solutions Limited,120,CER
18/11/2022,Enviro-Mark Solutions Limited,560,CER
18/11/2022,Enviro-Mark Solutions Limited,50,CER
18/11/2022,Enviro-Mark Solutions Limited,503,CER
18/11/2022,Enviro-Mark Solutions Limited,3,CER
17/11/2022,Climate Friendly Financial Solutions Pty Limited,501,KACCU
16/11/2022,"Natural Capital Partners Americas, LLC","25,000",CER
16/11/2022,CARBON NEUTRAL PTY LTD,57,CER
16/11/2022,CARBON NEUTRAL PTY LTD,365,CER
16/11/2022,Tasman Environmental Markets Australia Pty Ltd,300,KACCU
16/11/2022,CARBON NEUTRAL PTY LTD,35,CER
16/11/2022,Tasman Environmental Markets Pty Ltd,"9,717",CER
16/11/2022,Tasman Environmental Markets Pty Ltd,"10,798",KACCU
15/11/2022,CARBON NEUTRAL PTY LTD,45,CER
15/11/2022,CARBON NEUTRAL PTY LTD,16,CER
15/11/2022,Corporate Carbon Advisory Pty Ltd,"1,322",KACCU
14/11/2022,Tasman Environmental Markets Australia Pty Ltd,285,KACCU
14/11/2022,Shell Energy Retail Pty Ltd,"3,100",KACCU
14/11/2022,BETACARBON PTY LTD,119,KACCU
11/11/2022,"Natural Capital Partners Americas, LLC",200,CER
11/11/2022,"Natural Capital Partners Americas, LLC","34,000",CER
11/11/2022,Aboriginal Carbon Fund Limited,750,KACCU
11/11/2022,Aboriginal Carbon Fund Limited,57,KACCU
11/11/2022,"Natural Capital Partners Americas, LLC",847,CER
11/11/2022,"Natural Capital Partners Americas, LLC","1,275",CER
11/11/2022,"Natural Capital Partners Americas, LLC","1,848",CER
11/11/2022,"Natural Capital Partners Americas, LLC","2,076",CER
11/11/2022,"Natural Capital Partners Americas, LLC",75,CER
11/11/2022,"Natural Capital Partners Americas, LLC",620,CER
11/11/2022,"Natural Capital Partners Americas, LLC","1,000",CER
11/11/2022,"Natural Capital Partners Americas, LLC","2,000",CER
11/11/2022,"Natural Capital Partners Americas, LLC","10,500",CER
11/11/2022,"Natural Capital Partners Americas, LLC","8,406",CER
11/11/2022,"Natural Capital Partners Americas, LLC",69,CER
11/11/2022,"Natural Capital Partners Americas, LLC","2,336",CER
11/11/2022,"Natural Capital Partners Americas, LLC","17,320",CER
11/11/2022,"Natural Capital Partners Americas, LLC","19,318",CER
11/11/2022,"Natural Capital Partners Americas, LLC","2,469",CER
11/11/2022,"Natural Capital Partners Americas, LLC","1,000",CER
11/11/2022,"Natural Capital Partners Americas, LLC","1,000",CER
11/11/2022,"Natural Capital Partners Americas, LLC","1,908",CER
11/11/2022,"Natural Capital Partners Americas, LLC","2,000",CER
11/11/2022,"Natural Capital Partners Americas, LLC","2,350",CER
11/11/2022,"Natural Capital Partners Americas, LLC","4,000",CER
11/11/2022,"Natural Capital Partners Americas, LLC","4,500",CER
11/11/2022,"Natural Capital Partners Americas, LLC","4,314",CER
11/11/2022,"Natural Capital Partners Americas, LLC","11,404",CER
11/11/2022,"Natural Capital Partners Americas, LLC","13,607",CER
11/11/2022,"Natural Capital Partners Americas, LLC",800,CER
11/11/2022,"Natural Capital Partners Americas, LLC","2,133",CER
11/11/2022,"Natural Capital Partners Americas, LLC","23,759",CER
11/11/2022,"Natural Capital Partners Americas, LLC","11,630",CER
11/11/2022,"Natural Capital Partners Americas, LLC","3,000",CER
11/11/2022,"Natural Capital Partners Americas, LLC","1,176",CER
11/11/2022,"Natural Capital Partners Americas, LLC",60,CER
11/11/2022,"Natural Capital Partners Americas, LLC","1,819",CER
11/11/2022,"Natural Capital Partners Americas, LLC","9,085",CER
11/11/2022,"Natural Capital Partners Americas, LLC","11,000",CER
11/11/2022,"Natural Capital Partners Americas, LLC","25,995",CER
11/11/2022,"Natural Capital Partners Americas, LLC","43,087",CER
11/11/2022,"Natural Capital Partners Americas, LLC","2,156",CER
11/11/2022,"Natural Capital Partners Americas, LLC","6,700",CER
11/11/2022,"Natural Capital Partners Americas, LLC","35,068",CER
11/11/2022,"Natural Capital Partners Americas, LLC","6,386",CER
11/11/2022,"Natural Capital Partners Americas, LLC","1,100",CER
11/11/2022,"Natural Capital Partners Americas, LLC","4,713",CER
11/11/2022,"Natural Capital Partners Americas, LLC","13,000",CER
11/11/2022,"Natural Capital Partners Americas, LLC","20,000",CER
11/11/2022,"Natural Capital Partners Americas, LLC","50,000",CER
11/11/2022,"Natural Capital Partners Americas, LLC","2,098",CER
11/11/2022,"Natural Capital Partners Americas, LLC","1,000",CER
11/11/2022,"Natural Capital Partners Americas, LLC","2,000",CER
11/11/2022,"Natural Capital Partners Americas, LLC","45,000",CER
11/11/2022,"Natural Capital Partners Americas, LLC","6,675",CER
11/11/2022,"Natural Capital Partners Americas, LLC","6,000",CER
11/11/2022,"Natural Capital Partners Americas, LLC","11,479",CER
11/11/2022,"Natural Capital Partners Americas, LLC","34,000",CER
11/11/2022,"Natural Capital Partners Americas, LLC","3,179",CER
11/11/2022,"Natural Capital Partners Americas, LLC","3,500",CER
11/11/2022,"Natural Capital Partners Americas, LLC","12,450",CER
11/11/2022,"Natural Capital Partners Americas, LLC","55,000",CER
11/11/2022,"Natural Capital Partners Americas, LLC","7,427",CER
11/11/2022,"Natural Capital Partners Americas, LLC","17,500",CER
11/11/2022,"Natural Capital Partners Americas, LLC","51,089",CER
11/11/2022,"Natural Capital Partners Americas, LLC","4,032",CER
11/11/2022,"Natural Capital Partners Americas, LLC","3,000",CER
11/11/2022,"Natural Capital Partners Americas, LLC","5,379",CER
11/11/2022,"Natural Capital Partners Americas, LLC","8,000",CER
11/11/2022,"Natural Capital Partners Americas, LLC","13,122",CER
11/11/2022,"Natural Capital Partners Americas, LLC","5,000",CER
11/11/2022,"Natural Capital Partners Americas, LLC","6,045",CER
11/11/2022,"Natural Capital Partners Americas, LLC","8,329",CER
11/11/2022,"Natural Capital Partners Americas, LLC","20,000",CER
11/11/2022,"Natural Capital Partners Americas, LLC","34,000",CER
11/11/2022,"Natural Capital Partners Americas, LLC","8,641",CER
11/11/2022,"Natural Capital Partners Americas, LLC","11,397",CER
11/11/2022,"Natural Capital Partners Americas, LLC","69,818",CER
11/11/2022,"Natural Capital Partners Americas, LLC",182,CER
11/11/2022,"Natural Capital Partners Americas, LLC","106,091",CER
11/11/2022,"Natural Capital Partners Americas, LLC","101,660",CER
11/11/2022,"Natural Capital Partners Americas, LLC","16,690",CER
11/11/2022,"Natural Capital Partners Americas, LLC","6,453",CER
11/11/2022,"Natural Capital Partners Americas, LLC","20,000",CER
11/11/2022,"Natural Capital Partners Americas, LLC","99,584",CER
11/11/2022,"Natural Capital Partners Americas, LLC","12,178",CER
11/11/2022,"Natural Capital Partners Americas, LLC",987,CER
11/11/2022,"Natural Capital Partners Americas, LLC","6,638",CER
11/11/2022,"Natural Capital Partners Americas, LLC","8,365",CER
11/11/2022,"Natural Capital Partners Americas, LLC","10,000",CER
11/11/2022,"Natural Capital Partners Americas, LLC","42,000",CER
11/11/2022,"Natural Capital Partners Americas, LLC","75,000",CER
11/11/2022,"Natural Capital Partners Americas, LLC","182,680",CER
11/11/2022,"Natural Capital Partners Americas, LLC","245,670",CER
11/11/2022,"Natural Capital Partners Americas, LLC","273,705",CER
11/11/2022,"Natural Capital Partners Americas, LLC","6,872",CER
11/11/2022,"Natural Capital Partners Americas, LLC","6,344",CER
11/11/2022,"Natural Capital Partners Americas, LLC","10,118",CER
11/11/2022,"Natural Capital Partners Americas, LLC","3,309",CER
11/11/2022,"Natural Capital Partners Americas, LLC","300,000",CER
11/11/2022,"Natural Capital Partners Americas, LLC","310,759",CER
11/11/2022,"Natural Capital Partners Americas, LLC","13,745",CER
11/11/2022,"Natural Capital Partners Americas, LLC","7,000",CER
11/11/2022,"Natural Capital Partners Americas, LLC","16,578",CER
11/11/2022,"Natural Capital Partners Americas, LLC",393,CER
11/11/2022,"Natural Capital Partners Americas, LLC","44,464",CER
11/11/2022,"Natural Capital Partners Americas, LLC","60,000",CER
11/11/2022,"Natural Capital Partners Americas, LLC","90,500",CER
11/11/2022,"Natural Capital Partners Americas, LLC","148,884",CER
11/11/2022,"Natural Capital Partners Americas, LLC","20,620",CER
11/11/2022,"Natural Capital Partners Americas, LLC","593,909",CER
11/11/2022,"Natural Capital Partners Americas, LLC",25,CER
11/11/2022,"Natural Capital Partners Americas, LLC","443,685",CER
11/11/2022,"Natural Capital Partners Americas, LLC",178,CER
11/11/2022,"Natural Capital Partners Americas, LLC","13,070",CER
11/11/2022,"Natural Capital Partners Americas, LLC","2,925",CER
11/11/2022,"Natural Capital Partners Americas, LLC","16,921",CER
11/11/2022,"Natural Capital Partners Americas, LLC","7,908",CER
11/11/2022,"Natural Capital Partners Americas, LLC","8,000",CER
11/11/2022,"Natural Capital Partners Americas, LLC","16,690",CER
11/11/2022,"Natural Capital Partners Americas, LLC","267,320",CER
11/11/2022,"Natural Capital Partners Americas, LLC","50,681",CER
11/11/2022,"Natural Capital Partners Americas, LLC","300,000",CER
11/11/2022,"Natural Capital Partners Americas, LLC","8,120",CER
11/11/2022,"Natural Capital Partners Americas, LLC","5,000",CER
11/11/2022,"Natural Capital Partners Americas, LLC","7,540",CER
11/11/2022,"Natural Capital Partners Americas, LLC","8,000",CER
11/11/2022,"Natural Capital Partners Americas, LLC","1,300",CER
11/11/2022,"Natural Capital Partners Americas, LLC","7,000",CER
11/11/2022,"Natural Capital Partners Americas, LLC","10,000",CER
11/11/2022,"Natural Capital Partners Americas, LLC","12,000",CER
11/11/2022,"Natural Capital Partners Americas, LLC","18,000",CER
11/11/2022,"Natural Capital Partners Americas, LLC","193,000",CER
11/11/2022,"Natural Capital Partners Americas, LLC","200,000",CER
11/11/2022,"Natural Capital Partners Americas, LLC","210,000",CER
11/11/2022,"Natural Capital Partners Americas, LLC","102,382",CER
11/11/2022,"Natural Capital Partners Americas, LLC","160,151",CER
11/11/2022,"Natural Capital Partners Americas, LLC","11,260",CER
11/11/2022,"Natural Capital Partners Americas, LLC","7,000",CER
11/11/2022,"Natural Capital Partners Americas, LLC","20,000",CER
11/11/2022,"Natural Capital Partners Americas, LLC","6,494",CER
11/11/2022,"Natural Capital Partners Americas, LLC",700,CER
11/11/2022,"Natural Capital Partners Americas, LLC","7,982",CER
10/11/2022,CARBON NEUTRAL PTY LTD,89,CER
10/11/2022,BETACARBON PTY LTD,"1,174",KACCU
09/11/2022,Carbon Financial Services Pty. Ltd.,6,CER
09/11/2022,Tasman Environmental Markets Pty Ltd,475,CER
09/11/2022,CARBON NEUTRAL PTY LTD,291,CER
08/11/2022,SHELL EASTERN TRADING (PTE) LTD.,"19,108",KACCU
08/11/2022,Carbon Financial Services Pty. Ltd.,100,KACCU
08/11/2022,Commonwealth Bank of Australia,4,KACCU
07/11/2022,The Sigma Global Company Pty Limited,"5,000",CER
07/11/2022,Aboriginal Carbon Fund Limited,102,KACCU
07/11/2022,Terra Carbon Pty Ltd,"1,500",KACCU
07/11/2022,Aboriginal Carbon Fund Limited,46,KACCU
04/11/2022,SG OPTION FUNDS PTY LTD,6,KACCU
04/11/2022,SG OPTION FUNDS PTY LTD,39,KACCU
03/11/2022,Tasman Environmental Markets Pty Ltd,23,CER
03/11/2022,Tasman Environmental Markets Pty Ltd,5,KACCU
03/11/2022,Tasman Environmental Markets Australia Pty Ltd,700,KACCU
02/11/2022,"Natural Capital Partners Americas, LLC","20,000",CER
02/11/2022,CARBON NEUTRAL PTY LTD,"4,840",CER
02/11/2022,Perenia Pty Ltd,"2,844",CER
02/11/2022,Aboriginal Carbon Fund Limited,167,KACCU
02/11/2022,Perenia Pty Ltd,"3,997",CER
01/11/2022,"Natural Capital Partners Americas, LLC","6,990",CER
01/11/2022,"Natural Capital Partners Americas, LLC",257,CER
01/11/2022,"Natural Capital Partners Americas, LLC","17,920",CER
31/10/2022,CARBON NEUTRAL PTY LTD,58,CER
31/10/2022,Aboriginal Carbon Fund Limited,129,KACCU
31/10/2022,Shell Energy Retail Pty Ltd,"14,000",KACCU
31/10/2022,CARBON NEUTRAL PTY LTD,44,CER
31/10/2022,Carbon Financial Services Pty. Ltd.,"9,475",CER
31/10/2022,Aboriginal Carbon Fund Limited,167,KACCU
31/10/2022,BETACARBON PTY LTD,13,KACCU
31/10/2022,South Pole Australia Financial Services Pty Ltd,"11,170",KACCU
29/10/2022,BETACARBON PTY LTD,12,KACCU
28/10/2022,Tasman Environmental Markets Australia Pty Ltd,541,CER
28/10/2022,Perenia Pty Ltd,500,CER
28/10/2022,Tasman Environmental Markets Australia Pty Ltd,163,KACCU
28/10/2022,EKI Energy Services Limited,"50,000",CER
28/10/2022,ENERGYLINK SERVICES PTY LTD,350,KACCU
28/10/2022,Carbonhalo Pty Ltd,11,KACCU
28/10/2022,"Natural Capital Partners Americas, LLC","4,339",CER
27/10/2022,CARBON NEUTRAL PTY LTD,150,CER
27/10/2022,Tasman Environmental Markets Pty Ltd,5,KACCU
27/10/2022,Tasman Environmental Markets Australia Pty Ltd,"5,500",KACCU
27/10/2022,BETACARBON PTY LTD,3,KACCU
26/10/2022,Carbon Financial Services Pty. Ltd.,224,KACCU
26/10/2022,SHELL EASTERN TRADING (PTE) LTD.,100,KACCU
26/10/2022,CARBON NEUTRAL PTY LTD,"1,700",CER
26/10/2022,Terra Carbon Pty Ltd,550,KACCU
26/10/2022,Corporate Carbon Advisory Pty Ltd,300,KACCU
26/10/2022,POINT ZERO INTERNATIONAL PTY LTD,"11,000",CER
25/10/2022,HOBART INTERNATIONAL AIRPORT PTY LIMITED,560,KACCU
25/10/2022,CARBON NEUTRAL PTY LTD,229,CER
25/10/2022,CARBON NEUTRAL PTY LTD,86,CER
25/10/2022,The Sigma Global Company Pty Limited,328,CER
25/10/2022,The Sigma Global Company Pty Limited,140,KACCU
25/10/2022,Tasman Environmental Markets Pty Ltd,5,KACCU
25/10/2022,Aboriginal Carbon Fund Limited,150,KACCU
24/10/2022,South Pole Australia Financial Services Pty Ltd,140,KACCU
24/10/2022,South Pole Australia Financial Services Pty Ltd,452,KACCU
24/10/2022,South Pole Australia Financial Services Pty Ltd,80,KACCU
24/10/2022,Aboriginal Carbon Fund Limited,30,KACCU
24/10/2022,Aboriginal Carbon Fund Limited,569,KACCU
24/10/2022,Climate Friendly Financial Solutions Pty Limited,15,KACCU
24/10/2022,Tasman Environmental Markets Australia Pty Ltd,"1,220",CER
24/10/2022,Climate Friendly Financial Solutions Pty Limited,50,KACCU
24/10/2022,South Pole Australia Financial Services Pty Ltd,"1,000",KACCU
23/10/2022,POINT ZERO INTERNATIONAL PTY LTD,400,KACCU
23/10/2022,POINT ZERO INTERNATIONAL PTY LTD,100,KACCU
21/10/2022,"Natural Capital Partners Americas, LLC","3,600",CER
20/10/2022,SG OPTION FUNDS PTY LTD,2,KACCU
20/10/2022,CARBON NEUTRAL PTY LTD,40,CER
20/10/2022,Tasman Environmental Markets Pty Ltd,4,KACCU
20/10/2022,Tasman Environmental Markets Pty Ltd,4,KACCU
20/10/2022,Corporate Carbon Advisory Pty Ltd,"2,609",KACCU
18/10/2022,"Natural Capital Partners Americas, LLC","1,244",CER
18/10/2022,CARBON NEUTRAL PTY LTD,"1,307",CER
18/10/2022,CARBON NEUTRAL PTY LTD,400,KACCU
17/10/2022,Climate Friendly Financial Solutions Pty Limited,18,KACCU
17/10/2022,Climate Friendly Financial Solutions Pty Limited,57,KACCU
17/10/2022,Climate Friendly Financial Solutions Pty Limited,61,KACCU
17/10/2022,Climate Friendly Financial Solutions Pty Limited,313,KACCU
17/10/2022,Tasman Environmental Markets Australia Pty Ltd,"2,700",KACCU
17/10/2022,Tasman Environmental Markets Australia Pty Ltd,"29,000",CER
17/10/2022,Tasman Environmental Markets Pty Ltd,"10,000",KACCU
17/10/2022,CARBON NEUTRAL PTY LTD,45,CER
17/10/2022,CARBON NEUTRAL PTY LTD,400,CER
17/10/2022,CARBON NEUTRAL PTY LTD,236,CER
17/10/2022,Aboriginal Carbon Fund Limited,2,KACCU
17/10/2022,Aboriginal Carbon Fund Limited,4,KACCU
17/10/2022,Aboriginal Carbon Fund Limited,3,KACCU
16/10/2022,Carbon Financial Services Pty. Ltd.,891,KACCU
14/10/2022,Aboriginal Carbon Fund Limited,102,KACCU
14/10/2022,Power Product Holdings Pty Ltd,42,KACCU
13/10/2022,Balanggarra Aboriginal Corporation RNTBC,625,KACCU
12/10/2022,Aboriginal Carbon Fund Limited,105,KACCU
12/10/2022,EnergyAustralia Pty Ltd,"390,752",CER
12/10/2022,Origin Energy Electricity Ltd,"50,000",KACCU
12/10/2022,Aboriginal Carbon Fund Limited,97,KACCU
12/10/2022,Jarden Australia Pty Ltd,237,KACCU
12/10/2022,Tasman Environmental Markets Pty Ltd,640,KACCU
12/10/2022,BETACARBON PTY LTD,97,KACCU
11/10/2022,CARBON NEUTRAL PTY LTD,293,CER
11/10/2022,CARBON NEUTRAL PTY LTD,964,CER
11/10/2022,Commonwealth Bank of Australia,252,KACCU
11/10/2022,Clean Energy Finance Corporation,828,KACCU
10/10/2022,Commonwealth Bank of Australia,250,KACCU
10/10/2022,CANOPY NATURE BASED SOLUTIONS PTY LTD,"3,275",KACCU
10/10/2022,South Pole Australia Financial Services Pty Ltd,"6,784",KACCU
10/10/2022,South Pole Australia Financial Services Pty Ltd,74,KACCU
10/10/2022,South Pole Australia Financial Services Pty Ltd,"1,020",KACCU
07/10/2022,Aboriginal Carbon Fund Limited,200,KACCU
07/10/2022,Commonwealth Bank of Australia,5,KACCU
07/10/2022,Cooper Energy Limited,"6,000",KACCU
07/10/2022,Cooper Energy Limited,"4,000",KACCU
06/10/2022,CHEVRON AUSTRALIA PTY LTD,"17,240",KACCU
06/10/2022,Carbon Financial Services Pty. Ltd.,116,KACCU
05/10/2022,"Natural Capital Partners Americas, LLC","1,132",KACCU
05/10/2022,Tasman Environmental Markets Pty Ltd,"5,720",KACCU
05/10/2022,Tasman Environmental Markets Pty Ltd,"7,437",KACCU
05/10/2022,Corporate Carbon Advisory Pty Ltd,302,KACCU
05/10/2022,Aboriginal Carbon Fund Limited,12,KACCU
05/10/2022,Carbon Financial Services Pty. Ltd.,"43,080",CER
05/10/2022,Carbon Financial Services Pty. Ltd.,"101,108",CER
04/10/2022,CARBON NEUTRAL PTY LTD,128,CER
04/10/2022,South Pole Australia Financial Services Pty Ltd,"2,984",KACCU
03/10/2022,Aboriginal Carbon Fund Limited,49,KACCU
03/10/2022,Aboriginal Carbon Fund Limited,7,KACCU
03/10/2022,Carbon Financial Services Pty. Ltd.,256,KACCU
03/10/2022,Carbon Financial Services Pty. Ltd.,709,KACCU
03/10/2022,Carbon Financial Services Pty. Ltd.,330,KACCU
03/10/2022,Perenia Pty Ltd,"7,173",CER
03/10/2022,Perenia Pty Ltd,"4,250",CER
30/09/2022,Carbon Financial Services Pty. Ltd.,"180,000",CER
30/09/2022,The Sigma Global Company Pty Limited,80,CER
30/09/2022,Enviro-Mark Solutions Limited,97,CER
30/09/2022,Enviro-Mark Solutions Limited,271,CER
30/09/2022,Enviro-Mark Solutions Limited,"1,069",CER
29/09/2022,EKI Energy Services Limited,738,CER
29/09/2022,EKI Energy Services Limited,409,CER
29/09/2022,EKI Energy Services Limited,"1,034",CER
29/09/2022,EKI Energy Services Limited,"46,325",CER
29/09/2022,CARBON NEUTRAL PTY LTD,"15,850",CER
29/09/2022,CHEVRON AUSTRALIA PTY LTD,"62,360",KACCU
29/09/2022,Carbonhalo Pty Ltd,2,KACCU
29/09/2022,South Pole Australia Financial Services Pty Ltd,450,KACCU
29/09/2022,CARBON NEUTRAL PTY LTD,35,KACCU
28/09/2022,CARBON NEUTRAL PTY LTD,"4,000",KACCU
28/09/2022,Tasman Environmental Markets Pty Ltd,"1,220",KACCU
28/09/2022,Perenia Pty Ltd,"8,550",CER
27/09/2022,CHEVRON AUSTRALIA PTY LTD,"25,000",KACCU
27/09/2022,Tasman Environmental Markets Pty Ltd,"3,611",KACCU
26/09/2022,Corporate Carbon Advisory Pty Ltd,448,KACCU
26/09/2022,Australia and New Zealand Banking Group Limited,"6,000",KACCU
23/09/2022,"Natural Capital Partners Americas, LLC","111,284",CER
23/09/2022,VIRIDIOS CAPITAL PTY LTD,100,KACCU
22/09/2022,"Natural Capital Partners Americas, LLC","12,000",CER
21/09/2022,"Natural Capital Partners Americas, LLC","40,000",CER
21/09/2022,Tasman Environmental Markets Pty Ltd,716,KACCU
21/09/2022,Tasman Environmental Markets Pty Ltd,"2,386",CER
21/09/2022,Tasman Environmental Markets Pty Ltd,265,KACCU
21/09/2022,Tasman Environmental Markets Pty Ltd,265,KACCU
21/09/2022,Tasman Environmental Markets Pty Ltd,"1,765",CER
21/09/2022,Carbon Financial Services Pty. Ltd.,"100,000",CER
20/09/2022,Kilter Pty Ltd,109,KACCU
19/09/2022,CARBON NEUTRAL PTY LTD,35,CER
19/09/2022,CARBON NEUTRAL PTY LTD,81,CER
19/09/2022,CARBON NEUTRAL PTY LTD,85,CER
19/09/2022,CARBON NEUTRAL PTY LTD,61,CER
19/09/2022,Aboriginal Carbon Fund Limited,68,KACCU
16/09/2022,Australian CO2 Exchange Pty Ltd,70,KACCU
16/09/2022,South Australian Water Corporation,"5,815",KACCU
16/09/2022,Aboriginal Carbon Fund Limited,17,KACCU
15/09/2022,EKI Energy Services Limited,"10,268",CER
15/09/2022,CARBON NEUTRAL PTY LTD,"5,963",CER
15/09/2022,Enviro-Mark Solutions Limited,"1,828",CER
15/09/2022,Enviro-Mark Solutions Limited,105,CER
15/09/2022,Enviro-Mark Solutions Limited,198,CER
15/09/2022,Enviro-Mark Solutions Limited,100,CER
15/09/2022,Enviro-Mark Solutions Limited,170,CER
15/09/2022,Enviro-Mark Solutions Limited,48,CER
15/09/2022,Enviro-Mark Solutions Limited,35,CER
15/09/2022,Enviro-Mark Solutions Limited,881,CER
15/09/2022,Enviro-Mark Solutions Limited,157,CER
15/09/2022,Enviro-Mark Solutions Limited,133,CER
15/09/2022,Enviro-Mark Solutions Limited,879,CER
15/09/2022,Enviro-Mark Solutions Limited,38,CER
15/09/2022,Enviro-Mark Solutions Limited,169,CER
15/09/2022,Enviro-Mark Solutions Limited,164,CER
15/09/2022,Enviro-Mark Solutions Limited,8,CER
15/09/2022,CHEVRON AUSTRALIA PTY LTD,"150,000",KACCU
15/09/2022,Australia and New Zealand Banking Group Limited,"5,000",KACCU
14/09/2022,CARBON NEUTRAL PTY LTD,200,CER
14/09/2022,CARBON NEUTRAL PTY LTD,45,CER
14/09/2022,CARBON NEUTRAL PTY LTD,30,CER
14/09/2022,Carbon Estate Pty Ltd,51,KACCU
13/09/2022,CARBON NEUTRAL PTY LTD,35,CER
13/09/2022,CARBON NEUTRAL PTY LTD,36,CER
13/09/2022,CARBON NEUTRAL PTY LTD,35,CER
13/09/2022,CARBON NEUTRAL PTY LTD,35,CER
13/09/2022,CARBON NEUTRAL PTY LTD,35,CER
13/09/2022,Tasman Environmental Markets Pty Ltd,400,KACCU
09/09/2022,EKI Energy Services Limited,"4,825",CER
09/09/2022,EKI Energy Services Limited,"1,908",CER
09/09/2022,EKI Energy Services Limited,"3,443",CER
09/09/2022,EKI Energy Services Limited,"216,185",CER
08/09/2022,Tasman Environmental Markets Pty Ltd,"4,167",CER
08/09/2022,CARBON NEUTRAL PTY LTD,27,CER
08/09/2022,Tasman Environmental Markets Pty Ltd,"4,166",KACCU
08/09/2022,Aboriginal Carbon Fund Limited,"5,000",KACCU
08/09/2022,Terra Carbon Pty Ltd,515,KACCU
08/09/2022,BETACARBON PTY LTD,101,KACCU
07/09/2022,CARBON NEUTRAL PTY LTD,27,CER
07/09/2022,CHEVRON AUSTRALIA PTY LTD,"45,400",KACCU
07/09/2022,Tasman Environmental Markets Pty Ltd,230,KACCU
07/09/2022,Commonwealth Bank of Australia,24,KACCU
07/09/2022,Wanjina-Wunggurr (Native Title) Aboriginal Corporation RNTBC,"6,250",KACCU
07/09/2022,Wanjina-Wunggurr (Native Title) Aboriginal Corporation RNTBC,"6,250",KACCU
07/09/2022,Wanjina-Wunggurr (Native Title) Aboriginal Corporation RNTBC,"6,250",KACCU
07/09/2022,Perenia Pty Ltd,"1,000",CER
06/09/2022,Balanggarra Aboriginal Corporation RNTBC,"6,250",KACCU
06/09/2022,CARBON NEUTRAL PTY LTD,100,CER
05/09/2022,Carbon Financial Services Pty. Ltd.,13,CER
05/09/2022,CARBON NEUTRAL PTY LTD,655,CER
05/09/2022,Tasman Environmental Markets Pty Ltd,10,KACCU
05/09/2022,Aboriginal Carbon Fund Limited,339,KACCU
02/09/2022,Agasco Limited,"2,000",CER
02/09/2022,CARBON NEUTRAL PTY LTD,369,CER
02/09/2022,Tasman Environmental Markets Pty Ltd,430,CER
02/09/2022,Tasman Environmental Markets Pty Ltd,122,KACCU
01/09/2022,Ozwide Energy Group Pty Ltd,65,KACCU
31/08/2022,Tasman Environmental Markets Pty Ltd,287,KACCU
31/08/2022,Tasman Environmental Markets Pty Ltd,"1,865",CER
31/08/2022,Carbon Financial Services Pty. Ltd.,759,CER
31/08/2022,Terra Carbon Pty Ltd,"1,000",KACCU
30/08/2022,Enviro-Mark Solutions Limited,"19,283",CER
29/08/2022,Carbon Financial Services Pty. Ltd.,222,KACCU
29/08/2022,Tasman Environmental Markets Pty Ltd,"30,336",CER
29/08/2022,Tasman Environmental Markets Pty Ltd,"37,060",CER
29/08/2022,Enviro-Mark Solutions Limited,"23,676",CER
25/08/2022,Tasman Environmental Markets Pty Ltd,900,KACCU
25/08/2022,Tasman Environmental Markets Pty Ltd,"8,100",CER
24/08/2022,Tasman Environmental Markets Pty Ltd,"15,000",KACCU
24/08/2022,Wannon Region Water Corporation,412,KACCU
24/08/2022,Carbonhalo Pty Ltd,50,KACCU
23/08/2022,CARBON NEUTRAL PTY LTD,43,CER
23/08/2022,Enviro-Mark Solutions Limited,"3,070",CER
23/08/2022,Enviro-Mark Solutions Limited,"1,957",CER
23/08/2022,Enviro-Mark Solutions Limited,"2,667",CER
23/08/2022,Carbon Financial Services Pty. Ltd.,396,KACCU
23/08/2022,Carbon Financial Services Pty. Ltd.,61,KACCU
23/08/2022,Tasman Environmental Markets Pty Ltd,420,KACCU
23/08/2022,Tasman Environmental Markets Pty Ltd,"1,401",CER
23/08/2022,Australian Carbon Traders Pty Ltd,25,CER
23/08/2022,Australian Carbon Traders Pty Ltd,40,CER
19/08/2022,EKI Energy Services Limited,"3,446",CER
18/08/2022,EKI Energy Services Limited,"1,363",CER
18/08/2022,EKI Energy Services Limited,"2,459",CER
18/08/2022,EKI Energy Services Limited,"154,418",CER
18/08/2022,CARBON NEUTRAL PTY LTD,159,CER
18/08/2022,BETACARBON PTY LTD,142,KACCU
17/08/2022,CARBON NEUTRAL PTY LTD,"1,500",KACCU
17/08/2022,Aboriginal Carbon Fund Limited,23,KACCU
17/08/2022,CARBON NEUTRAL PTY LTD,"2,400",KACCU
15/08/2022,CARBON NEUTRAL PTY LTD,50,CER
15/08/2022,Tasman Environmental Markets Pty Ltd,14,KACCU
15/08/2022,Tasman Environmental Markets Pty Ltd,70,CER
15/08/2022,South Pole Australia Financial Services Pty Ltd,355,KACCU
15/08/2022,South Pole Australia Financial Services Pty Ltd,331,KACCU
15/08/2022,South Pole Australia Financial Services Pty Ltd,"1,868",KACCU
15/08/2022,South Pole Australia Financial Services Pty Ltd,"1,948",KACCU
15/08/2022,South Pole Australia Financial Services Pty Ltd,153,KACCU
15/08/2022,South Pole Australia Financial Services Pty Ltd,"1,935",KACCU
15/08/2022,South Pole Australia Financial Services Pty Ltd,664,KACCU
15/08/2022,South Pole Australia Financial Services Pty Ltd,287,KACCU
15/08/2022,South Pole Australia Financial Services Pty Ltd,607,KACCU
15/08/2022,South Pole Australia Financial Services Pty Ltd,"1,918",KACCU
12/08/2022,Aboriginal Carbon Fund Limited,48,KACCU
12/08/2022,Carbon Financial Services Pty. Ltd.,750,KACCU
12/08/2022,Carbon Financial Services Pty. Ltd.,250,KACCU
12/08/2022,Carbon Financial Services Pty. Ltd.,295,KACCU
12/08/2022,Carbon Financial Services Pty. Ltd.,182,KACCU
12/08/2022,Carbon Financial Services Pty. Ltd.,620,KACCU
12/08/2022,Carbon Financial Services Pty. Ltd.,265,KACCU
12/08/2022,Carbon Financial Services Pty. Ltd.,62,KACCU
12/08/2022,Carbon Financial Services Pty. Ltd.,"1,954",KACCU
12/08/2022,Tasman Environmental Markets Pty Ltd,"84,776",CER
12/08/2022,Tasman Environmental Markets Pty Ltd,"36,465",CER
12/08/2022,Tasman Environmental Markets Pty Ltd,"36,466",CER
11/08/2022,BETACARBON PTY LTD,250,KACCU
10/08/2022,Yarra Valley Water Corporation,"14,164",CER
10/08/2022,Yarra Valley Water Corporation,"3,243",CER
09/08/2022,Climate Friendly Financial Solutions Pty Limited,245,KACCU
09/08/2022,CARBON NEUTRAL PTY LTD,360,CER
09/08/2022,CARBON NEUTRAL PTY LTD,"7,993",CER
09/08/2022,Tasman Environmental Markets Pty Ltd,"1,500",CER
08/08/2022,CARBON NEUTRAL PTY LTD,35,CER
08/08/2022,CARBON NEUTRAL PTY LTD,35,CER
08/08/2022,CARBON NEUTRAL PTY LTD,74,CER
08/08/2022,Perenia Pty Ltd,"9,338",CER
08/08/2022,Perenia Pty Ltd,"7,174",CER
08/08/2022,Terra Carbon Pty Ltd,"43,812",KACCU
05/08/2022,"Natural Capital Partners Americas, LLC","5,045",CER
05/08/2022,"Natural Capital Partners Americas, LLC","7,500",CER
05/08/2022,LGI Limited,556,KACCU
05/08/2022,Aboriginal Carbon Fund Limited,240,KACCU
04/08/2022,CARBON NEUTRAL PTY LTD,656,CER
03/08/2022,Olkola Aboriginal Corporation,"3,000",KACCU
03/08/2022,CARBON NEUTRAL PTY LTD,59,CER
03/08/2022,Tasman Environmental Markets Pty Ltd,"7,524",CER
03/08/2022,Tasman Environmental Markets Pty Ltd,195,KACCU
02/08/2022,CARBON NEUTRAL PTY LTD,35,CER
02/08/2022,Tasman Environmental Markets Pty Ltd,407,CER
02/08/2022,Viva Energy Australia Ltd,86,KACCU
02/08/2022,Viva Energy Australia Ltd,25,KACCU
02/08/2022,Viva Energy Australia Ltd,292,KACCU
02/08/2022,Viva Energy Australia Ltd,251,KACCU
02/08/2022,Viva Energy Australia Ltd,906,KACCU
01/08/2022,Carbon Financial Services Pty. Ltd.,591,KACCU
01/08/2022,CARBON NEUTRAL PTY LTD,15,CER
01/08/2022,CARBON NEUTRAL PTY LTD,69,KACCU
01/08/2022,CARBON NEUTRAL PTY LTD,54,CER
29/07/2022,"Natural Capital Partners Americas, LLC","88,120",CER
29/07/2022,"Natural Capital Partners Americas, LLC","7,525",CER
29/07/2022,"Natural Capital Partners Americas, LLC","1,765",CER
29/07/2022,"Natural Capital Partners Americas, LLC","9,169",CER
29/07/2022,Tasman Environmental Markets Pty Ltd,535,KACCU
29/07/2022,Tasman Environmental Markets Pty Ltd,"1,780",CER
27/07/2022,"Natural Capital Partners Americas, LLC","15,679",CER
27/07/2022,The Sigma Global Company Pty Limited,"1,169",KACCU
26/07/2022,Commonwealth Bank of Australia,23,CER
26/07/2022,CARBON NEUTRAL PTY LTD,"1,694",CER
26/07/2022,Aboriginal Carbon Fund Limited,400,KACCU
25/07/2022,Tasman Environmental Markets Pty Ltd,"3,200",CER
25/07/2022,Tasman Environmental Markets Pty Ltd,500,KACCU
22/07/2022,CARBON NEUTRAL PTY LTD,46,CER
20/07/2022,Australian Wildlife Conservancy,73,KACCU
19/07/2022,CARBON NEUTRAL PTY LTD,70,CER
19/07/2022,CARBON NEUTRAL PTY LTD,300,KACCU
18/07/2022,CARBON NEUTRAL PTY LTD,50,CER
18/07/2022,CARBON NEUTRAL PTY LTD,463,CER
15/07/2022,CARBON NEUTRAL PTY LTD,360,CER
15/07/2022,CARBON NEUTRAL PTY LTD,303,CER
15/07/2022,CARBON NEUTRAL PTY LTD,"1,700",CER
15/07/2022,CARBON NEUTRAL PTY LTD,74,CER
15/07/2022,CARBON NEUTRAL PTY LTD,152,CER
15/07/2022,Aboriginal Carbon Fund Limited,31,KACCU
13/07/2022,Carbon Financial Services Pty. Ltd.,"8,123",CER
13/07/2022,Australian Integrated Carbon Financial Services Pty Ltd,300,KACCU
13/07/2022,CARBON NEUTRAL PTY LTD,3,CER
13/07/2022,CARBON NEUTRAL PTY LTD,537,CER
13/07/2022,Commonwealth Bank of Australia,7,KACCU
12/07/2022,CARBON NEUTRAL PTY LTD,200,CER
12/07/2022,CARBON NEUTRAL PTY LTD,951,CER
12/07/2022,CARBON NEUTRAL PTY LTD,154,CER
12/07/2022,Corporate Carbon Advisory Pty Ltd,81,KACCU
12/07/2022,CARBON NEUTRAL PTY LTD,672,KACCU
12/07/2022,Carbon Financial Services Pty. Ltd.,"99,067",CER
12/07/2022,South Pole Australia Financial Services Pty Ltd,645,KACCU
11/07/2022,CARBON NEUTRAL PTY LTD,45,CER
11/07/2022,Tasman Environmental Markets Pty Ltd,120,KACCU
11/07/2022,Tasman Environmental Markets Pty Ltd,180,CER
11/07/2022,Tasman Environmental Markets Pty Ltd,80,KACCU
11/07/2022,Tasman Environmental Markets Pty Ltd,120,CER
11/07/2022,Climate Friendly Financial Solutions Pty Limited,"6,350",KACCU
08/07/2022,Jarden Australia Pty Ltd,105,KACCU
08/07/2022,AGL HP1 Pty Limited,79,KACCU
08/07/2022,AGL HP1 Pty Limited,"1,689",KACCU
08/07/2022,AGL HP1 Pty Limited,"2,603",KACCU
08/07/2022,AGL HP1 Pty Limited,224,KACCU
08/07/2022,AGL HP1 Pty Limited,414,KACCU
08/07/2022,AGL HP1 Pty Limited,"1,033",KACCU
08/07/2022,AGL HP1 Pty Limited,"1,583",KACCU
08/07/2022,AGL HP1 Pty Limited,"15,604",KACCU
08/07/2022,AGL HP1 Pty Limited,43,KACCU
08/07/2022,AGL HP1 Pty Limited,1,KACCU
08/07/2022,AGL HP1 Pty Limited,56,KACCU
07/07/2022,Perenia Pty Ltd,"14,022",CER
06/07/2022,WeAct Pty Ltd,"73,050",CER
06/07/2022,Red Energy Pty Limited,"5,000",KACCU
04/07/2022,Terra Carbon Pty Ltd,200,KACCU
04/07/2022,The Sigma Global Company Pty Limited,44,KACCU
04/07/2022,South Pole Australia Financial Services Pty Ltd,"2,100",KACCU
01/07/2022,"Natural Capital Partners Americas, LLC",100,CER
01/07/2022,"Natural Capital Partners Americas, LLC","16,606",CER
30/06/2022,Tasman Environmental Markets Pty Ltd,"9,627",CER
30/06/2022,Tasman Environmental Markets Pty Ltd,"10,700",KACCU
30/06/2022,Tasman Environmental Markets Pty Ltd,113,KACCU
30/06/2022,Tasman Environmental Markets Pty Ltd,578,KACCU
30/06/2022,Tasman Environmental Markets Pty Ltd,"1,924",CER
30/06/2022,Tasman Environmental Markets Pty Ltd,"12,844",CER
30/06/2022,Tasman Environmental Markets Pty Ltd,"14,274",KACCU
30/06/2022,Tasman Environmental Markets Pty Ltd,"33,668",CER
30/06/2022,Tasman Environmental Markets Pty Ltd,"29,018",CER
30/06/2022,Tasman Environmental Markets Pty Ltd,204,CER
30/06/2022,Tasman Environmental Markets Pty Ltd,"4,965",CER
30/06/2022,Tasman Environmental Markets Pty Ltd,129,KACCU
30/06/2022,Corporate Carbon Advisory Pty Ltd,"2,000",KACCU
30/06/2022,Commonwealth Bank of Australia,"48,416",KACCU
30/06/2022,EnergyAustralia Pty Ltd,"435,000",CER
29/06/2022,WeAct Pty Ltd,"2,022",CER
29/06/2022,WeAct Pty Ltd,"4,000",KACCU
29/06/2022,"Natural Capital Partners Americas, LLC","3,880",CER
29/06/2022,"Natural Capital Partners Americas, LLC","1,941",CER
28/06/2022,Carbon Financial Services Pty. Ltd.,"1,224",CER
28/06/2022,Carbon Financial Services Pty. Ltd.,80,KACCU
28/06/2022,Corporate Carbon Advisory Pty Ltd,60,KACCU
27/06/2022,"Natural Capital Partners Americas, LLC","25,000",CER
27/06/2022,Climate Friendly Financial Solutions Pty Limited,"1,800",KACCU
25/06/2022,"Natural Capital Partners Americas, LLC","43,000",CER
25/06/2022,"Natural Capital Partners Americas, LLC","58,500",CER
25/06/2022,Aboriginal Carbon Fund Limited,56,KACCU
24/06/2022,WeAct Pty Ltd,"8,826",CER
24/06/2022,WeAct Pty Ltd,"1,000",KACCU
24/06/2022,Aboriginal Carbon Fund Limited,500,KACCU
23/06/2022,BWP MANAGEMENT LIMITED,132,KACCU
23/06/2022,Origin Energy Electricity Ltd,79,KACCU
23/06/2022,Tasman Environmental Markets Pty Ltd,"24,500",CER
23/06/2022,Tasman Environmental Markets Pty Ltd,300,KACCU
23/06/2022,Terra Carbon Pty Ltd,420,KACCU
23/06/2022,CARBON NEUTRAL PTY LTD,350,CER
23/06/2022,Aboriginal Carbon Fund Limited,30,KACCU
23/06/2022,Corporate Carbon Advisory Pty Ltd,25,KACCU
22/06/2022,CARBON NEUTRAL PTY LTD,100,CER
22/06/2022,Carbon Financial Services Pty. Ltd.,841,KACCU
22/06/2022,Carbon Financial Services Pty. Ltd.,"1,125",KACCU
21/06/2022,Tasman Environmental Markets Pty Ltd,"5,000",CER
21/06/2022,Tasman Environmental Markets Pty Ltd,313,KACCU
21/06/2022,Tasman Environmental Markets Pty Ltd,"1,250",CER
21/06/2022,CARBON NEUTRAL PTY LTD,20,CER
21/06/2022,Climate Friendly Pty Ltd,3,KACCU
21/06/2022,Climate Friendly Pty Ltd,1,KACCU
20/06/2022,Climate Friendly Financial Solutions Pty Limited,"6,000",KACCU
20/06/2022,Climate Friendly Financial Solutions Pty Limited,"6,500",KACCU
16/06/2022,"Natural Capital Partners Americas, LLC","2,955",CER
16/06/2022,Jarden Australia Pty Ltd,134,KACCU
16/06/2022,"Natural Capital Partners Americas, LLC","2,000",CER
16/06/2022,"Natural Capital Partners Americas, LLC","30,000",CER
15/06/2022,CARBON NEUTRAL PTY LTD,77,CER
15/06/2022,Terra Carbon Pty Ltd,"1,315",KACCU
14/06/2022,Aboriginal Carbon Fund Limited,80,KACCU
14/06/2022,Perenia Pty Ltd,"3,172",CER
14/06/2022,The Sigma Global Company Pty Limited,"1,878",CER
13/06/2022,"Natural Capital Partners Americas, LLC","7,500",CER
13/06/2022,"Natural Capital Partners Americas, LLC","15,500",CER
13/06/2022,GO FASHION NEUTRAL PTY LTD,3,KACCU
10/06/2022,Tasman Environmental Markets Pty Ltd,830,KACCU
10/06/2022,Tasman Environmental Markets Pty Ltd,"2,765",CER
10/06/2022,Wesfarmers Kleenheat Gas Pty Ltd,"2,500",KACCU
09/06/2022,Biodiverse Carbon Conservation Pty Limited,"3,000",KACCU
09/06/2022,CARBON NEUTRAL PTY LTD,615,CER
09/06/2022,Climate Friendly Financial Solutions Pty Limited,"1,800",KACCU
08/06/2022,Aboriginal Carbon Fund Limited,124,KACCU
07/06/2022,CARBON NEUTRAL PTY LTD,152,CER
07/06/2022,EKI Energy Services Limited,"8,255",CER
07/06/2022,Aboriginal Carbon Fund Limited,49,KACCU
07/06/2022,"Natural Capital Partners Americas, LLC","8,677",CER
07/06/2022,"Natural Capital Partners Americas, LLC","242,187",CER
07/06/2022,"Natural Capital Partners Americas, LLC","9,308",CER
06/06/2022,Tasman Environmental Markets Pty Ltd,"3,272",CER
06/06/2022,Tasman Environmental Markets Pty Ltd,982,KACCU
06/06/2022,Tasman Environmental Markets Pty Ltd,"1,950",CER
06/06/2022,Tasman Environmental Markets Pty Ltd,557,KACCU
02/06/2022,CHEVRON AUSTRALIA PTY LTD,"37,672",KACCU
02/06/2022,CARBON NEUTRAL PTY LTD,400,CER
02/06/2022,Enviro-Mark Solutions Limited,"1,025",CER
02/06/2022,Enviro-Mark Solutions Limited,520,CER
02/06/2022,Enviro-Mark Solutions Limited,960,CER
02/06/2022,Enviro-Mark Solutions Limited,40,CER
02/06/2022,Enviro-Mark Solutions Limited,"2,273",CER
02/06/2022,The Sigma Global Company Pty Limited,600,KACCU
01/06/2022,CARBON NEUTRAL PTY LTD,675,CER
01/06/2022,"Natural Capital Partners Americas, LLC","1,195",CER
01/06/2022,Tasman Environmental Markets Pty Ltd,"3,103",CER
01/06/2022,Tasman Environmental Markets Pty Ltd,"1,194",KACCU
01/06/2022,Tasman Environmental Markets Pty Ltd,197,CER
01/06/2022,Tasman Environmental Markets Pty Ltd,56,KACCU
01/06/2022,"Natural Capital Partners Americas, LLC","5,265",CER
01/06/2022,CARBON NEUTRAL PTY LTD,155,CER
31/05/2022,Aboriginal Carbon Fund Limited,100,KACCU
31/05/2022,CARBON NEUTRAL PTY LTD,202,CER
31/05/2022,Aboriginal Carbon Fund Limited,21,KACCU
30/05/2022,CARBON NEUTRAL PTY LTD,"5,158",CER
27/05/2022,Tasman Environmental Markets Pty Ltd,693,CER
27/05/2022,Tasman Environmental Markets Pty Ltd,37,KACCU
27/05/2022,Tasman Environmental Markets Pty Ltd,652,CER
27/05/2022,Tasman Environmental Markets Pty Ltd,35,KACCU
27/05/2022,Tasman Environmental Markets Pty Ltd,500,KACCU
27/05/2022,Origin Energy Electricity Ltd,"5,910",KACCU
26/05/2022,South Pole Australia Financial Services Pty Ltd,"1,700",KACCU
26/05/2022,Terra Carbon Pty Ltd,"16,672",KACCU
26/05/2022,Terra Carbon Pty Ltd,"1,200",KACCU
25/05/2022,CARBON NEUTRAL PTY LTD,86,CER
25/05/2022,CHEVRON AUSTRLIA PT LTD,"21,210",KACCU
25/05/2022,Tasman Environmental Markets Pty Ltd,"25,000",KACCU
25/05/2022,Tasman Environmental Markets Pty Ltd,"2,035",CER
25/05/2022,Tasman Environmental Markets Pty Ltd,509,KACCU
25/05/2022,Ozwide Energy Group Pty Ltd,33,KACCU
24/05/2022,CARBON NEUTRAL PTY LTD,"30,000",CER
24/05/2022,Aboriginal Carbon Fund Limited,120,KACCU
24/05/2022,Aboriginal Carbon Fund Limited,142,KACCU
24/05/2022,Aboriginal Carbon Fund Limited,75,KACCU
24/05/2022,Aboriginal Carbon Fund Limited,5,KACCU
23/05/2022,CARBON NEUTRAL PTY LTD,625,CER
23/05/2022,CO2 Australia Limited,"29,500",CER
23/05/2022,Carbon Estate Pty Ltd,327,KACCU
20/05/2022,Tasman Environmental Markets Pty Ltd,500,KACCU
20/05/2022,Tasman Environmental Markets Pty Ltd,"3,000",CER
19/05/2022,Aboriginal Carbon Fund Limited,"1,750",KACCU
19/05/2022,Carbon Financial Services Pty. Ltd.,"10,787",CER
19/05/2022,South Pole Australia Financial Services Pty Ltd,39,KACCU
19/05/2022,Perenia Pty Ltd,310,CER
18/05/2022,Tasman Environmental Markets Pty Ltd,"1,296",CER
18/05/2022,Tasman Environmental Markets Pty Ltd,"1,080",KACCU
18/05/2022,Terra Carbon Pty Ltd,563,KACCU
18/05/2022,CARBON NEUTRAL PTY LTD,276,CER
18/05/2022,CARBON NEUTRAL PTY LTD,"56,000",CER
18/05/2022,Carbon Estate Pty Ltd,"2,500",KACCU
18/05/2022,CO2 Australia Limited,"2,469",KACCU
16/05/2022,Terra Carbon Pty Ltd,6,KACCU
16/05/2022,South Pole Australia Financial Services Pty Ltd,185,KACCU
16/05/2022,South Pole Australia Financial Services Pty Ltd,421,KACCU
13/05/2022,Tasman Environmental Markets Pty Ltd,110,CER
13/05/2022,Tasman Environmental Markets Pty Ltd,31,KACCU
13/05/2022,Carbon Financial Services Pty. Ltd.,100,KACCU
13/05/2022,Carbon Financial Services Pty. Ltd.,100,KACCU
13/05/2022,Carbon Financial Services Pty. Ltd.,150,KACCU
13/05/2022,Tasman Environmental Markets Pty Ltd,"1,339",KACCU
12/05/2022,The Sigma Global Company Pty Limited,3,KACCU
12/05/2022,The Sigma Global Company Pty Limited,39,KACCU
12/05/2022,Carbon Estate Pty Ltd,31,KACCU
11/05/2022,Biodiverse Carbon Conservation Pty Limited,300,KACCU
11/05/2022,Biodiverse Carbon Conservation Pty Limited,371,CER
11/05/2022,CARBON NEUTRAL PTY LTD,675,CER
09/05/2022,Biodiverse Carbon Conservation Pty Limited,"2,000",KACCU
09/05/2022,CARBON NEUTRAL PTY LTD,100,CER
06/05/2022,Tasman Environmental Markets Pty Ltd,151,CER
06/05/2022,Tasman Environmental Markets Pty Ltd,"2,500",CER
06/05/2022,Alfa (NT) Limited,200,KACCU
04/05/2022,Climate Friendly Pty Ltd,10,KACCU
03/05/2022,Tasman Environmental Markets Pty Ltd,"1,425",CER
03/05/2022,Tasman Environmental Markets Pty Ltd,475,KACCU
03/05/2022,Tasman Environmental Markets Pty Ltd,70,KACCU
03/05/2022,Tasman Environmental Markets Pty Ltd,"47,226",CER
03/05/2022,Tasman Environmental Markets Pty Ltd,"22,255",KACCU
02/05/2022,ALINTA ENERGY CEA PTY LTD,"4,000",KACCU
30/04/2022,"Natural Capital Partners Americas, LLC","10,119",CER
30/04/2022,"Natural Capital Partners Americas, LLC","12,381",CER
29/04/2022,CARBON NEUTRAL PTY LTD,101,CER
29/04/2022,Enviro-Mark Solutions Limited,"10,253",CER
28/04/2022,Tasman Environmental Markets Pty Ltd,75,CER
28/04/2022,Tasman Environmental Markets Pty Ltd,101,CER
28/04/2022,CARBON NEUTRAL PTY LTD,113,CER
28/04/2022,Tasman Environmental Markets Pty Ltd,"3,318",CER
28/04/2022,Tasman Environmental Markets Pty Ltd,86,KACCU
28/04/2022,CARBON NEUTRAL PTY LTD,27,CER
28/04/2022,Tasman Environmental Markets Pty Ltd,"1,227",CER
28/04/2022,Tasman Environmental Markets Pty Ltd,32,KACCU
26/04/2022,Tasman Environmental Markets Pty Ltd,"2,500",KACCU
26/04/2022,Tasman Environmental Markets Pty Ltd,15,KACCU
26/04/2022,Tasman Environmental Markets Pty Ltd,45,CER
26/04/2022,Tasman Environmental Markets Pty Ltd,61,KACCU
26/04/2022,Tasman Environmental Markets Pty Ltd,201,CER
26/04/2022,Tasman Environmental Markets Pty Ltd,184,KACCU
26/04/2022,Tasman Environmental Markets Pty Ltd,183,KACCU
26/04/2022,Tasman Environmental Markets Pty Ltd,"1,221",CER
26/04/2022,Enviro-Mark Solutions Limited,23,CER
26/04/2022,Enviro-Mark Solutions Limited,9,CER
21/04/2022,Aboriginal Carbon Fund Limited,204,KACCU
20/04/2022,Perenia Pty Ltd,"65,000",CER
19/04/2022,Carbon Financial Services Pty. Ltd.,328,KACCU
19/04/2022,Carbon Financial Services Pty. Ltd.,"644,394",CER
19/04/2022,Australian Wildlife Conservancy,500,KACCU
14/04/2022,CHEVRON AUSTRALIA PTY LTD,"28,745",KACCU
14/04/2022,"Natural Capital Partners Americas, LLC","94,735",CER
14/04/2022,Biodiverse Carbon Conservation Pty Limited,"1,700",KACCU
13/04/2022,CARBON NEUTRAL PTY LTD,500,CER
13/04/2022,CARBON NEUTRAL PTY LTD,500,KACCU
13/04/2022,Aboriginal Carbon Fund Limited,418,KACCU
13/04/2022,Tasman Environmental Markets Pty Ltd,32,KACCU
13/04/2022,Tasman Environmental Markets Pty Ltd,103,CER
12/04/2022,Carbon Financial Services Pty. Ltd.,"42,144",CER
12/04/2022,Carbon Financial Services Pty. Ltd.,"2,097",CER
11/04/2022,Carbon Financial Services Pty. Ltd.,"470,934",CER
08/04/2022,Macquarie Bank Limited,"1,000",KACCU
08/04/2022,CARBON NEUTRAL PTY LTD,164,CER
08/04/2022,South Pole Australia Financial Services Pty Ltd,500,KACCU
08/04/2022,Carbon Financial Services Pty. Ltd.,"5,601",CER
07/04/2022,CHEVRON AUSTRALIA PTY LTD,"30,043",KACCU
07/04/2022,South Pole Australia Financial Services Pty Ltd,215,KACCU
07/04/2022,Terra Carbon Pty Ltd,"89,000",KACCU
06/04/2022,CARBON NEUTRAL PTY LTD,43,CER
06/04/2022,Aboriginal Carbon Fund Limited,"2,000",KACCU
05/04/2022,Carbon Financial Services Pty. Ltd.,300,KACCU
05/04/2022,Tasman Environmental Markets Pty Ltd,500,KACCU
05/04/2022,Tasman Environmental Markets Pty Ltd,104,KACCU
04/04/2022,EnergyAustralia Pty Ltd,"17,630",KACCU
04/04/2022,Aboriginal Carbon Fund Limited,12,KACCU
04/04/2022,Aboriginal Carbon Fund Limited,2,KACCU
01/04/2022,"Natural Capital Partners Americas, LLC","11,014",CER
01/04/2022,"Natural Capital Partners Americas, LLC","5,209",CER
31/03/2022,"Natural Capital Partners Americas, LLC","4,400",CER
31/03/2022,"Natural Capital Partners Americas, LLC","95,061",CER
31/03/2022,"Natural Capital Partners Americas, LLC","65,543",CER
31/03/2022,"Natural Capital Partners Americas, LLC","19,373",CER
31/03/2022,"Natural Capital Partners Americas, LLC","3,000",CER
31/03/2022,EKI Energy Services Limited,"2,104",CER
31/03/2022,"Natural Capital Partners Americas, LLC","140,000",CER
31/03/2022,"Natural Capital Partners Americas, LLC","41,746",CER
31/03/2022,"Natural Capital Partners Americas, LLC","57,238",CER
31/03/2022,CARBON NEUTRAL PTY LTD,270,CER
31/03/2022,Macquarie Bank Limited,"2,000",KACCU
31/03/2022,CARBON NEUTRAL PTY LTD,35,CER
30/03/2022,Corporate Carbon Advisory Pty Ltd,"4,519",KACCU
30/03/2022,Corporate Carbon Advisory Pty Ltd,95,KACCU
30/03/2022,Tasman Environmental Markets Pty Ltd,598,CER
30/03/2022,CARBON NEUTRAL PTY LTD,62,CER
29/03/2022,CARBON NEUTRAL PTY LTD,350,CER
29/03/2022,South Pole Australia Financial Services Pty Ltd,"3,250",KACCU
29/03/2022,Terra Carbon Pty Ltd,"10,000",KACCU
28/03/2022,CARBON NEUTRAL PTY LTD,100,CER
28/03/2022,CARBON NEUTRAL PTY LTD,30,CER
26/03/2022,"Natural Capital Partners Americas, LLC",147,CER
25/03/2022,City Facilities Management (Aus) Pty Ltd,"3,750",KACCU
24/03/2022,Tasman Environmental Markets Pty Ltd,"1,812",CER
24/03/2022,CARBON NEUTRAL PTY LTD,49,CER
24/03/2022,CARBON NEUTRAL PTY LTD,24,CER
23/03/2022,CARBON NEUTRAL PTY LTD,13,CER
23/03/2022,CARBON NEUTRAL PTY LTD,508,CER
23/03/2022,CARBON NEUTRAL PTY LTD,174,CER
23/03/2022,Macquarie Bank Limited,"20,000",KACCU
23/03/2022,Origin Energy Electricity Limited,6,KACCU
23/03/2022,Origin Energy Electricity Limited,254,KACCU
23/03/2022,Perenia Pty Ltd,"84,200",CER
22/03/2022,CHEVRON AUSTRALIA PTY LTD,"5,000",KACCU
22/03/2022,Tasman Environmental Markets Pty Ltd,100,KACCU
22/03/2022,Alfa (NT) Limited,80,KACCU
22/03/2022,Alfa (NT) Limited,191,KACCU
21/03/2022,CARBON NEUTRAL PTY LTD,"3,183",CER
20/03/2022,CARBON NEUTRAL PTY LTD,110,CER
18/03/2022,Tasman Environmental Markets Pty Ltd,"2,394",CER
18/03/2022,Tasman Environmental Markets Pty Ltd,60,KACCU
18/03/2022,"Natural Capital Partners Americas, LLC","24,123",CER
18/03/2022,Carbon Financial Services Pty. Ltd.,"2,400",CER
17/03/2022,CARBON NEUTRAL PTY LTD,12,CER
17/03/2022,CARBON NEUTRAL PTY LTD,35,CER
17/03/2022,Carbon Financial Services Pty. Ltd.,"3,000",KACCU
17/03/2022,CARBON NEUTRAL PTY LTD,15,CER
17/03/2022,CARBON NEUTRAL PTY LTD,35,CER
16/03/2022,CARBON NEUTRAL PTY LTD,30,CER
16/03/2022,CARBON NEUTRAL PTY LTD,35,CER
16/03/2022,CARBON NEUTRAL PTY LTD,50,CER
16/03/2022,CARBON NEUTRAL PTY LTD,50,CER
16/03/2022,CARBON NEUTRAL PTY LTD,37,CER
15/03/2022,CARBON NEUTRAL PTY LTD,35,CER
15/03/2022,CARBON NEUTRAL PTY LTD,35,CER
15/03/2022,CARBON NEUTRAL PTY LTD,20,CER
15/03/2022,CARBON NEUTRAL PTY LTD,55,CER
15/03/2022,CARBON NEUTRAL PTY LTD,35,CER
15/03/2022,CARBON NEUTRAL PTY LTD,35,CER
15/03/2022,"Natural Capital Partners Americas, LLC","20,000",CER
14/03/2022,CARBON NEUTRAL PTY LTD,35,CER
14/03/2022,CARBON NEUTRAL PTY LTD,435,CER
11/03/2022,Aboriginal Carbon Fund Limited,100,KACCU
11/03/2022,South Australian Water Corporation,925,KACCU
11/03/2022,Perenia Pty Ltd,"2,005",CER
11/03/2022,Perenia Pty Ltd,197,CER
10/03/2022,Perenia Pty Ltd,"1,250",CER
10/03/2022,Perenia Pty Ltd,"1,700",CER
10/03/2022,CARBON NEUTRAL PTY LTD,174,CER
10/03/2022,LMS Energy Pty Ltd,50,KACCU
10/03/2022,Enviro-Mark Solutions Limited,327,CER
09/03/2022,Aboriginal Carbon Fund Limited,100,KACCU
09/03/2022,Aboriginal Carbon Fund Limited,100,KACCU
08/03/2022,CARBON NEUTRAL PTY LTD,"83,351",CER
08/03/2022,Terra Carbon Pty Ltd,15,KACCU
08/03/2022,Terra Carbon Pty Ltd,396,KACCU
07/03/2022,Tasman Environmental Markets Pty Ltd,"41,000",CER
07/03/2022,Tasman Environmental Markets Pty Ltd,"47,917",KACCU
07/03/2022,Origin Energy Electricity Ltd,"7,391",KACCU
04/03/2022,CARBON NEUTRAL PTY LTD,967,CER
04/03/2022,Aboriginal Carbon Fund Limited,27,KACCU
03/03/2022,Carbon Financial Services Pty. Ltd.,"31,600",CER
03/03/2022,CARBON NEUTRAL PTY LTD,43,CER
03/03/2022,Carbon Financial Services Pty. Ltd.,"5,879",CER
03/03/2022,CARBON NEUTRAL PTY LTD,40,CER
03/03/2022,"Natural Capital Partners Americas, LLC","70,000",CER
01/03/2022,Perenia Pty Ltd,"15,172",CER
01/03/2022,"Natural Capital Partners Americas, LLC","8,330",CER
01/03/2022,South Pole Australia Financial Services Pty Ltd,121,KACCU
28/02/2022,CARBON NEUTRAL PTY LTD,"1,013",CER
28/02/2022,Tasman Environmental Markets Pty Ltd,"66,188",CER
28/02/2022,Tasman Environmental Markets Pty Ltd,"29,159",KACCU
28/02/2022,Carbon Financial Services Pty. Ltd.,"1,250",KACCU
25/02/2022,Tasman Environmental Markets Pty Ltd,400,KACCU
25/02/2022,Tasman Environmental Markets Pty Ltd,"1,217",KACCU
25/02/2022,Aboriginal Carbon Fund Limited,110,KACCU
25/02/2022,CO2 Australia Limited,31,KACCU
24/02/2022,Carbon Financial Services Pty. Ltd.,"50,000",CER
24/02/2022,CARBON NEUTRAL PTY LTD,568,CER
24/02/2022,CARBON NEUTRAL PTY LTD,35,CER
24/02/2022,"Natural Capital Partners Americas, LLC","237,236",CER
24/02/2022,"Natural Capital Partners Americas, LLC","12,500",CER
24/02/2022,Aboriginal Carbon Fund Limited,2,KACCU
24/02/2022,"Natural Capital Partners Americas, LLC","5,114",CER
24/02/2022,"Natural Capital Partners Americas, LLC","8,100",CER
24/02/2022,"Natural Capital Partners Americas, LLC","12,240",CER
24/02/2022,"Natural Capital Partners Americas, LLC","6,180",CER
23/02/2022,CARBON NEUTRAL PTY LTD,597,CER
23/02/2022,Tasman Environmental Markets Pty Ltd,"17,500",CER
23/02/2022,Tasman Environmental Markets Pty Ltd,"1,000",KACCU
23/02/2022,Tasman Environmental Markets Pty Ltd,"21,574",CER
23/02/2022,Tasman Environmental Markets Pty Ltd,"24,848",CER
23/02/2022,Tasman Environmental Markets Pty Ltd,"3,171",CER
23/02/2022,The Sigma Global Company Pty Limited,118,KACCU
22/02/2022,CARBON NEUTRAL PTY LTD,70,CER
22/02/2022,CARBON NEUTRAL PTY LTD,35,CER
22/02/2022,CARBON NEUTRAL PTY LTD,153,CER
22/02/2022,CARBON NEUTRAL PTY LTD,"1,000",CER
22/02/2022,CARBON NEUTRAL PTY LTD,34,CER
21/02/2022,Aboriginal Carbon Fund Limited,252,KACCU
21/02/2022,Aboriginal Carbon Fund Limited,160,KACCU
21/02/2022,CARBON NEUTRAL PTY LTD,72,CER
20/02/2022,CARBON NEUTRAL PTY LTD,19,CER
20/02/2022,CARBON NEUTRAL PTY LTD,102,CER
20/02/2022,CARBON NEUTRAL PTY LTD,230,CER
20/02/2022,CARBON NEUTRAL PTY LTD,500,CER
18/02/2022,Tasman Environmental Markets Pty Ltd,"4,805",CER
17/02/2022,Carbon Financial Services Pty. Ltd.,"935,569",CER
17/02/2022,CARBON NEUTRAL PTY LTD,49,CER
17/02/2022,Tasman Environmental Markets Pty Ltd,145,KACCU
17/02/2022,CARBON NEUTRAL PTY LTD,35,CER
17/02/2022,CARBON NEUTRAL PTY LTD,369,CER
17/02/2022,CARBON NEUTRAL PTY LTD,70,CER
17/02/2022,CARBON NEUTRAL PTY LTD,35,CER
17/02/2022,CARBON NEUTRAL PTY LTD,120,CER
16/02/2022,CARBON NEUTRAL PTY LTD,303,CER
16/02/2022,CARBON NEUTRAL PTY LTD,35,CER
16/02/2022,CARBON NEUTRAL PTY LTD,35,CER
16/02/2022,CARBON NEUTRAL PTY LTD,35,CER
16/02/2022,CARBON NEUTRAL PTY LTD,47,CER
16/02/2022,CARBON NEUTRAL PTY LTD,28,CER
16/02/2022,Terra Carbon Pty Ltd,33,KACCU
16/02/2022,BETACARBON PTY LTD,50,KACCU
15/02/2022,CARBON NEUTRAL PTY LTD,35,CER
15/02/2022,CARBON NEUTRAL PTY LTD,115,CER
14/02/2022,CARBON NEUTRAL PTY LTD,35,CER
10/02/2022,Terra Carbon Pty Ltd,"2,500",KACCU
10/02/2022,Tasman Environmental Markets Pty Ltd,696,KACCU
08/02/2022,Perenia Pty Ltd,940,CER
08/02/2022,CARBON NEUTRAL PTY LTD,645,CER
07/02/2022,Tasman Environmental Markets Pty Ltd,393,KACCU
05/02/2022,Agasco Limited,1,CER
04/02/2022,Tasman Environmental Markets Pty Ltd,"2,300",CER
04/02/2022,Tasman Environmental Markets Pty Ltd,548,CER
03/02/2022,Aboriginal Carbon Fund Limited,216,KACCU
02/02/2022,CARBON NEUTRAL PTY LTD,255,CER
02/02/2022,Carbon Financial Services Pty. Ltd.,"17,033",CER
02/02/2022,Terra Carbon Pty Ltd,500,KACCU
01/02/2022,South Pole Australia Financial Services Pty Ltd,104,KACCU
01/02/2022,LGI Limited,35,KACCU
31/01/2022,Tasman Environmental Markets Pty Ltd,"3,000",KACCU
31/01/2022,Tasman Environmental Markets Pty Ltd,"2,614",KACCU
31/01/2022,The Sigma Global Company Pty Limited,"8,500",CER
30/01/2022,"Natural Capital Partners Americas, LLC","1,872",CER
30/01/2022,"Natural Capital Partners Americas, LLC","20,659",CER
28/01/2022,AGL HP1 Pty Limited,"39,616",KACCU
27/01/2022,CARBON NEUTRAL PTY LTD,106,CER
27/01/2022,CARBON NEUTRAL PTY LTD,35,CER
27/01/2022,Corporate Carbon Advisory Pty Ltd,500,KACCU
27/01/2022,Tasman Environmental Markets Pty Ltd,900,CER
25/01/2022,Tasman Environmental Markets Pty Ltd,"22,598",CER
25/01/2022,Tasman Environmental Markets Pty Ltd,"3,229",KACCU
25/01/2022,Tasman Environmental Markets Pty Ltd,"3,229",KACCU
24/01/2022,"Natural Capital Partners Americas, LLC",50,CER
24/01/2022,Aboriginal Carbon Fund Limited,"1,118",KACCU
21/01/2022,Aboriginal Carbon Fund Limited,5,KACCU
20/01/2022,Corporate Carbon Advisory Pty Ltd,268,KACCU
20/01/2022,Aboriginal Carbon Fund Limited,2,KACCU
20/01/2022,"Natural Capital Partners Americas, LLC","34,400",CER
20/01/2022,"Natural Capital Partners Americas, LLC","7,336",CER
20/01/2022,"Natural Capital Partners Americas, LLC","7,211",CER
20/01/2022,"Natural Capital Partners Americas, LLC","6,207",CER
20/01/2022,"Natural Capital Partners Americas, LLC","5,728",CER
20/01/2022,"Natural Capital Partners Americas, LLC","3,634",CER
20/01/2022,"Natural Capital Partners Americas, LLC","2,765",CER
20/01/2022,"Natural Capital Partners Americas, LLC","2,454",CER
20/01/2022,"Natural Capital Partners Americas, LLC",699,CER
20/01/2022,"Natural Capital Partners Americas, LLC","6,401",CER
20/01/2022,"Natural Capital Partners Americas, LLC","15,115",CER
20/01/2022,"Natural Capital Partners Americas, LLC","3,251",CER
20/01/2022,"Natural Capital Partners Americas, LLC","5,522",CER
20/01/2022,"Natural Capital Partners Americas, LLC","4,867",CER
20/01/2022,"Natural Capital Partners Americas, LLC","2,679",CER
20/01/2022,"Natural Capital Partners Americas, LLC","2,063",CER
20/01/2022,"Natural Capital Partners Americas, LLC","9,841",CER
20/01/2022,"Natural Capital Partners Americas, LLC","8,239",CER
20/01/2022,"Natural Capital Partners Americas, LLC",282,CER
20/01/2022,"Natural Capital Partners Americas, LLC","2,638",CER
20/01/2022,"Natural Capital Partners Americas, LLC","1,498",CER
20/01/2022,"Natural Capital Partners Americas, LLC","9,072",CER
20/01/2022,"Natural Capital Partners Americas, LLC","2,953",CER
20/01/2022,"Natural Capital Partners Americas, LLC",757,CER
20/01/2022,"Natural Capital Partners Americas, LLC","6,844",CER
20/01/2022,"Natural Capital Partners Americas, LLC",749,CER
20/01/2022,"Natural Capital Partners Americas, LLC",843,CER
20/01/2022,"Natural Capital Partners Americas, LLC",72,CER
20/01/2022,"Natural Capital Partners Americas, LLC",395,CER
20/01/2022,"Natural Capital Partners Americas, LLC","16,655",CER
20/01/2022,"Natural Capital Partners Americas, LLC","18,252",CER
20/01/2022,"Natural Capital Partners Americas, LLC","13,494",CER
20/01/2022,"Natural Capital Partners Americas, LLC","5,630",CER
19/01/2022,"Natural Capital Partners Americas, LLC","88,500",CER
18/01/2022,Australian CO2 Exchange Pty Ltd,261,KACCU
18/01/2022,Australian CO2 Exchange Pty Ltd,88,KACCU
18/01/2022,The Sigma Global Company Pty Limited,"5,000",CER
17/01/2022,Terra Carbon Pty Ltd,30,KACCU
17/01/2022,Terra Carbon Pty Ltd,"1,000",KACCU
14/01/2022,CARBON NEUTRAL PTY LTD,"1,393",CER
14/01/2022,CARBON NEUTRAL PTY LTD,"2,016",CER
13/01/2022,CARBON NEUTRAL PTY LTD,78,CER
13/01/2022,CHEVRON AUSTRALIA PTY LTD,"79,999",KACCU
12/01/2022,CHEVRON AUSTRALIA PTY LTD,1,KACCU
12/01/2022,"Natural Capital Partners Americas, LLC","15,000",CER
05/01/2022,CARBON NEUTRAL PTY LTD,35,CER
29/12/2021,"Natural Capital Partners Americas, LLC","21,000",CER
29/12/2021,"Natural Capital Partners Americas, LLC","8,942",CER
24/12/2021,CARBON NEUTRAL PTY LTD,"5,000",CER
24/12/2021,EnergyAustralia Pty Ltd,"736,274",CER
24/12/2021,Carbon Financial Services Pty. Ltd.,"220,000",CER
23/12/2021,Tasman Environmental Markets Pty Ltd,"1,065",CER
23/12/2021,Tasman Environmental Markets Pty Ltd,420,KACCU
23/12/2021,Tasman Environmental Markets Pty Ltd,"39,500",CER
23/12/2021,CARBON NEUTRAL PTY LTD,100,CER
22/12/2021,CARBON NEUTRAL PTY LTD,"1,901",CER
22/12/2021,Tasman Environmental Markets Pty Ltd,"6,570",CER
22/12/2021,Tasman Environmental Markets Pty Ltd,"2,430",KACCU
22/12/2021,Tasman Environmental Markets Pty Ltd,"17,280",CER
22/12/2021,CARBON NEUTRAL PTY LTD,"2,000",KACCU
22/12/2021,South Pole Australia Financial Services Pty Ltd,"4,000",KACCU
22/12/2021,South Pole Australia Financial Services Pty Ltd,"1,716",KACCU
22/12/2021,Tasman Environmental Markets Pty Ltd,"1,920",KACCU
22/12/2021,Tasman Environmental Markets Pty Ltd,"2,400",KACCU
22/12/2021,Tasman Environmental Markets Pty Ltd,297,KACCU
21/12/2021,Tasman Environmental Markets Pty Ltd,183,KACCU
21/12/2021,Tasman Environmental Markets Pty Ltd,"3,300",CER
21/12/2021,Tasman Environmental Markets Pty Ltd,"1,100",KACCU
21/12/2021,Tasman Environmental Markets Pty Ltd,"50,000",CER
21/12/2021,Tasman Environmental Markets Pty Ltd,"7,000",KACCU
21/12/2021,Carbon Financial Services Pty. Ltd.,"30,000",CER
21/12/2021,Carbon Financial Services Pty. Ltd.,64,KACCU
20/12/2021,Carbon Financial Services Pty. Ltd.,"201,998",CER
20/12/2021,Aboriginal Carbon Fund Limited,2,KACCU
20/12/2021,Tasman Environmental Markets Pty Ltd,"2,899",KACCU
20/12/2021,Tasman Environmental Markets Pty Ltd,"6,763",CER
20/12/2021,CARBON NEUTRAL PTY LTD,145,CER
17/12/2021,Carbon Financial Services Pty. Ltd.,"1,338",CER
17/12/2021,Corporate Carbon Advisory Pty Ltd,554,KACCU
15/12/2021,CARBON NEUTRAL PTY LTD,637,CER
15/12/2021,CARBON NEUTRAL PTY LTD,225,CER
15/12/2021,Tasman Environmental Markets Pty Ltd,"1,372",CER
15/12/2021,Tasman Environmental Markets Pty Ltd,76,KACCU
15/12/2021,Carbon Financial Services Pty. Ltd.,"14,000",CER
15/12/2021,Carbon Financial Services Pty. Ltd.,65,KACCU
15/12/2021,Carbon Financial Services Pty. Ltd.,"6,198",CER
15/12/2021,Carbon Financial Services Pty. Ltd.,"36,600",CER
14/12/2021,Enviro-Mark Solutions Limited,816,CER
14/12/2021,LMS Energy Pty Ltd,"3,400",KACCU
13/12/2021,Tasman Environmental Markets Pty Ltd,283,CER
13/12/2021,Tasman Environmental Markets Pty Ltd,"1,500",KACCU
10/12/2021,Carbon Financial Services Pty. Ltd.,"1,000",CER
09/12/2021,CARBON NEUTRAL PTY LTD,35,CER
09/12/2021,Terra Carbon Pty Ltd,37,KACCU
07/12/2021,"Natural Capital Partners Americas, LLC","2,515",CER
06/12/2021,Australian CO2 Exchange Pty Ltd,1,KACCU
06/12/2021,Cooper Energy Limited,12,KACCU
03/12/2021,Carbon Financial Services Pty. Ltd.,52,KACCU
02/12/2021,South Australian Water Corporation,"3,734",KACCU
01/12/2021,Tasman Environmental Markets Pty Ltd,221,CER
01/12/2021,Tasman Environmental Markets Pty Ltd,74,KACCU
01/12/2021,Tasman Environmental Markets Pty Ltd,"4,524",KACCU
30/11/2021,Aboriginal Carbon Fund Limited,12,KACCU
29/11/2021,Tasman Environmental Markets Pty Ltd,37,KACCU
29/11/2021,Terra Carbon Pty Ltd,38,KACCU
26/11/2021,LGI Limited,19,KACCU
26/11/2021,Carbon Financial Services Pty. Ltd.,"3,200",KACCU
25/11/2021,CARBON NEUTRAL PTY LTD,81,CER
24/11/2021,Tasman Environmental Markets Pty Ltd,"11,122",CER
24/11/2021,Tasman Environmental Markets Pty Ltd,"12,862",CER
24/11/2021,Tasman Environmental Markets Pty Ltd,69,CER
24/11/2021,Tasman Environmental Markets Pty Ltd,20,KACCU
23/11/2021,Tasman Environmental Markets Pty Ltd,"60,000",CER
22/11/2021,CARBON NEUTRAL PTY LTD,780,CER
22/11/2021,Climate Friendly Financial Solutions Pty Limited,440,KACCU
22/11/2021,Climate Friendly Financial Solutions Pty Limited,220,KACCU
19/11/2021,Corporate Carbon Advisory Pty Ltd,180,KACCU
19/11/2021,Carbon Financial Services Pty. Ltd.,66,KACCU
19/11/2021,Carbon Financial Services Pty. Ltd.,"2,193",KACCU
19/11/2021,Corporate Carbon Advisory Pty Ltd,638,KACCU
18/11/2021,CARBON NEUTRAL PTY LTD,"1,500",CER
18/11/2021,CARBON NEUTRAL PTY LTD,"1,500",CER
18/11/2021,EKI Energy Services Limited,"154,354",CER
18/11/2021,Macquarie Bank Limited,"2,000",KACCU
18/11/2021,CARBON NEUTRAL PTY LTD,156,CER
16/11/2021,Tasman Environmental Markets Pty Ltd,"6,313",KACCU
15/11/2021,EKI Energy Services Limited,"300,000",CER
15/11/2021,CARBON NEUTRAL PTY LTD,"51,000",CER
15/11/2021,South Pole Australia Financial Services Pty Ltd,620,KACCU
12/11/2021,Aboriginal Carbon Fund Limited,58,KACCU
11/11/2021,Commonwealth Bank of Australia,"75,457",KACCU
11/11/2021,Commonwealth Bank of Australia,"18,011",KACCU
11/11/2021,CARBON NEUTRAL PTY LTD,65,CER
11/11/2021,Commonwealth Bank of Australia,"2,450",KACCU
11/11/2021,Commonwealth Bank of Australia,"1,082",KACCU
10/11/2021,Aboriginal Carbon Fund Limited,10,KACCU
10/11/2021,CARBON NEUTRAL PTY LTD,"3,454",CER
10/11/2021,Corporate Carbon Advisory Pty Ltd,578,KACCU
09/11/2021,CARBON NEUTRAL PTY LTD,487,CER
09/11/2021,Carbon Financial Services Pty. Ltd.,"28,539",CER
09/11/2021,South Pole Australia Financial Services Pty Ltd,"1,200",KACCU
08/11/2021,CARBON NEUTRAL PTY LTD,300,CER
08/11/2021,CARBON NEUTRAL PTY LTD,91,CER
08/11/2021,Tasman Environmental Markets Pty Ltd,296,KACCU
05/11/2021,WeAct Pty Ltd,"35,000",CER
04/11/2021,Climate Friendly Pty Ltd,16,KACCU
03/11/2021,CARBON NEUTRAL PTY LTD,35,CER
03/11/2021,Virgin Australia Airlines Pty Ltd,703,KACCU
01/11/2021,Tasman Environmental Markets Pty Ltd,"1,506",CER
01/11/2021,Tasman Environmental Markets Pty Ltd,435,CER
01/11/2021,Tasman Environmental Markets Pty Ltd,145,KACCU
01/11/2021,Virgin Australia Airlines Pty Ltd,"9,358",KACCU
01/11/2021,Virgin Australia Airlines Pty Ltd,888,CER
01/11/2021,Virgin Australia Regional Airlines Pty Ltd,"3,956",KACCU
29/10/2021,Carbon Financial Services Pty. Ltd.,361,KACCU
29/10/2021,Carbon Financial Services Pty. Ltd.,"44,300",CER
29/10/2021,Carbon Financial Services Pty. Ltd.,"331,500",CER
28/10/2021,Enviro-Mark Solutions Limited,7,CER
27/10/2021,Terra Carbon Pty Ltd,840,KACCU
26/10/2021,The Sigma Global Company Pty Limited,500,KACCU
26/10/2021,The Sigma Global Company Pty Limited,"1,500",CER
26/10/2021,Carbon Financial Services Pty. Ltd.,"85,610",CER
26/10/2021,South Pole Australia Financial Services Pty Ltd,494,KACCU
25/10/2021,Carbon Financial Services Pty. Ltd.,750,KACCU
25/10/2021,CARBON NEUTRAL PTY LTD,38,CER
25/10/2021,South Pole Australia Financial Services Pty Ltd,524,KACCU
22/10/2021,Carbon Financial Services Pty. Ltd.,"1,500",KACCU
21/10/2021,Tasman Environmental Markets Pty Ltd,"3,060",CER
21/10/2021,Tasman Environmental Markets Pty Ltd,340,KACCU
20/10/2021,Aboriginal Carbon Fund Limited,75,KACCU
20/10/2021,Aboriginal Carbon Fund Limited,"1,120",KACCU
20/10/2021,Australian Carbon Traders Pty Ltd,25,NKACCU
19/10/2021,Tasman Environmental Markets Pty Ltd,273,KACCU
19/10/2021,The Sigma Global Company Pty Limited,"250,000",CER
19/10/2021,Carbon Financial Services Pty. Ltd.,"12,390",CER
18/10/2021,CARBON NEUTRAL PTY LTD,26,CER
18/10/2021,Climate Friendly Financial Solutions Pty Limited,600,KACCU
18/10/2021,Climate Friendly Financial Solutions Pty Limited,700,KACCU
18/10/2021,Climate Friendly Financial Solutions Pty Limited,700,KACCU
15/10/2021,Tasman Environmental Markets Pty Ltd,337,CER
15/10/2021,Aboriginal Carbon Fund Limited,6,KACCU
15/10/2021,Climate Friendly Financial Solutions Pty Limited,"7,006",KACCU
15/10/2021,Tasman Environmental Markets Pty Ltd,575,CER
14/10/2021,The Sigma Global Company Pty Limited,"215,000",CER
14/10/2021,CARBON NEUTRAL PTY LTD,125,CER
14/10/2021,South Pole Australia Financial Services Pty Ltd,295,KACCU
13/10/2021,CARBON NEUTRAL PTY LTD,"2,017",CER
13/10/2021,South Pole Australia Financial Services Pty Ltd,79,KACCU
13/10/2021,South Pole Australia Financial Services Pty Ltd,315,KACCU
12/10/2021,CARBON NEUTRAL PTY LTD,201,CER
12/10/2021,The Sigma Global Company Pty Limited,"250,000",CER
12/10/2021,CARBON NEUTRAL PTY LTD,"4,735",KACCU
12/10/2021,LGI Limited,351,KACCU
11/10/2021,CARBON NEUTRAL PTY LTD,46,CER
11/10/2021,CARBON NEUTRAL PTY LTD,"2,000",CER
11/10/2021,CARBON NEUTRAL PTY LTD,90,CER
08/10/2021,Tasman Environmental Markets Pty Ltd,"22,490",CER
08/10/2021,Tasman Environmental Markets Pty Ltd,"6,426",KACCU
08/10/2021,Tasman Environmental Markets Pty Ltd,339,KACCU
08/10/2021,Tasman Environmental Markets Pty Ltd,956,KACCU
08/10/2021,Tasman Environmental Markets Pty Ltd,"118,673",KACCU
08/10/2021,Climate Friendly Financial Solutions Pty Limited,15,KACCU
08/10/2021,Climate Friendly Financial Solutions Pty Limited,"1,000",KACCU
08/10/2021,Climate Friendly Financial Solutions Pty Limited,9,KACCU
08/10/2021,Climate Friendly Financial Solutions Pty Limited,21,KACCU
06/10/2021,Terra Carbon Pty Ltd,194,KACCU
06/10/2021,Terra Carbon Pty Ltd,"1,000",KACCU
06/10/2021,Terra Carbon Pty Ltd,3,KACCU
06/10/2021,Tasman Environmental Markets Pty Ltd,"1,068",CER
06/10/2021,Tasman Environmental Markets Pty Ltd,92,KACCU
06/10/2021,Aboriginal Carbon Fund Limited,250,KACCU
05/10/2021,CARBON NEUTRAL PTY LTD,285,KACCU
05/10/2021,CARBON NEUTRAL PTY LTD,230,CER
05/10/2021,CARBON NEUTRAL PTY LTD,40,CER
05/10/2021,CARBON NEUTRAL PTY LTD,893,CER
02/10/2021,Aboriginal Carbon Fund Limited,85,KACCU
01/10/2021,Tasman Environmental Markets Pty Ltd,133,CER
01/10/2021,Corporate Carbon Advisory Pty Ltd,"6,693",KACCU
01/10/2021,Australian Carbon Traders Pty Ltd,25,CER
30/09/2021,Carbon Financial Services Pty. Ltd.,"1,187,661",CER
30/09/2021,South Pole Australia Financial Services Pty Ltd,240,KACCU
29/09/2021,Aboriginal Carbon Fund Limited,54,KACCU
29/09/2021,Aboriginal Carbon Fund Limited,850,KACCU
29/09/2021,Carbon Financial Services Pty. Ltd.,"5,080",KACCU
28/09/2021,Cooper Energy Limited,"4,340",KACCU
28/09/2021,Enviro-Mark Solutions Limited,"5,385",CER
28/09/2021,Enviro-Mark Solutions Limited,"4,304",CER
27/09/2021,Tasman Environmental Markets Pty Ltd,"1,410",KACCU
27/09/2021,Aboriginal Carbon Fund Limited,764,KACCU
23/09/2021,Climate Friendly Financial Solutions Pty Limited,104,KACCU
23/09/2021,The Sigma Global Company Pty Limited,"123,750",CER
23/09/2021,Jarden Australia Pty Ltd,134,KACCU
22/09/2021,South Pole Australia Financial Services Pty Ltd,"1,000",KACCU
22/09/2021,Tasman Environmental Markets Pty Ltd,"15,862",KACCU
22/09/2021,CARBON NEUTRAL PTY LTD,"1,171",CER
22/09/2021,Brisbane City Council,"25,140",KACCU
21/09/2021,Corporate Carbon Advisory Pty Ltd,716,KACCU
21/09/2021,Aboriginal Carbon Fund Limited,25,KACCU
20/09/2021,CARBON NEUTRAL PTY LTD,57,CER
20/09/2021,Jarden Australia Pty Ltd,333,KACCU
20/09/2021,Jarden Australia Pty Ltd,333,KACCU
20/09/2021,Jarden Australia Pty Ltd,334,KACCU
15/09/2021,Carbon Estate Pty Ltd,65,KACCU
15/09/2021,Aboriginal Carbon Fund Limited,20,KACCU
13/09/2021,CARBON NEUTRAL PTY LTD,864,CER
13/09/2021,Enviro-Mark Solutions Limited,9,CER
10/09/2021,The Sigma Global Company Pty Limited,"2,199",KACCU
09/09/2021,Terra Carbon Pty Ltd,"5,000",KACCU
06/09/2021,Enviro-Mark Solutions Limited,202,CER
03/09/2021,Tasman Environmental Markets Pty Ltd,"1,775",CER
03/09/2021,"Natural Capital Partners Americas, LLC","143,076",CER
02/09/2021,Aboriginal Carbon Fund Limited,10,KACCU
01/09/2021,Water Corporation,"50,446",KACCU
01/09/2021,Aboriginal Carbon Fund Limited,14,KACCU
01/09/2021,Tasman Environmental Markets Pty Ltd,"2,665",CER
01/09/2021,Aboriginal Carbon Fund Limited,282,KACCU
31/08/2021,Tasman Environmental Markets Pty Ltd,"26,381",CER
31/08/2021,Tasman Environmental Markets Pty Ltd,"34,692",CER
31/08/2021,Tasman Environmental Markets Pty Ltd,"4,420",CER
31/08/2021,Tasman Environmental Markets Pty Ltd,115,KACCU
31/08/2021,CARBON NEUTRAL PTY LTD,20,CER
31/08/2021,Biodiverse Carbon Conservation Pty Limited,"42,643",CER
30/08/2021,Australia and New Zealand Banking Group Limited,"139,000",CER
30/08/2021,Australia and New Zealand Banking Group Limited,450,KACCU
28/08/2021,Corporate Carbon Advisory Pty Ltd,3,KACCU
27/08/2021,Enviro-Mark Solutions Limited,6,CER
27/08/2021,Enviro-Mark Solutions Limited,15,CER
27/08/2021,Enviro-Mark Solutions Limited,22,CER
27/08/2021,Enviro-Mark Solutions Limited,59,CER
27/08/2021,Aboriginal Carbon Fund Limited,"28,034",KACCU
19/08/2021,South Pole Australia Financial Services Pty Ltd,254,KACCU
19/08/2021,South Pole Australia Financial Services Pty Ltd,194,KACCU
17/08/2021,CARBON NEUTRAL PTY LTD,"1,406",CER
10/08/2021,The Sigma Global Company Pty Limited,450,KACCU
09/08/2021,CARBON NEUTRAL PTY LTD,310,CER
09/08/2021,Aboriginal Carbon Fund Limited,533,KACCU
09/08/2021,Carbon Financial Services Pty. Ltd.,"1,416",CER
06/08/2021,Tasman Environmental Markets Pty Ltd,235,KACCU
05/08/2021,CARBON NEUTRAL PTY LTD,193,CER
04/08/2021,Tasman Environmental Markets Pty Ltd,"3,150",KACCU
03/08/2021,Tasman Environmental Markets Pty Ltd,"3,150",KACCU
03/08/2021,Tasman Environmental Markets Pty Ltd,"97,598",CER
03/08/2021,Brokers Carbon Pty Ltd,"122,968",CER
03/08/2021,Brokers Carbon Pty Ltd,"33,382",CER
03/08/2021,Brokers Carbon Pty Ltd,2,CER
03/08/2021,Brokers Carbon Pty Ltd,1,CER
30/07/2021,South Pole Australia Financial Services Pty Ltd,"1,520",KACCU
30/07/2021,AGL HP1 Pty Limited,"1,000",KACCU
29/07/2021,Aboriginal Carbon Fund Limited,69,KACCU
29/07/2021,Tasman Environmental Markets Pty Ltd,"3,333",KACCU
29/07/2021,South Pole Australia Financial Services Pty Ltd,"4,900",KACCU
28/07/2021,Macquarie Bank Limited,"9,500",KACCU
27/07/2021,"Natural Capital Partners Americas, LLC","2,309",CER
27/07/2021,"Natural Capital Partners Americas, LLC","20,560",CER
27/07/2021,"Natural Capital Partners Americas, LLC","12,604",CER
27/07/2021,"Natural Capital Partners Americas, LLC",121,CER
27/07/2021,"Natural Capital Partners Americas, LLC",67,CER
27/07/2021,"Natural Capital Partners Americas, LLC",392,CER
27/07/2021,"Natural Capital Partners Americas, LLC","14,855",CER
27/07/2021,"Natural Capital Partners Americas, LLC","4,000",CER
27/07/2021,"Natural Capital Partners Americas, LLC","10,602",CER
27/07/2021,"Natural Capital Partners Americas, LLC",100,CER
27/07/2021,"Natural Capital Partners Americas, LLC","4,260",CER
27/07/2021,"Natural Capital Partners Americas, LLC",200,CER
27/07/2021,"Natural Capital Partners Americas, LLC","1,240",CER
27/07/2021,"Natural Capital Partners Americas, LLC","2,820",CER
27/07/2021,"Natural Capital Partners Americas, LLC",895,CER
27/07/2021,"Natural Capital Partners Americas, LLC","1,391",CER
27/07/2021,"Natural Capital Partners Americas, LLC","2,500",CER
27/07/2021,"Natural Capital Partners Americas, LLC","2,000",CER
27/07/2021,"Natural Capital Partners Americas, LLC","2,000",CER
27/07/2021,"Natural Capital Partners Americas, LLC",500,CER
27/07/2021,"Natural Capital Partners Americas, LLC","20,000",CER
27/07/2021,"Natural Capital Partners Americas, LLC","5,305",CER
27/07/2021,"Natural Capital Partners Americas, LLC","5,200",CER
27/07/2021,"Natural Capital Partners Americas, LLC","3,594",CER
27/07/2021,"Natural Capital Partners Americas, LLC","13,587",CER
27/07/2021,"Natural Capital Partners Americas, LLC","5,000",CER
27/07/2021,"Natural Capital Partners Americas, LLC","2,500",CER
27/07/2021,"Natural Capital Partners Americas, LLC","2,350",CER
27/07/2021,"Natural Capital Partners Americas, LLC",10,CER
27/07/2021,"Natural Capital Partners Americas, LLC",250,CER
27/07/2021,"Natural Capital Partners Americas, LLC",250,CER
27/07/2021,"Natural Capital Partners Americas, LLC",200,CER
27/07/2021,"Natural Capital Partners Americas, LLC","2,860",CER
27/07/2021,"Natural Capital Partners Americas, LLC","50,118",CER
27/07/2021,"Natural Capital Partners Americas, LLC","73,005",CER
27/07/2021,"Natural Capital Partners Americas, LLC","1,000",CER
27/07/2021,"Natural Capital Partners Americas, LLC","8,150",CER
27/07/2021,"Natural Capital Partners Americas, LLC",551,CER
27/07/2021,"Natural Capital Partners Americas, LLC",467,CER
27/07/2021,"Natural Capital Partners Americas, LLC",145,CER
27/07/2021,"Natural Capital Partners Americas, LLC",941,CER
27/07/2021,"Natural Capital Partners Americas, LLC","2,430",CER
26/07/2021,Yarra Valley Water Corporation,"18,656",CER
26/07/2021,Yarra Valley Water Corporation,"3,570",CER
23/07/2021,South Pole Australia Financial Services Pty Ltd,500,KACCU
23/07/2021,"Natural Capital Partners Americas, LLC","12,000",CER
22/07/2021,Tasman Environmental Markets Pty Ltd,"1,536",KACCU
21/07/2021,Biodiverse Carbon Conservation Pty Limited,"2,100",CER
21/07/2021,Biodiverse Carbon Conservation Pty Limited,"1,200",CER
16/07/2021,Tasman Environmental Markets Pty Ltd,"6,674",KACCU
15/07/2021,South Pole Australia Financial Services Pty Ltd,"1,902",KACCU
15/07/2021,Tasman Environmental Markets Pty Ltd,"3,080",CER
15/07/2021,Tasman Environmental Markets Pty Ltd,80,KACCU
15/07/2021,Enviro-Mark Solutions Limited,2,CER
14/07/2021,CARBON NEUTRAL PTY LTD,35,CER
14/07/2021,CARBON NEUTRAL PTY LTD,"1,114",CER
14/07/2021,Tasman Environmental Markets Pty Ltd,"6,360",CER
14/07/2021,Tasman Environmental Markets Pty Ltd,"2,446",KACCU
13/07/2021,CARBON NEUTRAL PTY LTD,"2,000",CER
13/07/2021,Aboriginal Carbon Fund Limited,56,KACCU
13/07/2021,Aboriginal Carbon Fund Limited,298,KACCU
13/07/2021,Corporate Carbon Advisory Pty Ltd,39,KACCU
13/07/2021,Corporate Carbon Advisory Pty Ltd,"1,450",KACCU
13/07/2021,Corporate Carbon Advisory Pty Ltd,"6,508",KACCU
13/07/2021,Corporate Carbon Advisory Pty Ltd,150,KACCU
12/07/2021,CARBON NEUTRAL PTY LTD,35,CER
12/07/2021,CARBON NEUTRAL PTY LTD,45,CER
12/07/2021,CARBON NEUTRAL PTY LTD,500,CER
12/07/2021,CARBON NEUTRAL PTY LTD,54,CER
12/07/2021,CARBON NEUTRAL PTY LTD,74,CER
09/07/2021,Tasman Environmental Markets Pty Ltd,636,KACCU
07/07/2021,CARBON NEUTRAL PTY LTD,35,CER
07/07/2021,CARBON NEUTRAL PTY LTD,35,CER
07/07/2021,CARBON NEUTRAL PTY LTD,394,CER
07/07/2021,CARBON NEUTRAL PTY LTD,24,CER
07/07/2021,Carbon Financial Services Pty. Ltd.,"2,920",KACCU
07/07/2021,Carbon Financial Services Pty. Ltd.,"9,374",KACCU
07/07/2021,Aboriginal Carbon Fund Limited,500,KACCU
06/07/2021,Tasman Environmental Markets Pty Ltd,286,KACCU
06/07/2021,CARBON NEUTRAL PTY LTD,915,CER
06/07/2021,South Pole Australia Financial Services Pty Ltd,"13,200",KACCU
05/07/2021,CARBON NEUTRAL PTY LTD,430,CER
05/07/2021,CARBON NEUTRAL PTY LTD,72,CER
05/07/2021,CARBON NEUTRAL PTY LTD,39,CER
05/07/2021,CARBON NEUTRAL PTY LTD,"20,000",CER
05/07/2021,South Pole Australia Financial Services Pty Ltd,58,KACCU
01/07/2021,CARBON NEUTRAL PTY LTD,555,CER
01/07/2021,CARBON NEUTRAL PTY LTD,"2,131",CER
01/07/2021,"Natural Capital Partners Americas, LLC","1,249",CER
01/07/2021,"Natural Capital Partners Americas, LLC","12,799",CER
01/07/2021,Aboriginal Carbon Fund Limited,100,KACCU
30/06/2021,Corporate Carbon Advisory Pty Ltd,915,KACCU
30/06/2021,Tasman Environmental Markets Pty Ltd,"1,104",KACCU
30/06/2021,Tasman Environmental Markets Pty Ltd,340,KACCU
30/06/2021,Carbon Financial Services Pty. Ltd.,"9,000",KACCU
30/06/2021,Terra Carbon Pty Ltd,"1,100",KACCU
29/06/2021,Terra Carbon Pty Ltd,"40,000",KACCU
29/06/2021,Jarden Australia Pty Ltd,250,KACCU
29/06/2021,Enviro-Mark Solutions Limited,34,CER
29/06/2021,Enviro-Mark Solutions Limited,4,CER
29/06/2021,Enviro-Mark Solutions Limited,3,CER
29/06/2021,Enviro-Mark Solutions Limited,6,CER
29/06/2021,Enviro-Mark Solutions Limited,"1,472",CER
28/06/2021,EKI Energy Services Limited,"3,000",CER
28/06/2021,Aboriginal Carbon Fund Limited,282,KACCU
24/06/2021,Tasman Environmental Markets Pty Ltd,"20,879",CER
24/06/2021,Tasman Environmental Markets Pty Ltd,"20,879",CER
24/06/2021,Tasman Environmental Markets Pty Ltd,"14,205",CER
24/06/2021,Tasman Environmental Markets Pty Ltd,"1,445",CER
24/06/2021,Tasman Environmental Markets Pty Ltd,"2,665",CER
22/06/2021,CARBON NEUTRAL PTY LTD,200,CER
22/06/2021,CARBON NEUTRAL PTY LTD,159,CER
21/06/2021,Biodiverse Carbon Conservation Pty Limited,"2,000",KACCU
18/06/2021,CARBON NEUTRAL PTY LTD,495,CER
18/06/2021,Enviro-Mark Solutions Limited,"25,325",CER
17/06/2021,Climate Friendly Financial Solutions Pty Limited,"7,000",KACCU
17/06/2021,Tasman Environmental Markets Pty Ltd,769,KACCU
17/06/2021,Tasman Environmental Markets Pty Ltd,"6,923",CER
17/06/2021,Aboriginal Carbon Fund Limited,194,KACCU
15/06/2021,EnergyAustralia Pty Ltd,"17,632",KACCU
15/06/2021,EnergyAustralia Pty Ltd,"4,488",KACCU
15/06/2021,EnergyAustralia Pty Ltd,"1,880",NKACCU
15/06/2021,EnergyAustralia Pty Ltd,"203,506",CER
11/06/2021,CARBON NEUTRAL PTY LTD,"1,205",CER
11/06/2021,CARBON NEUTRAL PTY LTD,"20,000",CER
04/06/2021,Aboriginal Carbon Fund Limited,539,KACCU
04/06/2021,Carbon Financial Services Pty. Ltd.,"16,821",KACCU
04/06/2021,Terra Carbon Pty Ltd,611,KACCU
04/06/2021,Terra Carbon Pty Ltd,40,KACCU
04/06/2021,Perenia Pty Ltd,"17,080",CER
04/06/2021,South Pole Australia Financial Services Pty Ltd,"5,000",KACCU
03/06/2021,South Pole Australia Financial Services Pty Ltd,"1,000",KACCU
03/06/2021,"Natural Capital Partners Americas, LLC","2,000",CER
02/06/2021,CARBON NEUTRAL PTY LTD,33,CER
02/06/2021,CARBON NEUTRAL PTY LTD,25,CER
02/06/2021,CARBON NEUTRAL PTY LTD,20,CER
02/06/2021,CARBON NEUTRAL PTY LTD,380,CER
02/06/2021,CARBON NEUTRAL PTY LTD,150,CER
02/06/2021,CARBON NEUTRAL PTY LTD,59,CER
02/06/2021,CARBON NEUTRAL PTY LTD,35,CER
02/06/2021,CARBON NEUTRAL PTY LTD,224,CER
02/06/2021,CARBON NEUTRAL PTY LTD,50,CER
02/06/2021,CARBON NEUTRAL PTY LTD,35,CER
02/06/2021,CARBON NEUTRAL PTY LTD,27,CER
02/06/2021,CARBON NEUTRAL PTY LTD,35,CER
02/06/2021,CARBON NEUTRAL PTY LTD,60,CER
02/06/2021,CARBON NEUTRAL PTY LTD,30,CER
02/06/2021,CARBON NEUTRAL PTY LTD,35,CER
02/06/2021,CARBON NEUTRAL PTY LTD,65,CER
02/06/2021,CARBON NEUTRAL PTY LTD,35,CER
02/06/2021,CARBON NEUTRAL PTY LTD,35,CER
02/06/2021,CARBON NEUTRAL PTY LTD,98,CER
02/06/2021,CARBON NEUTRAL PTY LTD,27,CER
02/06/2021,CARBON NEUTRAL PTY LTD,30,CER
02/06/2021,CARBON NEUTRAL PTY LTD,27,CER
02/06/2021,CARBON NEUTRAL PTY LTD,350,CER
02/06/2021,CARBON NEUTRAL PTY LTD,27,CER
02/06/2021,CARBON NEUTRAL PTY LTD,39,CER
02/06/2021,Origin Energy Electricity Ltd,"5,527",KACCU
02/06/2021,CARBON NEUTRAL PTY LTD,35,CER
02/06/2021,CARBON NEUTRAL PTY LTD,27,CER
02/06/2021,CARBON NEUTRAL PTY LTD,105,CER
02/06/2021,CARBON NEUTRAL PTY LTD,86,CER
02/06/2021,CARBON NEUTRAL PTY LTD,27,CER
02/06/2021,Enviro-Mark Solutions Limited,10,CER
02/06/2021,Enviro-Mark Solutions Limited,16,CER
01/06/2021,CARBON NEUTRAL PTY LTD,602,CER
01/06/2021,Carbon Financial Services Pty. Ltd.,30,KACCU
01/06/2021,Carbon Financial Services Pty. Ltd.,70,KACCU
31/05/2021,CARBON NEUTRAL PTY LTD,75,CER
31/05/2021,CARBON NEUTRAL PTY LTD,90,CER
31/05/2021,CARBON NEUTRAL PTY LTD,35,CER
31/05/2021,CARBON NEUTRAL PTY LTD,610,CER
31/05/2021,EKI Energy Services Limited,"240,539",CER
31/05/2021,EKI Energy Services Limited,"874,730",CER
31/05/2021,EKI Energy Services Limited,"874,730",CER
31/05/2021,South Australian Water Corporation,"9,973",KACCU
31/05/2021,Aboriginal Carbon Fund Limited,70,KACCU
31/05/2021,Enviro-Mark Solutions Limited,200,CER
31/05/2021,Enviro-Mark Solutions Limited,"5,902",CER
31/05/2021,Carbon Financial Services Pty. Ltd.,"680,327",CER
28/05/2021,Terra Carbon Pty Ltd,264,KACCU
28/05/2021,The Sigma Global Company Pty Limited,"2,665",KACCU
27/05/2021,Carbon Financial Services Pty. Ltd.,"237,000",CER
26/05/2021,EKI Energy Services Limited,"10,000",CER
26/05/2021,CARBON NEUTRAL PTY LTD,500,CER
26/05/2021,Aboriginal Carbon Fund Limited,32,KACCU
25/05/2021,Tasman Environmental Markets Pty Ltd,37,KACCU
25/05/2021,"Natural Capital Partners Americas, LLC","86,949",CER
24/05/2021,EKI Energy Services Limited,"27,264",CER
24/05/2021,Aboriginal Carbon Fund Limited,111,KACCU
22/05/2021,"Natural Capital Partners Americas, LLC",223,CER
21/05/2021,Aboriginal Carbon Fund Limited,98,KACCU
21/05/2021,Tasman Environmental Markets Pty Ltd,"55,252",KACCU
20/05/2021,EKI Energy Services Limited,"61,519",CER
20/05/2021,CARBON NEUTRAL PTY LTD,164,CER
20/05/2021,CARBON NEUTRAL PTY LTD,50,CER
20/05/2021,Aboriginal Carbon Fund Limited,300,KACCU
20/05/2021,South Pole Australia Financial Services Pty Ltd,800,KACCU
20/05/2021,Tasman Environmental Markets Pty Ltd,"2,000",CER
20/05/2021,Tasman Environmental Markets Pty Ltd,307,KACCU
19/05/2021,EKI Energy Services Limited,1,CER
19/05/2021,Aboriginal Carbon Fund Limited,528,KACCU
19/05/2021,Aboriginal Carbon Fund Limited,528,KACCU
18/05/2021,"Natural Capital Partners Americas, LLC","1,500",CER
18/05/2021,Aboriginal Carbon Fund Limited,"1,000",KACCU
18/05/2021,"Natural Capital Partners Americas, LLC","1,500",CER
18/05/2021,Aboriginal Carbon Fund Limited,"1,000",KACCU
17/05/2021,Tasman Environmental Markets Pty Ltd,74,KACCU
14/05/2021,Aboriginal Carbon Fund Limited,100,KACCU
14/05/2021,Carbon Financial Services Pty. Ltd.,"5,080",KACCU
14/05/2021,Carbon Financial Services Pty. Ltd.,"9,524",KACCU
13/05/2021,EKI Energy Services Limited,81,CER
13/05/2021,EKI Energy Services Limited,"97,594",CER
13/05/2021,CO2 Australia Limited,"2,500",KACCU
13/05/2021,Tasman Environmental Markets Pty Ltd,387,KACCU
13/05/2021,Tasman Environmental Markets Pty Ltd,4,KACCU
13/05/2021,"Natural Capital Partners Americas, LLC","14,600",CER
13/05/2021,"Natural Capital Partners Americas, LLC","12,450",CER
12/05/2021,CARBON NEUTRAL PTY LTD,35,CER
12/05/2021,CARBON NEUTRAL PTY LTD,283,CER
11/05/2021,Tasman Environmental Markets Pty Ltd,"1,702",CER
07/05/2021,Cooper Energy Limited,253,KACCU
06/05/2021,Enviro-Mark Solutions Limited,113,CER
05/05/2021,CARBON NEUTRAL PTY LTD,88,CER
05/05/2021,CARBON NEUTRAL PTY LTD,27,CER
05/05/2021,CARBON NEUTRAL PTY LTD,267,CER
05/05/2021,CARBON NEUTRAL PTY LTD,81,CER
05/05/2021,CARBON NEUTRAL PTY LTD,37,CER
05/05/2021,CARBON NEUTRAL PTY LTD,35,CER
05/05/2021,Boral Limited,"1,000",KACCU
05/05/2021,Cooper Energy Limited,213,KACCU
04/05/2021,CARBON NEUTRAL PTY LTD,27,CER
04/05/2021,CARBON NEUTRAL PTY LTD,229,CER
04/05/2021,CARBON NEUTRAL PTY LTD,35,CER
04/05/2021,CARBON NEUTRAL PTY LTD,54,CER
04/05/2021,CARBON NEUTRAL PTY LTD,50,CER
04/05/2021,Tasman Environmental Markets Pty Ltd,486,CER
03/05/2021,CARBON NEUTRAL PTY LTD,300,CER
03/05/2021,Aboriginal Carbon Fund Limited,16,KACCU
30/04/2021,CARBON NEUTRAL PTY LTD,35,CER
30/04/2021,CARBON NEUTRAL PTY LTD,27,CER
30/04/2021,CARBON NEUTRAL PTY LTD,27,CER
30/04/2021,CARBON NEUTRAL PTY LTD,35,CER
30/04/2021,CARBON NEUTRAL PTY LTD,155,CER
30/04/2021,Carbon Financial Services Pty. Ltd.,652,KACCU
30/04/2021,CARBON NEUTRAL PTY LTD,435,CER
29/04/2021,Tasman Environmental Markets Pty Ltd,"15,194",CER
29/04/2021,Aboriginal Carbon Fund Limited,196,KACCU
29/04/2021,Aboriginal Carbon Fund Limited,25,KACCU
29/04/2021,Aboriginal Carbon Fund Limited,32,KACCU
29/04/2021,Aboriginal Carbon Fund Limited,20,KACCU
27/04/2021,EKI Energy Services Limited,"9,392",CER
27/04/2021,EKI Energy Services Limited,"34,986",CER
27/04/2021,Virgin Australia Regional Airlines Pty Ltd,273,KACCU
27/04/2021,South Pole Australia Financial Services Pty Ltd,400,KACCU
27/04/2021,South Pole Australia Financial Services Pty Ltd,90,KACCU
27/04/2021,South Pole Australia Financial Services Pty Ltd,70,KACCU
24/04/2021,"Natural Capital Partners Americas, LLC",50,CER
24/04/2021,Carbon Financial Services Pty. Ltd.,"3,000",KACCU
24/04/2021,Carbon Financial Services Pty. Ltd.,"2,345",CER
24/04/2021,Carbon Financial Services Pty. Ltd.,"676,250",CER
24/04/2021,Carbon Financial Services Pty. Ltd.,"94,229",CER
23/04/2021,EKI Energy Services Limited,"6,243",CER
23/04/2021,Aboriginal Carbon Fund Limited,300,KACCU
22/04/2021,Tasman Environmental Markets Pty Ltd,196,CER
20/04/2021,CARBON NEUTRAL PTY LTD,47,CER
20/04/2021,CARBON NEUTRAL PTY LTD,48,CER
20/04/2021,CARBON NEUTRAL PTY LTD,38,CER
20/04/2021,CARBON NEUTRAL PTY LTD,48,CER
20/04/2021,CARBON NEUTRAL PTY LTD,591,CER
20/04/2021,Tasman Environmental Markets Pty Ltd,148,KACCU
16/04/2021,The Sigma Global Company Pty Limited,"1,000",KACCU
15/04/2021,Tasman Environmental Markets Pty Ltd,280,KACCU
15/04/2021,Tasman Environmental Markets Pty Ltd,550,KACCU
14/04/2021,Enviro-Mark Solutions Limited,187,CER
14/04/2021,Enviro-Mark Solutions Limited,21,CER
14/04/2021,South Pole Australia Financial Services Pty Ltd,234,KACCU
13/04/2021,CARBON NEUTRAL PTY LTD,48,CER
13/04/2021,CARBON NEUTRAL PTY LTD,27,CER
13/04/2021,CARBON NEUTRAL PTY LTD,27,CER
13/04/2021,CARBON NEUTRAL PTY LTD,110,CER
13/04/2021,CARBON NEUTRAL PTY LTD,223,CER
13/04/2021,Tasman Environmental Markets Pty Ltd,54,KACCU
12/04/2021,Enviro-Mark Solutions Limited,741,CER
12/04/2021,Enviro-Mark Solutions Limited,102,CER
12/04/2021,Tasman Environmental Markets Pty Ltd,"2,046",CER
12/04/2021,Tasman Environmental Markets Pty Ltd,477,CER
12/04/2021,Tasman Environmental Markets Pty Ltd,53,KACCU
12/04/2021,Tasman Environmental Markets Pty Ltd,372,CER
09/04/2021,Aboriginal Carbon Fund Limited,179,KACCU
08/04/2021,AGL HP1 Pty Limited,722,KACCU
08/04/2021,AGL HP1 Pty Limited,137,KACCU
08/04/2021,AGL HP1 Pty Limited,714,KACCU
08/04/2021,AGL HP1 Pty Limited,152,KACCU
08/04/2021,AGL HP1 Pty Limited,30,KACCU
08/04/2021,AGL HP1 Pty Limited,"2,867",KACCU
07/04/2021,Carbon Financial Services Pty. Ltd.,158,KACCU
06/04/2021,Climate Friendly Financial Solutions Pty Limited,122,KACCU
06/04/2021,Climate Friendly Financial Solutions Pty Limited,128,KACCU
06/04/2021,Climate Friendly Financial Solutions Pty Limited,204,KACCU
06/04/2021,Climate Friendly Financial Solutions Pty Limited,130,KACCU
06/04/2021,Climate Friendly Financial Solutions Pty Limited,157,KACCU
06/04/2021,Climate Friendly Financial Solutions Pty Limited,121,KACCU
06/04/2021,Climate Friendly Financial Solutions Pty Limited,587,KACCU
06/04/2021,Climate Friendly Financial Solutions Pty Limited,67,KACCU
06/04/2021,Climate Friendly Financial Solutions Pty Limited,521,KACCU
06/04/2021,Climate Friendly Financial Solutions Pty Limited,303,KACCU
06/04/2021,Climate Friendly Financial Solutions Pty Limited,292,KACCU
06/04/2021,Climate Friendly Financial Solutions Pty Limited,905,KACCU
06/04/2021,Climate Friendly Financial Solutions Pty Limited,236,KACCU
06/04/2021,Climate Friendly Financial Solutions Pty Limited,289,KACCU
06/04/2021,Climate Friendly Financial Solutions Pty Limited,199,KACCU
06/04/2021,Climate Friendly Financial Solutions Pty Limited,819,KACCU
06/04/2021,Climate Friendly Financial Solutions Pty Limited,303,KACCU
06/04/2021,Climate Friendly Financial Solutions Pty Limited,310,KACCU
06/04/2021,Climate Friendly Financial Solutions Pty Limited,208,KACCU
06/04/2021,Climate Friendly Financial Solutions Pty Limited,454,KACCU
06/04/2021,Climate Friendly Financial Solutions Pty Limited,111,KACCU
06/04/2021,Climate Friendly Financial Solutions Pty Limited,198,KACCU
06/04/2021,Climate Friendly Financial Solutions Pty Limited,336,KACCU
02/04/2021,Perenia Pty Ltd,"47,939",CER
02/04/2021,Perenia Pty Ltd,"46,599",CER
02/04/2021,Perenia Pty Ltd,160,CER
02/04/2021,Perenia Pty Ltd,292,CER
01/04/2021,"Natural Capital Partners Americas, LLC","203,000",CER
31/03/2021,Tasman Environmental Markets Pty Ltd,"30,316",CER
31/03/2021,Tasman Environmental Markets Pty Ltd,"4,331",KACCU
31/03/2021,Tasman Environmental Markets Pty Ltd,"4,331",KACCU
31/03/2021,Carbon Financial Services Pty. Ltd.,"6,400",KACCU
30/03/2021,WeAct Pty Ltd,"123,529",CER
30/03/2021,Tasman Environmental Markets Pty Ltd,"1,296",CER
30/03/2021,Tasman Environmental Markets Pty Ltd,576,KACCU
30/03/2021,Tasman Environmental Markets Pty Ltd,"1,151",CER
29/03/2021,CARBON NEUTRAL PTY LTD,"2,500",CER
29/03/2021,CARBON NEUTRAL PTY LTD,36,CER
29/03/2021,CARBON NEUTRAL PTY LTD,100,CER
29/03/2021,CARBON NEUTRAL PTY LTD,32,CER
29/03/2021,CARBON NEUTRAL PTY LTD,54,CER
26/03/2021,Aboriginal Carbon Fund Limited,200,KACCU
25/03/2021,Tasman Environmental Markets Pty Ltd,230,KACCU
25/03/2021,Terra Carbon Pty Ltd,850,KACCU
18/03/2021,CARBON NEUTRAL PTY LTD,"23,900",CER
18/03/2021,South Pole Australia Financial Services Pty Ltd,75,KACCU
17/03/2021,CARBON NEUTRAL PTY LTD,14,KACCU
17/03/2021,CARBON NEUTRAL PTY LTD,16,KACCU
17/03/2021,CARBON NEUTRAL PTY LTD,45,KACCU
17/03/2021,CARBON NEUTRAL PTY LTD,35,KACCU
17/03/2021,CARBON NEUTRAL PTY LTD,148,KACCU
17/03/2021,CARBON NEUTRAL PTY LTD,250,KACCU
17/03/2021,CARBON NEUTRAL PTY LTD,22,KACCU
17/03/2021,CARBON NEUTRAL PTY LTD,6,KACCU
17/03/2021,CARBON NEUTRAL PTY LTD,35,KACCU
17/03/2021,CARBON NEUTRAL PTY LTD,59,KACCU
16/03/2021,Aboriginal Carbon Fund Limited,121,CER
15/03/2021,Enviro-Mark Solutions Limited,212,KACCU
15/03/2021,CARBON NEUTRAL PTY LTD,103,KACCU
12/03/2021,Aboriginal Carbon Fund Limited,"2,000",KACCU
10/03/2021,South Pole Australia Financial Services Pty Ltd,2,KACCU
09/03/2021,South Pole Australia Financial Services Pty Ltd,73,KACCU
05/03/2021,South Pole Australia Financial Services Pty Ltd,495,KACCU
05/03/2021,Corporate Carbon Advisory Pty Ltd,"1,950",KACCU
05/03/2021,Corporate Carbon Advisory Pty Ltd,"2,625",KACCU
05/03/2021,Corporate Carbon Advisory Pty Ltd,"5,000",KACCU
04/03/2021,Enviro-Mark Solutions Limited,140,CER
03/03/2021,CARBON NEUTRAL PTY LTD,293,CER
03/03/2021,CARBON NEUTRAL PTY LTD,150,CER
03/03/2021,CARBON NEUTRAL PTY LTD,"2,000",CER
03/03/2021,CARBON NEUTRAL PTY LTD,366,CER
03/03/2021,CARBON NEUTRAL PTY LTD,199,CER
03/03/2021,CARBON NEUTRAL PTY LTD,199,CER
03/03/2021,CARBON NEUTRAL PTY LTD,199,CER
03/03/2021,CARBON NEUTRAL PTY LTD,597,CER
03/03/2021,CARBON NEUTRAL PTY LTD,300,CER
02/03/2021,South Pole Australia Financial Services Pty Ltd,"7,000",KACCU
02/03/2021,WeAct Pty Ltd,"128,591",CER
02/03/2021,Clean Energy Finance Corporation,975,KACCU
01/03/2021,Carbon Financial Services Pty. Ltd.,720,KACCU
01/03/2021,Tasman Environmental Markets Pty Ltd,146,CER
25/02/2021,Tasman Environmental Markets Pty Ltd,119,KACCU
25/02/2021,Tasman Environmental Markets Pty Ltd,"1,605",KACCU
18/02/2021,EKI Energy Services Limited,"51,955",CER
15/02/2021,Aboriginal Carbon Fund Limited,80,KACCU
12/02/2021,Enviro-Mark Solutions Limited,479,CER
12/02/2021,Enviro-Mark Solutions Limited,188,CER
12/02/2021,Enviro-Mark Solutions Limited,48,CER
11/02/2021,South Pole Australia Financial Services Pty Ltd,"1,001",KACCU
11/02/2021,Tasman Environmental Markets Pty Ltd,100,KACCU
10/02/2021,Aboriginal Carbon Fund Limited,25,KACCU
08/02/2021,CARBON NEUTRAL PTY LTD,24,CER
08/02/2021,CARBON NEUTRAL PTY LTD,99,CER
08/02/2021,CARBON NEUTRAL PTY LTD,27,CER
08/02/2021,CARBON NEUTRAL PTY LTD,35,CER
08/02/2021,CARBON NEUTRAL PTY LTD,94,CER
04/02/2021,Aboriginal Carbon Fund Limited,51,KACCU
04/02/2021,Tasman Environmental Markets Pty Ltd,350,KACCU
04/02/2021,Tasman Environmental Markets Pty Ltd,"1,120",KACCU
04/02/2021,"Natural Capital Partners Americas, LLC",7,CER
04/02/2021,"Natural Capital Partners Americas, LLC","1,230",CER
04/02/2021,"Natural Capital Partners Americas, LLC",313,CER
04/02/2021,"Natural Capital Partners Americas, LLC",896,CER
04/02/2021,"Natural Capital Partners Americas, LLC","2,000",CER
04/02/2021,"Natural Capital Partners Americas, LLC","14,398",CER
04/02/2021,"Natural Capital Partners Americas, LLC","57,620",CER
04/02/2021,"Natural Capital Partners Americas, LLC","40,951",CER
04/02/2021,"Natural Capital Partners Americas, LLC","29,000",CER
04/02/2021,"Natural Capital Partners Americas, LLC",638,CER
04/02/2021,"Natural Capital Partners Americas, LLC",111,CER
04/02/2021,"Natural Capital Partners Americas, LLC","10,725",CER
04/02/2021,"Natural Capital Partners Americas, LLC",484,CER
04/02/2021,"Natural Capital Partners Americas, LLC","8,791",CER
04/02/2021,"Natural Capital Partners Americas, LLC","15,629",CER
04/02/2021,"Natural Capital Partners Americas, LLC","13,409",CER
04/02/2021,"Natural Capital Partners Americas, LLC",470,CER
04/02/2021,"Natural Capital Partners Americas, LLC","4,000",CER
04/02/2021,"Natural Capital Partners Americas, LLC","17,399",CER
04/02/2021,"Natural Capital Partners Americas, LLC","3,055",CER
04/02/2021,"Natural Capital Partners Americas, LLC",543,CER
04/02/2021,"Natural Capital Partners Americas, LLC","3,914",CER
04/02/2021,"Natural Capital Partners Americas, LLC","4,071",CER
04/02/2021,"Natural Capital Partners Americas, LLC","2,632",CER
04/02/2021,"Natural Capital Partners Americas, LLC","1,350",CER
04/02/2021,"Natural Capital Partners Americas, LLC",200,CER
04/02/2021,"Natural Capital Partners Americas, LLC","5,351",CER
04/02/2021,"Natural Capital Partners Americas, LLC","192,000",CER
03/02/2021,Tasman Environmental Markets Pty Ltd,"9,572",KACCU
03/02/2021,Tasman Environmental Markets Pty Ltd,"4,524",KACCU
03/02/2021,Tasman Environmental Markets Pty Ltd,"33,552",CER
03/02/2021,South Pole Australia Financial Services Pty Ltd,30,KACCU
30/01/2021,CARBON NEUTRAL PTY LTD,151,CER
30/01/2021,CARBON NEUTRAL PTY LTD,35,CER
29/01/2021,CARBON NEUTRAL PTY LTD,35,CER
27/01/2021,Thomas Winklehner,"157,117",CER
25/01/2021,Aboriginal Carbon Fund Limited,16,KACCU
22/01/2021,QANTAS Airways Ltd,577,KACCU
22/01/2021,QANTAS Airways Ltd,407,KACCU
22/01/2021,QANTAS Airways Ltd,707,KACCU
22/01/2021,QANTAS Airways Ltd,911,KACCU
22/01/2021,QANTAS Airways Ltd,"20,453",KACCU
22/01/2021,QANTAS Airways Ltd,"20,453",KACCU
22/01/2021,QANTAS Airways Ltd,"12,471",KACCU
22/01/2021,QANTAS Airways Ltd,"12,471",KACCU
22/01/2021,WeAct Pty Ltd,"216,382",CER
22/01/2021,WeAct Pty Ltd,"23,864",CER
21/01/2021,QANTAS Airways Ltd,948,KACCU
21/01/2021,QANTAS Airways Ltd,"13,710",KACCU
20/01/2021,CARBON NEUTRAL PTY LTD,572,CER
18/01/2021,CARBON NEUTRAL PTY LTD,27,CER
18/01/2021,CARBON NEUTRAL PTY LTD,270,CER
18/01/2021,CARBON NEUTRAL PTY LTD,70,CER
15/01/2021,CARBON NEUTRAL PTY LTD,36,CER
15/01/2021,CARBON NEUTRAL PTY LTD,38,CER
15/01/2021,CARBON NEUTRAL PTY LTD,565,CER
15/01/2021,Terra Carbon Pty Ltd,"1,000",KACCU
14/01/2021,Aboriginal Carbon Fund Limited,165,KACCU
14/01/2021,Virgin Australia Airlines Pty Ltd,"13,839",KACCU
12/01/2021,"Natural Capital Partners Americas, LLC","30,000",CER
11/01/2021,"Natural Capital Partners Americas, LLC","3,000",CER
11/01/2021,"Natural Capital Partners Americas, LLC",89,CER
11/01/2021,"Natural Capital Partners Americas, LLC","142,000",CER
11/01/2021,"Natural Capital Partners Americas, LLC","2,837",CER
11/01/2021,"Natural Capital Partners Americas, LLC",46,CER
11/01/2021,"Natural Capital Partners Americas, LLC",52,CER
11/01/2021,"Natural Capital Partners Americas, LLC",170,CER
11/01/2021,"Natural Capital Partners Americas, LLC",332,CER
11/01/2021,"Natural Capital Partners Americas, LLC","39,395",CER
11/01/2021,"Natural Capital Partners Americas, LLC","7,500",CER
11/01/2021,"Natural Capital Partners Americas, LLC",10,CER
11/01/2021,"Natural Capital Partners Americas, LLC","7,250",CER
11/01/2021,"Natural Capital Partners Americas, LLC",44,CER
11/01/2021,"Natural Capital Partners Americas, LLC",177,CER
11/01/2021,"Natural Capital Partners Americas, LLC","1,877",CER
11/01/2021,"Natural Capital Partners Americas, LLC","20,000",CER
11/01/2021,"Natural Capital Partners Americas, LLC","27,875",CER
11/01/2021,"Natural Capital Partners Americas, LLC","7,800",CER
11/01/2021,"Natural Capital Partners Americas, LLC","1,470",CER
11/01/2021,"Natural Capital Partners Americas, LLC",114,CER
11/01/2021,"Natural Capital Partners Americas, LLC",20,CER
11/01/2021,"Natural Capital Partners Americas, LLC","26,514",CER
11/01/2021,"Natural Capital Partners Americas, LLC",330,CER
10/01/2021,"Natural Capital Partners Americas, LLC","1,046",CER
10/01/2021,"Natural Capital Partners Americas, LLC",335,CER
10/01/2021,"Natural Capital Partners Americas, LLC",683,CER
08/01/2021,Aboriginal Carbon Fund Limited,"1,800",KACCU
08/01/2021,Enviro-Mark Solutions Limited,19,CER
08/01/2021,Enviro-Mark Solutions Limited,"1,803",CER
07/01/2021,"Natural Capital Partners Americas, LLC","1,000",CER
07/01/2021,"Natural Capital Partners Americas, LLC","4,096",CER
07/01/2021,"Natural Capital Partners Americas, LLC","1,350",CER
07/01/2021,"Natural Capital Partners Americas, LLC",35,CER
07/01/2021,"Natural Capital Partners Americas, LLC",59,KACCU
07/01/2021,"Natural Capital Partners Americas, LLC","35,924",CER
06/01/2021,Tasman Environmental Markets Pty Ltd,280,KACCU
06/01/2021,Tasman Environmental Markets Pty Ltd,600,KACCU
05/01/2021,LMS Energy Pty Ltd,"17,150",KACCU
30/12/2020,South Australian Water Corporation,"65,662",KACCU
29/12/2020,Jarden Australia Pty Ltd,"10,000",KACCU
23/12/2020,Aboriginal Carbon Fund Limited,20,KACCU
23/12/2020,Tasman Environmental Markets Pty Ltd,"19,407",CER
23/12/2020,Tasman Environmental Markets Pty Ltd,"5,540",KACCU
23/12/2020,Tasman Environmental Markets Pty Ltd,"8,300",KACCU
23/12/2020,South Pole Australia Financial Services Pty Ltd,8,KACCU
23/12/2020,Tasman Environmental Markets Pty Ltd,"1,960",KACCU
23/12/2020,Tasman Environmental Markets Pty Ltd,"42,600",CER
22/12/2020,Aboriginal Carbon Fund Limited,100,KACCU
21/12/2020,The Sigma Global Company Pty Limited,310,KACCU
18/12/2020,The Sigma Global Company Pty Limited,"7,043",KACCU
18/12/2020,The Sigma Global Company Pty Limited,"8,700",CER
18/12/2020,Carbon Financial Services Pty. Ltd.,"2,000",KACCU
16/12/2020,EKI Energy Services Limited,"2,750",CER
16/12/2020,Terra Carbon Pty Ltd,"3,000",KACCU
16/12/2020,Climate Friendly Financial Solutions Pty Limited,1,KACCU
15/12/2020,Virgin Australia Airlines Pty Ltd,"12,439",CER
15/12/2020,Virgin Australia Airlines Pty Ltd,"3,113",KACCU
15/12/2020,Virgin Australia Airlines Pty Ltd,"1,555",KACCU
15/12/2020,Aboriginal Carbon Fund Limited,55,KACCU
15/12/2020,Aboriginal Carbon Fund Limited,69,KACCU
15/12/2020,Tasman Environmental Markets Pty Ltd,"9,083",KACCU
14/12/2020,WeAct Pty Ltd,"1,184",CER
14/12/2020,WeAct Pty Ltd,"111,000",CER
14/12/2020,WeAct Pty Ltd,"1,136",CER
14/12/2020,WeAct Pty Ltd,"25,000",CER
14/12/2020,WeAct Pty Ltd,"19,870",CER
14/12/2020,WeAct Pty Ltd,"41,810",CER
14/12/2020,South Pole Australia Financial Services Pty Ltd,109,KACCU
10/12/2020,CARBON NEUTRAL PTY LTD,35,CER
10/12/2020,CARBON NEUTRAL PTY LTD,75,CER
10/12/2020,CARBON NEUTRAL PTY LTD,150,CER
10/12/2020,CARBON NEUTRAL PTY LTD,335,CER
10/12/2020,CARBON NEUTRAL PTY LTD,30,CER
10/12/2020,CARBON NEUTRAL PTY LTD,144,CER
10/12/2020,CARBON NEUTRAL PTY LTD,100,CER
10/12/2020,CARBON NEUTRAL PTY LTD,103,CER
10/12/2020,Tasman Environmental Markets Pty Ltd,"1,980",KACCU
10/12/2020,EKI Energy Services Limited,686,CER
10/12/2020,EKI Energy Services Limited,67,CER
10/12/2020,Aboriginal Carbon Fund Limited,20,KACCU
10/12/2020,Aboriginal Carbon Fund Limited,80,KACCU
09/12/2020,EKI Energy Services Limited,215,KACCU
09/12/2020,AGL Energy Services Pty Limited,7,KACCU
05/12/2020,"Natural Capital Partners Americas, LLC",140,CER
05/12/2020,"Natural Capital Partners Americas, LLC",90,CER
04/12/2020,EKI Energy Services Limited,"295,651",CER
04/12/2020,South Pole Australia Financial Services Pty Ltd,174,KACCU
04/12/2020,CARBON NEUTRAL PTY LTD,232,CER
04/12/2020,CARBON NEUTRAL PTY LTD,27,CER
04/12/2020,Carbon Financial Services Pty. Ltd.,"13,125",KACCU
04/12/2020,Enviro-Mark Solutions Limited,231,CER
02/12/2020,Tasman Environmental Markets Pty Ltd,"30,417",CER
01/12/2020,CARBON NEUTRAL PTY LTD,60,CER
01/12/2020,CARBON NEUTRAL PTY LTD,569,CER
01/12/2020,South Pole Australia Financial Services Pty Ltd,"1,000",KACCU
01/12/2020,Corporate Carbon Advisory Pty Ltd,6,KACCU
30/11/2020,Aboriginal Carbon Fund Limited,150,KACCU
30/11/2020,Origin Energy Electricity Ltd,"1,268",KACCU
30/11/2020,Origin Energy Electricity Ltd,"15,690",KACCU
30/11/2020,AGL HP1 Pty Limited,"53,786",KACCU
27/11/2020,CARBON NEUTRAL PTY LTD,300,CER
27/11/2020,CARBON NEUTRAL PTY LTD,105,CER
27/11/2020,CARBON NEUTRAL PTY LTD,27,CER
27/11/2020,CARBON NEUTRAL PTY LTD,"2,000",CER
27/11/2020,EKI Energy Services Limited,100,CER
27/11/2020,Aboriginal Carbon Fund Limited,314,KACCU
24/11/2020,CARBON NEUTRAL PTY LTD,25,CER
24/11/2020,CARBON NEUTRAL PTY LTD,35,CER
23/11/2020,CARBON NEUTRAL PTY LTD,56,CER
23/11/2020,CARBON NEUTRAL PTY LTD,27,CER
23/11/2020,CARBON NEUTRAL PTY LTD,400,CER
19/11/2020,Aboriginal Carbon Fund Limited,262,KACCU
19/11/2020,Tasman Environmental Markets Pty Ltd,"1,573",KACCU
19/11/2020,Tasman Environmental Markets Pty Ltd,220,KACCU
19/11/2020,"Natural Capital Partners Americas, LLC",43,CER
18/11/2020,South Pole Australia Financial Services Pty Ltd,"5,489",KACCU
12/11/2020,Aboriginal Carbon Fund Limited,10,KACCU
12/11/2020,Aboriginal Carbon Fund Limited,250,KACCU
11/11/2020,CARBON NEUTRAL PTY LTD,35,CER
11/11/2020,CARBON NEUTRAL PTY LTD,54,CER
11/11/2020,CARBON NEUTRAL PTY LTD,27,CER
11/11/2020,Corporate Carbon Advisory Pty Ltd,15,KACCU
09/11/2020,CARBON NEUTRAL PTY LTD,483,CER
09/11/2020,CARBON NEUTRAL PTY LTD,40,CER
09/11/2020,CARBON NEUTRAL PTY LTD,66,CER
06/11/2020,Aboriginal Carbon Fund Limited,600,KACCU
06/11/2020,Tasman Environmental Markets Pty Ltd,400,KACCU
05/11/2020,CARBON NEUTRAL PTY LTD,41,CER
05/11/2020,CARBON NEUTRAL PTY LTD,35,CER
05/11/2020,CARBON NEUTRAL PTY LTD,508,CER
05/11/2020,CARBON NEUTRAL PTY LTD,720,CER
05/11/2020,CARBON NEUTRAL PTY LTD,283,CER
05/11/2020,Tasman Environmental Markets Pty Ltd,"4,679",KACCU
05/11/2020,Tasman Environmental Markets Pty Ltd,111,KACCU
05/11/2020,Aboriginal Carbon Fund Limited,74,KACCU
05/11/2020,Aboriginal Carbon Fund Limited,104,KACCU
05/11/2020,Aboriginal Carbon Fund Limited,195,KACCU
05/11/2020,Aboriginal Carbon Fund Limited,244,KACCU
05/11/2020,Aboriginal Carbon Fund Limited,36,KACCU
04/11/2020,CARBON NEUTRAL PTY LTD,99,CER
02/11/2020,WeAct Pty Ltd,"10,000",CER
02/11/2020,WeAct Pty Ltd,1,CER
02/11/2020,Tasman Environmental Markets Pty Ltd,396,KACCU
30/10/2020,Enviro-Mark Solutions Limited,"1,498",CER
30/10/2020,Enviro-Mark Solutions Limited,89,CER
30/10/2020,Enviro-Mark Solutions Limited,3,CER
30/10/2020,Enviro-Mark Solutions Limited,50,CER
30/10/2020,Enviro-Mark Solutions Limited,18,CER
30/10/2020,Enviro-Mark Solutions Limited,91,CER
30/10/2020,Enviro-Mark Solutions Limited,10,CER
30/10/2020,Enviro-Mark Solutions Limited,50,CER
30/10/2020,Enviro-Mark Solutions Limited,29,CER
30/10/2020,Enviro-Mark Solutions Limited,42,CER
30/10/2020,Enviro-Mark Solutions Limited,102,CER
30/10/2020,Enviro-Mark Solutions Limited,253,CER
30/10/2020,Enviro-Mark Solutions Limited,860,CER
29/10/2020,EKI Energy Services Limited,360,CER
29/10/2020,EKI Energy Services Limited,"503,332",CER
29/10/2020,CARBON NEUTRAL PTY LTD,9,CER
29/10/2020,CARBON NEUTRAL PTY LTD,32,CER
29/10/2020,CARBON NEUTRAL PTY LTD,45,CER
29/10/2020,CARBON NEUTRAL PTY LTD,10,CER
28/10/2020,CARBON NEUTRAL PTY LTD,230,CER
28/10/2020,Aboriginal Carbon Fund Limited,"3,850",KACCU
28/10/2020,Terra Carbon Pty Ltd,"1,000",KACCU
28/10/2020,Brisbane City Council,"48,482",KACCU
27/10/2020,"Natural Capital Partners Americas, LLC","8,790",CER
27/10/2020,Aboriginal Carbon Fund Limited,43,KACCU
26/10/2020,Carbon Financial Services Pty. Ltd.,"12,982",KACCU
23/10/2020,Tasman Environmental Markets Pty Ltd,392,KACCU
22/10/2020,EKI Energy Services Limited,"5,036",CER
22/10/2020,Origin Energy Electricity Ltd,"67,662",CER
21/10/2020,Tasman Environmental Markets Pty Ltd,481,KACCU
20/10/2020,CARBON NEUTRAL PTY LTD,"3,519",CER
20/10/2020,CARBON NEUTRAL PTY LTD,22,CER
20/10/2020,EKI Energy Services Limited,"90,000",CER
20/10/2020,EKI Energy Services Limited,88,CER
16/10/2020,EKI Energy Services Limited,"7,220",CER
16/10/2020,CARBON NEUTRAL PTY LTD,234,CER
16/10/2020,CARBON NEUTRAL PTY LTD,36,CER
16/10/2020,CARBON NEUTRAL PTY LTD,36,CER
15/10/2020,CARBON NEUTRAL PTY LTD,100,CER
15/10/2020,CARBON NEUTRAL PTY LTD,27,CER
15/10/2020,CARBON NEUTRAL PTY LTD,10,CER
15/10/2020,CARBON NEUTRAL PTY LTD,12,CER
14/10/2020,Tasman Environmental Markets Pty Ltd,49,KACCU
14/10/2020,Tasman Environmental Markets Pty Ltd,270,KACCU
14/10/2020,Aboriginal Carbon Fund Limited,14,KACCU
14/10/2020,Tasman Environmental Markets Pty Ltd,"180,600",CER
12/10/2020,Biodiverse Carbon Conservation Pty Limited,"10,022",KACCU
12/10/2020,South Pole Australia Financial Services Pty Ltd,500,KACCU
08/10/2020,Kurrajong Partners Pty Ltd,1,KACCU
07/10/2020,Aboriginal Carbon Fund Limited,33,KACCU
07/10/2020,Mallee Carbon Limited,"2,903",KACCU
06/10/2020,Aboriginal Carbon Fund Limited,322,KACCU
05/10/2020,CARBON NEUTRAL PTY LTD,80,CER
05/10/2020,CARBON NEUTRAL PTY LTD,100,CER
05/10/2020,CARBON NEUTRAL PTY LTD,"3,519",CER
05/10/2020,CARBON NEUTRAL PTY LTD,"3,373",CER
05/10/2020,CARBON NEUTRAL PTY LTD,"1,041",CER
05/10/2020,CARBON NEUTRAL PTY LTD,300,KACCU
05/10/2020,CARBON NEUTRAL PTY LTD,322,CER
02/10/2020,CARBON NEUTRAL PTY LTD,303,CER
02/10/2020,CARBON NEUTRAL PTY LTD,120,CER
02/10/2020,CARBON NEUTRAL PTY LTD,27,CER
02/10/2020,CARBON NEUTRAL PTY LTD,27,CER
02/10/2020,CARBON NEUTRAL PTY LTD,72,CER
02/10/2020,CARBON NEUTRAL PTY LTD,54,CER
02/10/2020,CARBON NEUTRAL PTY LTD,123,CER
02/10/2020,CARBON NEUTRAL PTY LTD,369,CER
02/10/2020,CARBON NEUTRAL PTY LTD,27,CER
02/10/2020,CARBON NEUTRAL PTY LTD,360,CER
02/10/2020,CARBON NEUTRAL PTY LTD,15,CER
02/10/2020,CARBON NEUTRAL PTY LTD,27,CER
02/10/2020,Aboriginal Carbon Fund Limited,"1,995",KACCU
01/10/2020,AGL HP1 Pty Limited,250,KACCU
30/09/2020,Tasman Environmental Markets Pty Ltd,550,KACCU
30/09/2020,South Pole Australia Financial Services Pty Ltd,"2,049",KACCU
30/09/2020,Aboriginal Carbon Fund Limited,"40,000",KACCU
28/09/2020,Biodiverse Carbon Conservation Pty Limited,400,CER
25/09/2020,Aboriginal Carbon Fund Limited,"1,996",KACCU
18/09/2020,Terra Carbon Pty Ltd,700,KACCU
17/09/2020,"Natural Capital Partners Americas, LLC",60,CER
16/09/2020,CARBON NEUTRAL PTY LTD,74,CER
16/09/2020,CARBON NEUTRAL PTY LTD,96,CER
16/09/2020,CARBON NEUTRAL PTY LTD,199,CER
16/09/2020,CARBON NEUTRAL PTY LTD,51,CER
16/09/2020,CARBON NEUTRAL PTY LTD,27,CER
16/09/2020,CARBON NEUTRAL PTY LTD,137,CER
16/09/2020,Aboriginal Carbon Fund Limited,100,KACCU
15/09/2020,Aboriginal Carbon Fund Limited,393,KACCU
11/09/2020,"Natural Capital Partners Americas, LLC",57,CER
11/09/2020,"Natural Capital Partners Americas, LLC",286,CER
11/09/2020,"Natural Capital Partners Americas, LLC","13,152",CER
08/09/2020,Tasman Environmental Markets Pty Ltd,"27,500",KACCU
04/09/2020,Enviro-Mark Solutions Limited,229,CER
04/09/2020,Enviro-Mark Solutions Limited,19,CER
04/09/2020,Enviro-Mark Solutions Limited,783,CER
04/09/2020,Enviro-Mark Solutions Limited,34,CER
04/09/2020,Enviro-Mark Solutions Limited,47,CER
04/09/2020,Enviro-Mark Solutions Limited,30,CER
04/09/2020,Enviro-Mark Solutions Limited,243,CER
04/09/2020,Enviro-Mark Solutions Limited,273,CER
04/09/2020,Enviro-Mark Solutions Limited,446,CER
03/09/2020,Tasman Environmental Markets Pty Ltd,"40,350",KACCU
02/09/2020,Carbon Financial Services Pty. Ltd.,500,KACCU
31/08/2020,South Pole Australia Financial Services Pty Ltd,"5,300",KACCU
28/08/2020,Corporate Carbon Advisory Pty Ltd,300,KACCU
28/08/2020,Corporate Carbon Advisory Pty Ltd,300,NKACCU
28/08/2020,Tasman Environmental Markets Pty Ltd,"19,200",KACCU
28/08/2020,Tasman Environmental Markets Pty Ltd,"263,680",CER
27/08/2020,Aboriginal Carbon Fund Limited,231,KACCU
27/08/2020,Corporate Carbon Advisory Pty Ltd,14,NKACCU
26/08/2020,AGL HP1 Pty Limited,300,KACCU
26/08/2020,"Natural Capital Partners Americas, LLC",623,CER
26/08/2020,"Natural Capital Partners Americas, LLC","45,138",CER
25/08/2020,South Pole Australia Financial Services Pty Ltd,52,KACCU
25/08/2020,Aboriginal Carbon Fund Limited,55,KACCU
25/08/2020,"Natural Capital Partners Americas, LLC","1,286",CER
24/08/2020,Aboriginal Carbon Fund Limited,175,KACCU
21/08/2020,CARBON NEUTRAL PTY LTD,"1,000",CER
21/08/2020,"Natural Capital Partners Americas, LLC","15,000",CER
21/08/2020,"Natural Capital Partners Americas, LLC","1,992",CER
21/08/2020,"Natural Capital Partners Americas, LLC","8,667",CER
21/08/2020,"Natural Capital Partners Americas, LLC","30,000",CER
21/08/2020,"Natural Capital Partners Americas, LLC",362,CER
21/08/2020,"Natural Capital Partners Americas, LLC",274,CER
21/08/2020,"Natural Capital Partners Americas, LLC","1,517",CER
21/08/2020,"Natural Capital Partners Americas, LLC","19,053",CER
21/08/2020,"Natural Capital Partners Americas, LLC",100,CER
21/08/2020,"Natural Capital Partners Americas, LLC","27,470",CER
21/08/2020,"Natural Capital Partners Americas, LLC","3,320",CER
21/08/2020,"Natural Capital Partners Americas, LLC","38,925",CER
21/08/2020,"Natural Capital Partners Americas, LLC","45,000",CER
21/08/2020,"Natural Capital Partners Americas, LLC","18,902",CER
21/08/2020,"Natural Capital Partners Americas, LLC",570,CER
21/08/2020,"Natural Capital Partners Americas, LLC",65,CER
21/08/2020,"Natural Capital Partners Americas, LLC","12,500",CER
21/08/2020,"Natural Capital Partners Americas, LLC","5,461",CER
21/08/2020,"Natural Capital Partners Americas, LLC",514,CER
21/08/2020,"Natural Capital Partners Americas, LLC","1,485",CER
21/08/2020,"Natural Capital Partners Americas, LLC",50,CER
21/08/2020,"Natural Capital Partners Americas, LLC",150,CER
21/08/2020,"Natural Capital Partners Americas, LLC",516,CER
21/08/2020,"Natural Capital Partners Americas, LLC","1,800",CER
21/08/2020,"Natural Capital Partners Americas, LLC",12,CER
21/08/2020,"Natural Capital Partners Americas, LLC","37,000",CER
21/08/2020,"Natural Capital Partners Americas, LLC","10,146",CER
19/08/2020,South Pole Australia Financial Services Pty Ltd,"40,350",KACCU
18/08/2020,Biodiverse Carbon Conservation Pty Limited,"4,060",CER
17/08/2020,CARBON NEUTRAL PTY LTD,100,CER
17/08/2020,CARBON NEUTRAL PTY LTD,310,CER
17/08/2020,CARBON NEUTRAL PTY LTD,"1,000",CER
14/08/2020,CARBON NEUTRAL PTY LTD,45,CER
13/08/2020,South Pole Australia Financial Services Pty Ltd,"1,500",KACCU
10/08/2020,Australian Carbon Traders Pty Ltd,40,NKACCU
10/08/2020,Aboriginal Carbon Fund Limited,120,KACCU
07/08/2020,EKI Energy Services Limited,513,CER
06/08/2020,The Sigma Global Company Pty Limited,"3,465",CER
06/08/2020,The Sigma Global Company Pty Limited,"1,597",NKACCU
06/08/2020,WeAct Pty Ltd,"46,534",CER
04/08/2020,Yarra Valley Water Corporation,"2,148",CER
04/08/2020,ERM Power Retail Pty Ltd,"1,575",KACCU
04/08/2020,Enviro-Mark Solutions Limited,2,CER
04/08/2020,Enviro-Mark Solutions Limited,"1,027",CER
04/08/2020,Enviro-Mark Solutions Limited,129,CER
04/08/2020,Enviro-Mark Solutions Limited,61,CER
04/08/2020,Enviro-Mark Solutions Limited,21,CER
04/08/2020,Enviro-Mark Solutions Limited,932,CER
31/07/2020,Carbon Financial Services Pty. Ltd.,"2,300",KACCU
31/07/2020,Yarra Valley Water Corporation,"21,426",CER
31/07/2020,Yarra Valley Water Corporation,"5,476",CER
29/07/2020,Aboriginal Carbon Fund Limited,390,KACCU
29/07/2020,"Natural Capital Partners Americas, LLC","36,480",CER
28/07/2020,Climate Friendly Financial Solutions Pty Limited,221,KACCU
28/07/2020,Corporate Carbon Advisory Pty Ltd,"2,736",KACCU
28/07/2020,"Natural Capital Partners Americas, LLC","76,985",CER
27/07/2020,South Pole Australia Financial Services Pty Ltd,"1,325",KACCU
23/07/2020,Tasman Environmental Markets Pty Ltd,22,KACCU
21/07/2020,Carbon Financial Services Pty. Ltd.,"20,000",KACCU
19/07/2020,Terra Carbon Pty Ltd,56,KACCU
16/07/2020,CARBON NEUTRAL PTY LTD,54,CER
16/07/2020,CARBON NEUTRAL PTY LTD,767,CER
15/07/2020,Marcus Henry Lewis,51,KACCU
10/07/2020,Tasman Environmental Markets Pty Ltd,"1,250",KACCU
09/07/2020,Tasman Environmental Markets Pty Ltd,255,KACCU
07/07/2020,Tasman Environmental Markets Pty Ltd,"1,517",KACCU
06/07/2020,Aboriginal Carbon Fund Limited,100,KACCU
02/07/2020,Jarden Australia Pty Ltd,550,KACCU
30/06/2020,Tasman Environmental Markets Pty Ltd,4,KACCU
30/06/2020,South Pole Australia Financial Services Pty Ltd,"9,000",KACCU
29/06/2020,Carbon Financial Services Pty. Ltd.,"1,800",KACCU
29/06/2020,Tasman Environmental Markets Pty Ltd,"28,000",KACCU
29/06/2020,Tasman Environmental Markets Pty Ltd,325,KACCU
26/06/2020,Carbon Financial Services Pty. Ltd.,"83,732",CER
26/06/2020,Carbon Financial Services Pty. Ltd.,"1,107,120",CER
26/06/2020,Enviro-Mark Solutions Limited,195,CER
26/06/2020,Corporate Carbon Advisory Pty Ltd,420,KACCU
26/06/2020,Enviro-Mark Solutions Limited,"1,707",CER
26/06/2020,Enviro-Mark Solutions Limited,140,CER
26/06/2020,Enviro-Mark Solutions Limited,17,CER
26/06/2020,Enviro-Mark Solutions Limited,162,CER
26/06/2020,Enviro-Mark Solutions Limited,5,CER
26/06/2020,Corporate Carbon Advisory Pty Ltd,"33,920",KACCU
26/06/2020,Enviro-Mark Solutions Limited,58,CER
26/06/2020,Enviro-Mark Solutions Limited,210,CER
26/06/2020,Enviro-Mark Solutions Limited,954,CER
26/06/2020,Enviro-Mark Solutions Limited,295,CER
26/06/2020,Enviro-Mark Solutions Limited,428,CER
26/06/2020,Enviro-Mark Solutions Limited,140,CER
25/06/2020,Marcus Henry Lewis,808,KACCU
24/06/2020,South Pole Australia Financial Services Pty Ltd,735,KACCU
18/06/2020,Perenia Pty Ltd,300,CER
18/06/2020,Perenia Pty Ltd,"55,500",CER
18/06/2020,Perenia Pty Ltd,"64,700",CER
17/06/2020,Carbon Financial Services Pty. Ltd.,"10,000",KACCU
17/06/2020,Tasman Environmental Markets Pty Ltd,80,KACCU
15/06/2020,Aboriginal Carbon Fund Limited,100,KACCU
12/06/2020,Olkola Aboriginal Corporation,"57,582",KACCU
11/06/2020,South Pole Australia Financial Services Pty Ltd,"1,400",KACCU
05/06/2020,CARBON NEUTRAL PTY LTD,41,CER
05/06/2020,CARBON NEUTRAL PTY LTD,27,CER
05/06/2020,CARBON NEUTRAL PTY LTD,27,CER
05/06/2020,CARBON NEUTRAL PTY LTD,75,CER
05/06/2020,CARBON NEUTRAL PTY LTD,700,CER
05/06/2020,CARBON NEUTRAL PTY LTD,27,CER
05/06/2020,CARBON NEUTRAL PTY LTD,36,CER
04/06/2020,CARBON NEUTRAL PTY LTD,"3,262",CER
04/06/2020,CARBON NEUTRAL PTY LTD,15,CER
04/06/2020,CARBON NEUTRAL PTY LTD,43,CER
04/06/2020,CARBON NEUTRAL PTY LTD,344,CER
04/06/2020,CARBON NEUTRAL PTY LTD,35,CER
04/06/2020,CARBON NEUTRAL PTY LTD,27,CER
04/06/2020,Tasman Environmental Markets Pty Ltd,180,KACCU
03/06/2020,South Pole Australia Financial Services Pty Ltd,"2,000",KACCU
02/06/2020,CARBON NEUTRAL PTY LTD,18,CER
29/05/2020,CARBON NEUTRAL PTY LTD,141,CER
28/05/2020,Enviro-Mark Solutions Limited,100,CER
28/05/2020,Enviro-Mark Solutions Limited,"3,116",CER
28/05/2020,Enviro-Mark Solutions Limited,"2,520",CER
28/05/2020,Enviro-Mark Solutions Limited,283,CER
28/05/2020,Enviro-Mark Solutions Limited,7,CER
28/05/2020,Enviro-Mark Solutions Limited,289,CER
28/05/2020,Enviro-Mark Solutions Limited,290,CER
22/05/2020,CARBON NEUTRAL PTY LTD,62,CER
21/05/2020,Carbon Financial Services Pty. Ltd.,"553,702",CER
21/05/2020,Carbon Financial Services Pty. Ltd.,"57,285",CER
21/05/2020,Aboriginal Carbon Fund Limited,32,KACCU
20/05/2020,CARBON NEUTRAL PTY LTD,10,CER
20/05/2020,CARBON NEUTRAL PTY LTD,10,CER
20/05/2020,CARBON NEUTRAL PTY LTD,210,CER
20/05/2020,CARBON NEUTRAL PTY LTD,23,CER
20/05/2020,CARBON NEUTRAL PTY LTD,17,CER
20/05/2020,CARBON NEUTRAL PTY LTD,40,CER
20/05/2020,CARBON NEUTRAL PTY LTD,500,CER
20/05/2020,Biodiverse Carbon Conservation Pty Limited,"10,452",CER
19/05/2020,CARBON NEUTRAL PTY LTD,500,CER
19/05/2020,Biodiverse Carbon Conservation Pty Limited,"10,000",CER
18/05/2020,Mallee Carbon Limited,126,KACCU
18/05/2020,Raymond Gregory Taylor,"1,500",KACCU
15/05/2020,Tasman Environmental Markets Pty Ltd,"37,321",CER
14/05/2020,Mallee Carbon Limited,"1,500",KACCU
12/05/2020,Tasman Environmental Markets Pty Ltd,482,KACCU
12/05/2020,Tasman Environmental Markets Pty Ltd,871,KACCU
08/05/2020,AGL HP1 Pty Limited,"10,000",KACCU
07/05/2020,Marcus Henry Lewis,500,KACCU
30/04/2020,Corporate Carbon Advisory Pty Ltd,"1,000",KACCU
30/04/2020,Aboriginal Carbon Fund Limited,107,KACCU
27/04/2020,South Pole Australia Financial Services Pty Ltd,"4,000",CER
24/04/2020,Enviro-Mark Solutions Limited,580,CER
23/04/2020,EnergyAustralia Pty Ltd,"12,900",KACCU
23/04/2020,EnergyAustralia Pty Ltd,"5,100",NKACCU
23/04/2020,EnergyAustralia Pty Ltd,"458,081",CER
22/04/2020,Carbon Financial Services Pty. Ltd.,"8,019",KACCU
21/04/2020,CARBON NEUTRAL PTY LTD,"5,321",CER
21/04/2020,CARBON NEUTRAL PTY LTD,"21,579",CER
17/04/2020,South Pole Australia Financial Services Pty Ltd,22,KACCU
17/04/2020,Tasman Environmental Markets Pty Ltd,258,KACCU
14/04/2020,South Australian Water Corporation,"14,343",KACCU
08/04/2020,South Pole Australia Financial Services Pty Ltd,"1,645",KACCU
07/04/2020,South Pole Australia Financial Services Pty Ltd,"1,260",KACCU
01/04/2020,Enviro-Mark Solutions Limited,89,CER
26/03/2020,South Pole Australia Financial Services Pty Ltd,334,KACCU
26/03/2020,Tasman Environmental Markets Pty Ltd,"1,938",KACCU
26/03/2020,Tasman Environmental Markets Pty Ltd,"6,847",KACCU
26/03/2020,Tasman Environmental Markets Pty Ltd,"5,313",KACCU
26/03/2020,Tasman Environmental Markets Pty Ltd,"3,474",KACCU
26/03/2020,Tasman Environmental Markets Pty Ltd,"3,847",KACCU
26/03/2020,Tasman Environmental Markets Pty Ltd,"2,008",KACCU
26/03/2020,Tasman Environmental Markets Pty Ltd,"2,475",CER
19/03/2020,Tasman Environmental Markets Pty Ltd,574,KACCU
19/03/2020,Perenia Pty Ltd,"61,075",CER
19/03/2020,Perenia Pty Ltd,"73,304",CER
18/03/2020,CARBON NEUTRAL PTY LTD,40,CER
17/03/2020,South Pole Australia Financial Services Pty Ltd,61,KACCU
17/03/2020,EKI Energy Services Limited,65,CER
17/03/2020,CARBON NEUTRAL PTY LTD,220,CER
17/03/2020,South Pole Australia Financial Services Pty Ltd,143,KACCU
16/03/2020,EKI Energy Services Limited,100,CER
13/03/2020,CARBON NEUTRAL PTY LTD,"1,788",CER
13/03/2020,South Pole Australia Financial Services Pty Ltd,83,KACCU
11/03/2020,"Natural Capital Partners Americas, LLC","535,902",CER
09/03/2020,Carbon Financial Services Pty. Ltd.,798,NKACCU
09/03/2020,Carbon Financial Services Pty. Ltd.,798,KACCU
06/03/2020,Country Carbon Pty Ltd,300,KACCU
05/03/2020,Carbon Financial Services Pty. Ltd.,"3,400",NKACCU
04/03/2020,Corporate Carbon Advisory Pty Ltd,200,NKACCU
03/03/2020,South Pole Australia Financial Services Pty Ltd,105,KACCU
03/03/2020,Reducing Carbon Building Communities Pty Limited,60,KACCU
28/02/2020,CARBON NEUTRAL PTY LTD,72,CER
28/02/2020,CARBON NEUTRAL PTY LTD,18,CER
28/02/2020,Enviro-Mark Solutions Limited,558,CER
28/02/2020,Enviro-Mark Solutions Limited,877,CER
28/02/2020,Enviro-Mark Solutions Limited,38,CER
28/02/2020,Enviro-Mark Solutions Limited,"3,000",CER
28/02/2020,Enviro-Mark Solutions Limited,"2,500",CER
28/02/2020,Enviro-Mark Solutions Limited,964,CER
28/02/2020,Enviro-Mark Solutions Limited,417,CER
28/02/2020,Enviro-Mark Solutions Limited,212,CER
28/02/2020,Enviro-Mark Solutions Limited,158,CER
28/02/2020,Enviro-Mark Solutions Limited,39,CER
28/02/2020,Enviro-Mark Solutions Limited,56,CER
28/02/2020,Enviro-Mark Solutions Limited,500,CER
28/02/2020,Enviro-Mark Solutions Limited,32,CER
28/02/2020,Enviro-Mark Solutions Limited,750,CER
28/02/2020,Reducing Carbon Building Communities Pty Limited,"1,429",KACCU
28/02/2020,Enviro-Mark Solutions Limited,18,CER
28/02/2020,Enviro-Mark Solutions Limited,7,CER
28/02/2020,Enviro-Mark Solutions Limited,670,CER
28/02/2020,Yawoyn Association Aboriginal Corporation,10,KACCU
26/02/2020,Tasman Environmental Markets Pty Ltd,176,KACCU
26/02/2020,Tasman Environmental Markets Pty Ltd,"4,028",KACCU
26/02/2020,Tasman Environmental Markets Pty Ltd,"6,875",KACCU
26/02/2020,Tasman Environmental Markets Pty Ltd,"4,978",KACCU
20/02/2020,CARBON NEUTRAL PTY LTD,30,CER
17/02/2020,South Pole Australia Financial Services Pty Ltd,226,KACCU
17/02/2020,Carbon Financial Services Pty. Ltd.,"2,803",CER
17/02/2020,Carbon Financial Services Pty. Ltd.,"4,000",KACCU
14/02/2020,Tasman Environmental Markets Pty Ltd,"4,500",KACCU
13/02/2020,Tasman Environmental Markets Pty Ltd,240,KACCU
11/02/2020,"Natural Capital Partners Americas, LLC","2,221",CER
08/02/2020,"Natural Capital Partners Americas, LLC",2,CER
08/02/2020,"Natural Capital Partners Americas, LLC",70,CER
08/02/2020,"Natural Capital Partners Americas, LLC",809,CER
08/02/2020,"Natural Capital Partners Americas, LLC","32,130",CER
08/02/2020,"Natural Capital Partners Americas, LLC","1,414",CER
08/02/2020,"Natural Capital Partners Americas, LLC",55,CER
08/02/2020,"Natural Capital Partners Americas, LLC",123,CER
08/02/2020,"Natural Capital Partners Americas, LLC",76,CER
08/02/2020,"Natural Capital Partners Americas, LLC","1,000",CER
31/01/2020,Kurrajong Partners Pty Ltd,"1,523",KACCU
30/01/2020,Aak Puul Ngantam Ltd.,"1,523",KACCU
29/01/2020,LMS Energy Pty Ltd,"18,250",KACCU
29/01/2020,OMF Australia Pty Limited,"9,102",KACCU
24/01/2020,Tasman Environmental Markets Pty Ltd,200,KACCU
23/01/2020,Reducing Carbon Building Communities Pty Limited,500,KACCU
23/01/2020,Tasman Environmental Markets Pty Ltd,615,KACCU
23/01/2020,Enviro-Mark Solutions Limited,50,CER
23/01/2020,Enviro-Mark Solutions Limited,"1,451",CER
23/01/2020,Enviro-Mark Solutions Limited,1,CER
23/01/2020,Enviro-Mark Solutions Limited,506,CER
23/01/2020,Enviro-Mark Solutions Limited,169,CER
23/01/2020,Enviro-Mark Solutions Limited,21,CER
23/01/2020,Enviro-Mark Solutions Limited,170,CER
23/01/2020,Enviro-Mark Solutions Limited,40,CER
23/01/2020,Enviro-Mark Solutions Limited,26,CER
21/01/2020,EKI Energy Services Limited,750,CER
16/01/2020,"Natural Capital Partners Americas, LLC","1,000",CER
14/01/2020,EKI Energy Services Limited,"10,837",CER
14/01/2020,Reducing Carbon Building Communities Pty Limited,138,KACCU
14/01/2020,Tasman Environmental Markets Pty Ltd,240,KACCU
14/01/2020,Tasman Environmental Markets Pty Ltd,823,CER
14/01/2020,Tasman Environmental Markets Pty Ltd,918,KACCU
14/01/2020,Reducing Carbon Building Communities Pty Limited,250,KACCU
14/01/2020,Reducing Carbon Building Communities Pty Limited,138,KACCU
10/01/2020,EKI Energy Services Limited,"2,465",CER
09/01/2020,EKI Energy Services Limited,200,CER
09/01/2020,Carbon Financial Services Pty. Ltd.,7,KACCU
09/01/2020,Carbon Financial Services Pty. Ltd.,7,KACCU
09/01/2020,Carbon Financial Services Pty. Ltd.,7,KACCU
09/01/2020,Carbon Financial Services Pty. Ltd.,7,KACCU
09/01/2020,Virgin Australia Airlines Pty Ltd,"21,028",KACCU
09/01/2020,Virgin Australia Airlines Pty Ltd,"13,864",CER
09/01/2020,Virgin Australia Airlines Pty Ltd,"3,445",KACCU
07/01/2020,Tasman Environmental Markets Pty Ltd,200,KACCU
07/01/2020,"Natural Capital Partners Americas, LLC","19,000",CER
31/12/2019,"Natural Capital Partners Americas, LLC","4,700",CER
23/12/2019,Tasman Environmental Markets Pty Ltd,"1,058",KACCU
20/12/2019,Enviro-Mark Solutions Limited,536,CER
20/12/2019,Enviro-Mark Solutions Limited,29,CER
20/12/2019,Enviro-Mark Solutions Limited,30,CER
20/12/2019,Enviro-Mark Solutions Limited,20,CER
20/12/2019,Enviro-Mark Solutions Limited,62,CER
20/12/2019,Enviro-Mark Solutions Limited,200,CER
20/12/2019,Enviro-Mark Solutions Limited,8,CER
20/12/2019,Enviro-Mark Solutions Limited,969,CER
20/12/2019,Enviro-Mark Solutions Limited,"1,000",CER
20/12/2019,Enviro-Mark Solutions Limited,"1,052",CER
20/12/2019,Enviro-Mark Solutions Limited,"1,000",CER
20/12/2019,Tasman Environmental Markets Pty Ltd,500,KACCU
20/12/2019,"Natural Capital Partners Americas, LLC","20,000",CER
18/12/2019,"Natural Capital Partners Americas, LLC","15,000",CER
17/12/2019,Tasman Environmental Markets Pty Ltd,"3,000",KACCU
17/12/2019,EnergyAustralia Pty Ltd,"388,000",CER
17/12/2019,EnergyAustralia Pty Ltd,"15,000",KACCU
16/12/2019,Aak Puul Ngantam Ltd.,500,KACCU
13/12/2019,Aboriginal Carbon Fund Limited,150,KACCU
11/12/2019,Corporate Carbon Advisory Pty Ltd,"5,000",KACCU
10/12/2019,"Natural Capital Partners Americas, LLC","6,518",CER
06/12/2019,Aboriginal Carbon Fund Limited,"1,596",KACCU
05/12/2019,Tasman Environmental Markets Pty Ltd,2,KACCU
04/12/2019,The Sigma Global Company Pty Limited,"1,000",KACCU
03/12/2019,Tasman Environmental Markets Pty Ltd,"6,137",KACCU
03/12/2019,Tasman Environmental Markets Pty Ltd,"7,371",KACCU
03/12/2019,Tasman Environmental Markets Pty Ltd,"13,552",KACCU
03/12/2019,Tasman Environmental Markets Pty Ltd,"14,743",KACCU
03/12/2019,Tasman Environmental Markets Pty Ltd,"30,000",KACCU
29/11/2019,Tasman Environmental Markets Pty Ltd,180,KACCU
28/11/2019,Biodiverse Carbon Conservation Pty Limited,10,KACCU
25/11/2019,Biodiverse Carbon Conservation Pty Limited,400,CER
21/11/2019,Aboriginal Carbon Fund Limited,48,KACCU
21/11/2019,Tasman Environmental Markets Pty Ltd,"78,346",CER
20/11/2019,Enviro-Mark Solutions Limited,60,CER
20/11/2019,Enviro-Mark Solutions Limited,92,CER
20/11/2019,Enviro-Mark Solutions Limited,287,CER
20/11/2019,Enviro-Mark Solutions Limited,"1,797",CER
20/11/2019,Enviro-Mark Solutions Limited,"1,797",CER
20/11/2019,Enviro-Mark Solutions Limited,68,CER
20/11/2019,Enviro-Mark Solutions Limited,40,CER
20/11/2019,Enviro-Mark Solutions Limited,"2,115",CER
20/11/2019,Tasman Environmental Markets Pty Ltd,"1,305,452",CER
20/11/2019,Aboriginal Carbon Fund Limited,400,KACCU
19/11/2019,EKI Energy Services Limited,"27,066",CER
19/11/2019,Clean Energy Finance Corporation,"1,318",KACCU
19/11/2019,Climate Friendly Pty Ltd,1,KACCU
18/11/2019,CARBON NEUTRAL PTY LTD,500,KACCU
14/11/2019,Tasman Environmental Markets Pty Ltd,"4,493",KACCU
14/11/2019,Tasman Environmental Markets Pty Ltd,"3,292",KACCU
14/11/2019,Tasman Environmental Markets Pty Ltd,"6,259",KACCU
14/11/2019,Tasman Environmental Markets Pty Ltd,"12,741",KACCU
14/11/2019,Tasman Environmental Markets Pty Ltd,"6,347",KACCU
14/11/2019,Carbon Financial Services Pty. Ltd.,"1,200",CER
12/11/2019,Tasman Environmental Markets Pty Ltd,212,NKACCU
12/11/2019,Tasman Environmental Markets Pty Ltd,"1,079",NKACCU
12/11/2019,Tasman Environmental Markets Pty Ltd,505,KACCU
11/11/2019,Climate Friendly Pty Ltd,18,KACCU
08/11/2019,Corporate Carbon Advisory Pty Ltd,"1,000",KACCU
05/11/2019,EKI Energy Services Limited,"5,245",CER
01/11/2019,Carbon Financial Services Pty. Ltd.,750,KACCU
01/11/2019,Tasman Environmental Markets Pty Ltd," 1,843 ",KACCU
01/11/2019,Tasman Environmental Markets Pty Ltd," 2,304 ",KACCU
31/10/2019,EKI Energy Services Limited," 4,562 ",CER
30/10/2019,Tasman Environmental Markets Pty Ltd,105,KACCU
30/10/2019,Tasman Environmental Markets Pty Ltd," 1,500 ",KACCU
28/10/2019,Tasman Environmental Markets Pty Ltd,408,KACCU
28/10/2019,Tasman Environmental Markets Pty Ltd,50,KACCU
28/10/2019,Tasman Environmental Markets Pty Ltd,800,KACCU
25/10/2019,AGL HP1 Pty Limited,"36,905",KACCU
22/10/2019,Aboriginal Carbon Fund Limited,"10,000",KACCU
21/10/2019,Enviro-Mark Solutions Limited,5,CER
21/10/2019,Enviro-Mark Solutions Limited,294,CER
21/10/2019,Enviro-Mark Solutions Limited,828,CER
21/10/2019,Enviro-Mark Solutions Limited,"1,000",CER
18/10/2019,Corporate Carbon Advisory Pty Ltd,1,KACCU
18/10/2019,Aboriginal Carbon Fund Limited,956,KACCU
17/10/2019,Tasman Environmental Markets Pty Ltd,250,KACCU
15/10/2019,The Sigma Global Company Pty Limited,"12,740",CER
15/10/2019,The Sigma Global Company Pty Limited,260,KACCU
11/10/2019,EKI Energy Services Limited,"17,001",CER
11/10/2019,EKI Energy Services Limited,500,CER
10/10/2019,EKI Energy Services Limited,43,CER
10/10/2019,EKI Energy Services Limited,9,CER
10/10/2019,EKI Energy Services Limited,81,CER
10/10/2019,EKI Energy Services Limited,73,CER
10/10/2019,EKI Energy Services Limited,112,CER
27/09/2019,Enviro-Mark Solutions Limited,50,CER
27/09/2019,Enviro-Mark Solutions Limited,"1,000",CER
27/09/2019,Enviro-Mark Solutions Limited,"24,197",CER
27/09/2019,Enviro-Mark Solutions Limited,"10,000",CER
27/09/2019,Enviro-Mark Solutions Limited,221,CER
27/09/2019,Enviro-Mark Solutions Limited,330,CER
27/09/2019,Enviro-Mark Solutions Limited,548,CER
27/09/2019,Enviro-Mark Solutions Limited,"10,316",CER
27/09/2019,Enviro-Mark Solutions Limited,"2,000",CER
27/09/2019,Carbon Financial Services Pty. Ltd.,"39,287",CER
27/09/2019,Enviro-Mark Solutions Limited,99,CER
27/09/2019,Enviro-Mark Solutions Limited,152,CER
27/09/2019,Enviro-Mark Solutions Limited,229,CER
27/09/2019,Enviro-Mark Solutions Limited,36,CER
27/09/2019,Enviro-Mark Solutions Limited,95,CER
27/09/2019,Enviro-Mark Solutions Limited,2,CER
27/09/2019,Enviro-Mark Solutions Limited,25,CER
27/09/2019,Enviro-Mark Solutions Limited,193,CER
27/09/2019,Enviro-Mark Solutions Limited,51,CER
27/09/2019,Enviro-Mark Solutions Limited,171,CER
27/09/2019,Enviro-Mark Solutions Limited,233,CER
27/09/2019,Enviro-Mark Solutions Limited,171,CER
27/09/2019,Enviro-Mark Solutions Limited,"5,174",CER
27/09/2019,Enviro-Mark Solutions Limited,"4,578",CER
27/09/2019,Enviro-Mark Solutions Limited,214,CER
27/09/2019,Enviro-Mark Solutions Limited,200,CER
27/09/2019,Enviro-Mark Solutions Limited,123,CER
27/09/2019,Enviro-Mark Solutions Limited,454,CER
24/09/2019,Tasman Environmental Markets Pty Ltd,"4,499",KACCU
24/09/2019,Tasman Environmental Markets Pty Ltd,"17,659",KACCU
24/09/2019,Tasman Environmental Markets Pty Ltd,"3,634",KACCU
24/09/2019,Tasman Environmental Markets Pty Ltd,"14,208",KACCU
19/09/2019,Brisbane City Council,"30,000",KACCU
12/09/2019,"Natural Capital Partners Americas, LLC",100,CER
12/09/2019,"Natural Capital Partners Americas, LLC",7631,CER
12/09/2019,"Natural Capital Partners Americas, LLC","1,500",CER
12/09/2019,"Natural Capital Partners Americas, LLC","14,400",CER
12/09/2019,"Natural Capital Partners Americas, LLC",685,CER
12/09/2019,"Natural Capital Partners Americas, LLC","151,900",CER
12/09/2019,"Natural Capital Partners Americas, LLC","15,558",CER
11/09/2019,South Australian Water Corporation,"10,486",KACCU
11/09/2019,Tasman Environmental Markets Pty Ltd,700,NKACCU
11/09/2019,Tasman Environmental Markets Pty Ltd,800,KACCU
09/09/2019,Carbon Financial Services Pty. Ltd.,12,CER
06/09/2019,EKI Energy Services Limited,"1,263",CER
06/09/2019,Carbon Financial Services Pty. Ltd.,23,KACCU
03/09/2019,Biodiverse Carbon Conservation Pty Limited,"2,331",CER
01/09/2019,Jeremy Martyn Dore,6,KACCU
01/09/2019,Jeremy Martyn Dore,10,KACCU
30/08/2019,EKI Energy Services Limited,440,CER
30/08/2019,Aboriginal Carbon Fund Limited,"9,524",KACCU
29/08/2019,Tasman Environmental Markets Pty Ltd,220,KACCU
28/08/2019,Enviro-Mark Solutions Limited,"1,003",CER
28/08/2019,Enviro-Mark Solutions Limited,25,CER
28/08/2019,Enviro-Mark Solutions Limited,171,CER
28/08/2019,Enviro-Mark Solutions Limited,413,CER
28/08/2019,Enviro-Mark Solutions Limited,70,CER
28/08/2019,Enviro-Mark Solutions Limited,40,CER
28/08/2019,Enviro-Mark Solutions Limited,180,CER
22/08/2019,Tasman Environmental Markets Pty Ltd,95,KACCU
22/08/2019,Tasman Environmental Markets Pty Ltd,"3,000",KACCU
20/08/2019,EKI Energy Services Limited,"29,000",CER
19/08/2019,Carbon Financial Services Pty. Ltd.,23,KACCU
19/08/2019,Carbon Financial Services Pty. Ltd.,"300,000",CER
15/08/2019,Origin Energy Electricity Ltd,"82,777",CER
14/08/2019,Australian Carbon Traders Pty Ltd,40,KACCU
14/08/2019,Australian Carbon Traders Pty Ltd,10,KACCU
12/08/2019,Mallee Carbon Limited,460,KACCU
04/08/2019,Enviro-Mark Solutions Limited,"1,322",CER
04/08/2019,Enviro-Mark Solutions Limited,97,CER
04/08/2019,Enviro-Mark Solutions Limited,15,CER
04/08/2019,Enviro-Mark Solutions Limited,490,CER
04/08/2019,Enviro-Mark Solutions Limited,216,CER
04/08/2019,Enviro-Mark Solutions Limited,11,CER
04/08/2019,Enviro-Mark Solutions Limited,7,CER
04/08/2019,Enviro-Mark Solutions Limited,25,CER
04/08/2019,Enviro-Mark Solutions Limited,193,CER
04/08/2019,Enviro-Mark Solutions Limited,77,CER
04/08/2019,Enviro-Mark Solutions Limited,"2,125",CER
04/08/2019,Enviro-Mark Solutions Limited,59,CER
04/08/2019,Enviro-Mark Solutions Limited,91,CER
04/08/2019,Enviro-Mark Solutions Limited,282,CER
04/08/2019,Enviro-Mark Solutions Limited,79,CER
04/08/2019,Enviro-Mark Solutions Limited,201,CER
04/08/2019,Enviro-Mark Solutions Limited,35,CER
02/08/2019,Enviro-Mark Solutions Limited,987,CER
30/07/2019,The Sigma Global Company Pty Limited,"1,507",KACCU
30/07/2019,The Sigma Global Company Pty Limited,"1,000",NKACCU
30/07/2019,The Sigma Global Company Pty Limited,"2,780",CER
30/07/2019,Yarra Valley Water Corporation,"26,712",CER
30/07/2019,Yarra Valley Water Corporation,"5,972",CER
23/07/2019,Tasman Environmental Markets Pty Ltd,804,KACCU
23/07/2019,Tasman Environmental Markets Pty Ltd,796,KACCU
16/07/2019,Carbon Financial Services Pty. Ltd.,"1,800",KACCU
12/07/2019,Corporate Carbon Advisory Pty Ltd,"15,515",KACCU
11/07/2019,Aboriginal Carbon Fund Limited,"6,429",KACCU
10/07/2019,Tasman Environmental Markets Pty Ltd,1,KACCU
09/07/2019,Tasman Environmental Markets Pty Ltd,225,KACCU
08/07/2019,Carbon Estate Pty Ltd,73,NKACCU
08/07/2019,Carbon Estate Pty Ltd,"1,011",KACCU
08/07/2019,Carbon Financial Services Pty. Ltd.,29,KACCU
05/07/2019,WeAct Pty Ltd Custodial,"5,000",CER
04/07/2019,Tasman Environmental Markets Pty Ltd,383,KACCU
03/07/2019,Jeremy Martyn Dore,6,KACCU
03/07/2019,Jeremy Martyn Dore,5,KACCU
03/07/2019,EKI Energy Services Limited,"14,798",CER
03/07/2019,South Australian Water Corporation,"7,688",KACCU
28/06/2019,Carbon Estate Pty Ltd,"3,800",KACCU
28/06/2019,Climate Friendly Pty Ltd,"3,000",KACCU
23/06/2019,Enviro-Mark Solutions Limited,408,CER
23/06/2019,Enviro-Mark Solutions Limited,13,CER
23/06/2019,Enviro-Mark Solutions Limited,45,CER
19/06/2019,Aboriginal Carbon Fund Limited,"1,500",KACCU
18/06/2019,Tasman Environmental Markets Pty Ltd,40,KACCU
18/06/2019,Tasman Environmental Markets Pty Ltd,50,KACCU
07/06/2019,EKI Energy Services Limited,"4,838",CER
31/05/2019,Aboriginal Carbon Fund Limited,274,KACCU
28/05/2019,The Sigma Global Company Pty Limited,"5,192",NKACCU
28/05/2019,The Sigma Global Company Pty Limited,"3,000",KACCU
28/05/2019,Carbon Financial Services Pty. Ltd.,28,KACCU
26/05/2019,Enviro-Mark Solutions Limited,"5,336",CER
26/05/2019,Enviro-Mark Solutions Limited,27,CER
26/05/2019,Enviro-Mark Solutions Limited,419,CER
24/05/2019,Biodiverse Carbon Conservation Pty Limited,"1,500",KACCU
23/05/2019,Corporate Carbon Advisory Pty Ltd,"15,536",KACCU
21/05/2019,Carbon Financial Services Pty. Ltd.,25,KACCU
17/05/2019,EKI Energy Services Limited,"4,000",CER
15/05/2019,Mallee Carbon Limited,95,KACCU
13/05/2019,Carbon Financial Services Pty. Ltd.,"808,379",CER
13/05/2019,Carbon Financial Services Pty. Ltd.,989,CER
13/05/2019,Carbon Financial Services Pty. Ltd.,"1,345",CER
07/05/2019,Tasman Environmental Markets Pty Ltd,208,KACCU
24/04/2019,Carbon Estate Pty Ltd,"1,923",KACCU
18/04/2019,EnergyAustralia Pty Ltd,"525,041",CER
18/04/2019,EnergyAustralia Pty Ltd,"14,860",KACCU
18/04/2019,EnergyAustralia Pty Ltd,"6,270",NKACCU
11/04/2019,Tasman Environmental Markets Pty Ltd,400,KACCU
11/04/2019,Tasman Environmental Markets Pty Ltd,136,KACCU
11/04/2019,Corporate Carbon Advisory Pty Ltd,"51,449",KACCU
10/04/2019,Enviro-Mark Solutions Limited,100,CER
10/04/2019,Enviro-Mark Solutions Limited,100,CER
08/04/2019,EKI Energy Services Limited,"5,591",CER
02/04/2019,Tasman Environmental Markets Pty Ltd,"1,984",CER
02/04/2019,Tasman Environmental Markets Pty Ltd,755,KACCU
02/04/2019,Tasman Environmental Markets Pty Ltd,15,KACCU
02/04/2019,Tasman Environmental Markets Pty Ltd,"1,146",KACCU
01/04/2019,Carbon Financial Services Pty. Ltd.,14,NKACCU
01/04/2019,Carbon Financial Services Pty. Ltd.,62,KACCU
29/03/2019,Tasman Environmental Markets Pty Ltd,600,KACCU
28/03/2019,South Australian Water Corporation,"9,781",KACCU
26/03/2019,Tasman Environmental Markets Pty Ltd,301,KACCU
26/03/2019,Enviro-Mark Solutions Limited,"6,666",CER
22/03/2019,WeAct Pty Ltd,"68,287",tCER
22/03/2019,WeAct Pty Ltd,"3,713",CER
15/03/2019,Carbon Financial Services Pty. Ltd.,24,NKACCU
09/03/2019,Enviro-Mark Solutions Limited,8,CER
09/03/2019,Enviro-Mark Solutions Limited,208,CER
09/03/2019,Enviro-Mark Solutions Limited,80,CER
09/03/2019,Enviro-Mark Solutions Limited,177,CER
09/03/2019,Enviro-Mark Solutions Limited,50,CER
09/03/2019,Enviro-Mark Solutions Limited,100,CER
09/03/2019,Enviro-Mark Solutions Limited,100,CER
09/03/2019,Enviro-Mark Solutions Limited,10,CER
09/03/2019,Enviro-Mark Solutions Limited,10,CER
19/02/2019,Carbon Financial Services Pty. Ltd.,"5,862",CER
18/02/2019,EKI Energy Services Limited,"22,072",CER
18/02/2019,EKI Energy Services Limited,"44,770",CER
18/02/2019,EKI Energy Services Limited,"36,064",CER
18/02/2019,EKI Energy Services Limited,"11,503",CER
15/02/2019,Terra Carbon Pty Ltd,1,KACCU
12/02/2019,Carbon Financial Services Pty. Ltd.,24,NKACCU
12/02/2019,Carbon Financial Services Pty. Ltd.,24,NKACCU
08/02/2019,Carbon Financial Services Pty. Ltd.,"46,571",CER
08/02/2019,WeAct Pty Ltd,"8,374",tCER
08/02/2019,WeAct Pty Ltd,"17,365",CER
07/02/2019,Enviro-Mark Solutions Limited,"5,000",CER
05/02/2019,Enviro-Mark Solutions Limited,"30,849",CER
05/02/2019,EKI Energy Services Limited,"5,000",CER
01/02/2019,EnergyAustralia Pty Ltd,978,KACCU
01/02/2019,EnergyAustralia Pty Ltd,"35,656",CER
01/02/2019,EnergyAustralia Pty Ltd,1,CER
31/01/2019,Australian Carbon Traders Pty Ltd,10,KACCU
29/01/2019,Virgin Australia Regional Airlines Pty Ltd,"5,771",KACCU
29/01/2019,Tasman Environmental Markets Pty Ltd,"1,470",KACCU
29/01/2019,Tasman Environmental Markets Pty Ltd,30,KACCU
29/01/2019,Tasman Environmental Markets Pty Ltd,30,KACCU
29/01/2019,Tasman Environmental Markets Pty Ltd,"1,470",KACCU
22/01/2019,Aboriginal Carbon Fund Limited,"17,408",KACCU
22/01/2019,Aboriginal Carbon Fund Limited,50,KACCU
21/01/2019,WeAct Pty Ltd,"14,448",tCER
21/01/2019,WeAct Pty Ltd,"5,552",tCER
21/01/2019,WeAct Pty Ltd,"5,000",CER
21/01/2019,WeAct Pty Ltd,"38,631",CER
16/01/2019,Tasman Environmental Markets Pty Ltd,200,KACCU
16/01/2019,Tasman Environmental Markets Pty Ltd,615,KACCU
09/01/2019,Enviro-Mark Solutions Limited,22,CER
09/01/2019,Enviro-Mark Solutions Limited,800,CER
09/01/2019,Enviro-Mark Solutions Limited,926,CER
09/01/2019,Enviro-Mark Solutions Limited,"1,907",CER
09/01/2019,Enviro-Mark Solutions Limited,18,CER
09/01/2019,Enviro-Mark Solutions Limited,"1,009",CER
09/01/2019,Enviro-Mark Solutions Limited,960,CER
09/01/2019,Enviro-Mark Solutions Limited,89,CER
24/12/2018,Carbon Financial Services Pty. Ltd.,23,NKACCU
20/12/2018,Tasman Environmental Markets Pty Ltd,193,CER
18/12/2018,Tasman Environmental Markets Pty Ltd,344,KACCU
18/12/2018,Corporate Carbon Advisory Pty Ltd,1,NKACCU
18/12/2018,WeAct Pty Ltd,"30,000",CER
17/12/2018,WeAct Pty Ltd,10,tCER
17/12/2018,WeAct Pty Ltd,490,CER
17/12/2018,Clean Energy Finance Corporation,11,KACCU
17/12/2018,Biodiverse Carbon Conservation Pty Limited,"1,785",KACCU
14/12/2018,Biodiverse Carbon Conservation Pty Limited,"3,000",CER
14/12/2018,Biodiverse Carbon Conservation Pty Limited,"3,586",CER
14/12/2018,WeAct Pty Ltd,10,CER
10/12/2018,Carbon Financial Services Pty. Ltd.,"1,783",KACCU
05/12/2018,Perenia Pty Ltd,"60,000",CER
05/12/2018,Perenia Pty Ltd,"65,000",CER
30/11/2018,Carbon Financial Services Pty. Ltd.,"3,000",KACCU
30/11/2018,Carbon Financial Services Pty. Ltd.,700,NKACCU
30/11/2018,Tasman Environmental Markets Pty Ltd,230,KACCU
29/11/2018,Tasman Environmental Markets Pty Ltd,3,NKACCU
28/11/2018,Corporate Carbon Advisory Pty Ltd,"2,150",KACCU
28/11/2018,Tasman Environmental Markets Pty Ltd,582,KACCU
28/11/2018,Tasman Environmental Markets Pty Ltd,582,KACCU
28/11/2018,Tasman Environmental Markets Pty Ltd,226,KACCU
27/11/2018,Aboriginal Carbon Fund Limited,400,KACCU
27/11/2018,Clean Energy Finance Corporation,"1,140",KACCU
26/11/2018,EKI Energy Services Limited,"5,036",CER
22/11/2018,Enviro-Mark Solutions Limited,170,CER
22/11/2018,Enviro-Mark Solutions Limited,990,CER
22/11/2018,Enviro-Mark Solutions Limited,445,CER
22/11/2018,Enviro-Mark Solutions Limited,323,CER
22/11/2018,Enviro-Mark Solutions Limited,13,CER
22/11/2018,Enviro-Mark Solutions Limited,16,CER
22/11/2018,Enviro-Mark Solutions Limited,"2,924",CER
22/11/2018,Enviro-Mark Solutions Limited,44,CER
22/11/2018,WeAct Pty Ltd,1,CER
22/11/2018,WeAct Pty Ltd,1,CER
21/11/2018,WeAct Pty Ltd,1,CER
21/11/2018,Carbon Financial Services Pty. Ltd.,"3,000",KACCU
19/11/2018,EKI Energy Services Limited,335,CER
19/11/2018,EKI Energy Services Limited,415,CER
13/11/2018,Tasman Environmental Markets Pty Ltd,653,KACCU
13/11/2018,Tasman Environmental Markets Pty Ltd,135,KACCU
13/11/2018,Tasman Environmental Markets Pty Ltd,122,KACCU
08/11/2018,Tasman Environmental Markets Pty Ltd,"5,547",KACCU
08/11/2018,Tasman Environmental Markets Pty Ltd,"7,401",KACCU
08/11/2018,Tasman Environmental Markets Pty Ltd,"10,333",KACCU
08/11/2018,Tasman Environmental Markets Pty Ltd,700,KACCU
08/11/2018,Tasman Environmental Markets Pty Ltd,"9,883",KACCU
08/11/2018,Tasman Environmental Markets Pty Ltd,450,KACCU
08/11/2018,Tasman Environmental Markets Pty Ltd,"3,603",KACCU
08/11/2018,Tasman Environmental Markets Pty Ltd,"1,397",KACCU
08/11/2018,Tasman Environmental Markets Pty Ltd,"2,233",KACCU
08/11/2018,Tasman Environmental Markets Pty Ltd,750,KACCU
08/11/2018,Tasman Environmental Markets Pty Ltd,157,KACCU
08/11/2018,Tasman Environmental Markets Pty Ltd,65,KACCU
07/11/2018,Tasman Environmental Markets Pty Ltd,100,NKACCU
06/11/2018,Carbon Financial Services Pty. Ltd.,23,NKACCU
01/11/2018,Tasman Environmental Markets Pty Ltd,50,KACCU
31/10/2018,Virgin Australia Airlines Pty Ltd,"27,406",KACCU
31/10/2018,Virgin Australia Airlines Pty Ltd,92,KACCU
27/10/2018,Aboriginal Carbon Fund Limited,61,KACCU
25/10/2018,Preview Enterprises Pty Ltd,193,KACCU
23/10/2018,Mallee Carbon Limited,"1,916",KACCU
22/10/2018,Carbon Financial Services Pty. Ltd.,23,NKACCU
22/10/2018,Carbon Financial Services Pty. Ltd.,22,NKACCU
22/10/2018,Carbon Financial Services Pty. Ltd.,23,NKACCU
19/10/2018,JAWOYN ASSOCIATION ABORIGINAL CORPORATION,7,KACCU
19/10/2018,JAWOYN ASSOCIATION ABORIGINAL CORPORATION,164,KACCU
18/10/2018,Terra Carbon Pty Ltd,358,KACCU
18/10/2018,Tasman Environmental Markets Pty Ltd,67,KACCU
18/10/2018,Tasman Environmental Markets Pty Ltd,252,KACCU
18/10/2018,Tasman Environmental Markets Pty Ltd,200,KACCU
18/10/2018,Tasman Environmental Markets Pty Ltd,675,KACCU
11/10/2018,Enviro-Mark Solutions Limited,190,CER
11/10/2018,Enviro-Mark Solutions Limited,19,CER
11/10/2018,Enviro-Mark Solutions Limited,"1,017",CER
11/10/2018,Enviro-Mark Solutions Limited,577,CER
11/10/2018,Tasman Environmental Markets Pty Ltd,"1,050",NKACCU
11/10/2018,Tasman Environmental Markets Pty Ltd,40,KACCU
11/10/2018,Enviro-Mark Solutions Limited,"3,972",CER
08/10/2018,Enviro-Mark Solutions Limited,56,CER
08/10/2018,Enviro-Mark Solutions Limited,595,CER
08/10/2018,Enviro-Mark Solutions Limited,253,CER
08/10/2018,Enviro-Mark Solutions Limited,244,CER
08/10/2018,Enviro-Mark Solutions Limited,40,CER
04/10/2018,AGL HP1 Pty Limited,"38,107",KACCU
04/10/2018,Tasman Environmental Markets Pty Ltd,600,KACCU
04/10/2018,Brisbane City Council,"33,750",KACCU
26/09/2018,Carbon Financial Services Pty. Ltd.,"42,191",CER
14/09/2018,Clean Energy Finance Corporation,787,KACCU
07/09/2018,Biodiverse Carbon Conservation Pty Limited,400,CER
07/09/2018,Tasman Environmental Markets Pty Ltd,750,KACCU
06/09/2018,Enviro-Mark Solutions Limited,"2,070",CER
06/09/2018,Enviro-Mark Solutions Limited,48,CER
05/09/2018,Tasman Environmental Markets Pty Ltd,500,KACCU
05/09/2018,Tasman Environmental Markets Pty Ltd,800,KACCU
05/09/2018,Tasman Environmental Markets Pty Ltd,904,NKACCU
05/09/2018,Aboriginal Carbon Fund Limited,"5,500",KACCU
04/09/2018,Biodiverse Carbon Conservation Pty Limited,"8,000",CER
04/09/2018,Biodiverse Carbon Conservation Pty Limited,"12,000",CER
30/08/2018,Carbon Financial Services Pty. Ltd.,"8,000",KACCU
27/08/2018,AGL HP1 Pty Limited,"2,320",KACCU
24/08/2018,Tasman Environmental Markets Pty Ltd,94,KACCU
24/08/2018,Tasman Environmental Markets Pty Ltd,344,KACCU
24/08/2018,Tasman Environmental Markets Pty Ltd,250,KACCU
15/08/2018,Carbon Financial Services Pty. Ltd.,"135,000",CER
14/08/2018,Biodiverse Carbon Conservation Pty Limited,"1,000",KACCU
03/08/2018,Enviro-Mark Solutions Limited,45,CER
03/08/2018,Enviro-Mark Solutions Limited,852,CER
03/08/2018,Enviro-Mark Solutions Limited,794,CER
24/07/2018,Aboriginal Carbon Fund Limited,"8,679",KACCU
24/07/2018,Aboriginal Carbon Fund Limited,"15,203",KACCU
24/07/2018,Aboriginal Carbon Fund Limited,"14,418",KACCU
19/07/2018,Yarra Valley Water Corporation,"28,357",CER
19/07/2018,Yarra Valley Water Corporation,"5,814",CER
19/07/2018,Tasman Environmental Markets Pty Ltd,200,KACCU
17/07/2018,Aboriginal Carbon Fund Limited,"8,356",KACCU
13/07/2018,Enviro-Mark Solutions Limited,65,CER
13/07/2018,Enviro-Mark Solutions Limited,901,CER
29/06/2018,Origin Energy Electricity Ltd,"98,123",CER
29/06/2018,South Australian Water Corporation,"211,159",KACCU
29/06/2018,Yarra Valley Water Corporation,"6,243",CER
22/06/2018,Tasman Environmental Markets Pty Ltd,120,KACCU
20/06/2018,Tasman Environmental Markets Pty Ltd,10,KACCU
18/06/2018,Mallee Carbon Limited,"5,000",KACCU
18/06/2018,Carbon Estate Pty Ltd,"1,000",KACCU
15/06/2018,Tasman Environmental Markets Pty Ltd,720,KACCU
15/06/2018,Tasman Environmental Markets Pty Ltd,96,KACCU
15/06/2018,Tasman Environmental Markets Pty Ltd,"1,485",KACCU
11/06/2018,Brisbane City Council,"46,696",NKACCU
04/06/2018,EnergyAustralia Pty Ltd,"12,077",CER
04/06/2018,EnergyAustralia Pty Ltd,350,KACCU
31/05/2018,Tasman Environmental Markets Pty Ltd,"10,000",KACCU
09/05/2018,Tasman Environmental Markets Pty Ltd,1,CER
07/05/2018,Tasman Environmental Markets Pty Ltd,400,KACCU
03/05/2018,Enviro-Mark Solutions Limited,"4,795",CER
03/05/2018,Enviro-Mark Solutions Limited,304,CER
03/05/2018,Enviro-Mark Solutions Limited,40,CER
03/05/2018,Carbon Financial Services Pty. Ltd.,"60,000",CER
24/04/2018,EnergyAustralia Pty Ltd,579,CER
24/04/2018,Tasman Environmental Markets Pty Ltd,11,KACCU
24/04/2018,Tasman Environmental Markets Pty Ltd,400,KACCU
23/04/2018,Tasman Environmental Markets Pty Ltd,400,KACCU
23/04/2018,Tasman Environmental Markets Pty Ltd,640,KACCU
23/04/2018,Carbon Financial Services Pty. Ltd.,"10,423",CER
20/04/2018,Alfa (NT) Limited,"4,700",KACCU
17/04/2018,EnergyAustralia Pty Ltd,"4,750",NKACCU
17/04/2018,EnergyAustralia Pty Ltd,"4,750",KACCU
17/04/2018,EnergyAustralia Pty Ltd,"105,500",CER
10/04/2018,Australian Wildlife Conservancy,29,KACCU
10/04/2018,Thomas Winklehner,"6,222",CER
10/04/2018,Thomas Winklehner,"1,560",CER
03/04/2018,Carbon Financial Services Pty. Ltd.,50,NKACCU
06/03/2018,Virgin Australia Airlines Pty Ltd,"12,623",CER
02/03/2018,Enviro-Mark Solutions Limited,10,CER
02/03/2018,Carbon Financial Services Pty. Ltd.,"5,000",CER
21/02/2018,Thomas Winklehner,"1,121",CER
13/02/2018,Tasman Environmental Markets Pty Ltd,150,NKACCU
13/02/2018,Tasman Environmental Markets Pty Ltd,100,KACCU
13/02/2018,Tasman Environmental Markets Pty Ltd,"1,160",NKACCU
06/02/2018,Thomas Winklehner,"7,544",CER
06/02/2018,Thomas Winklehner,"3,319",CER
06/02/2018,Thomas Winklehner,"2,678",CER
05/02/2018,Perenia Pty Ltd,121,NKACCU
31/01/2018,Carbon Financial Services Pty. Ltd.,"50,000",CER
31/01/2018,Carbon Financial Services Pty. Ltd.,350,KACCU
30/01/2018,Perenia Pty Ltd,141,NKACCU
30/01/2018,Perenia Pty Ltd,53,NKACCU
30/01/2018,Perenia Pty Ltd,10,NKACCU
12/01/2018,Tasman Environmental Markets Pty Ltd,196,KACCU
20/12/2017,Tasman Environmental Markets Pty Ltd,10,KACCU
01/12/2017,Biodiverse Carbon Conservation Pty Limited,155,CER
30/11/2017,Jawoyn Association Aboriginal Corporation,90,KACCU
28/11/2017,Perenia Pty Ltd,87,NKACCU
20/11/2017,Tasman Environmental Markets Pty Ltd,80,KACCU
20/11/2017,Tasman Environmental Markets Pty Ltd,700,NKACCU
20/11/2017,Tasman Environmental Markets Pty Ltd,800,KACCU
17/11/2017,Carbon Financial Services Pty. Ltd.,"932,798",CER
10/11/2017,Country Carbon Pty Ltd,54,KACCU
03/11/2017,Enviro-Mark Solutions Limited,50,CER
31/10/2017,Virgin Australia Airlines Pty Ltd,"24,855",KACCU
30/10/2017,Biodiverse Carbon Conservation Pty Limited,75,CER
27/10/2017,Tasman Environmental Markets Pty Ltd,"5,000",NKACCU
27/10/2017,Tasman Environmental Markets Pty Ltd,"1,250",KACCU
27/10/2017,Tasman Environmental Markets Pty Ltd,"1,250",KACCU
27/10/2017,Tasman Environmental Markets Pty Ltd,608,KACCU
25/10/2017,Thomas Winklehner,"4,443",CER
25/10/2017,Thomas Winklehner,540,CER
20/10/2017,Carbon Financial Services Pty. Ltd.,500,NKACCU
10/10/2017,Thomas Winklehner,"6,344",CER
10/10/2017,Thomas Winklehner,"3,286",CER
10/10/2017,Thomas Winklehner,"8,173",CER
09/10/2017,Biodiverse Carbon Conservation Pty Limited,170,CER
09/10/2017,Biodiverse Carbon Conservation Pty Limited,"7,000",CER
06/10/2017,H.E.Q. Pty Ltd,40,KACCU
26/09/2017,Tasman Environmental Markets Pty Ltd,"3,235",KACCU
26/09/2017,Perenia Pty Ltd,668,NKACCU
05/09/2017,Perenia Pty Ltd,190,NKACCU
14/08/2017,Carbon Financial Services Pty. Ltd.,304,CER
10/08/2017,Origin Energy Electricity Ltd,"119,057",CER
10/08/2017,Carbon Estate Pty Ltd,7,KACCU
08/08/2017,Tasman Environmental Markets Pty Ltd,"1,600",KACCU
21/07/2017,Perenia Pty Ltd,100,NKACCU
21/07/2017,Perenia Pty Ltd,165,NKACCU
21/07/2017,Perenia Pty Ltd,50,NKACCU
21/07/2017,Perenia Pty Ltd,23,NKACCU
20/07/2017,Australian Carbon Traders Pty Ltd,50,NKACCU
12/07/2017,Carbon Financial Services Pty. Ltd.,"14,000",NKACCU
07/07/2017,BP Energy Asia Pte. Limited,"5,000",CER
05/07/2017,Perenia Pty Ltd,706,NKACCU
05/07/2017,Climate Friendly Pty Ltd,67,NKACCU
05/07/2017,Climate Friendly Pty Ltd,105,NKACCU
03/07/2017,Perenia Pty Ltd,"4,000",NKACCU
29/06/2017,Australian Integrated Carbon Financial Services Pty Ltd,"75,000",CER
23/06/2017,Aboriginal Carbon Fund Limited,"5,000",KACCU
23/06/2017,Carbon Financial Services Pty. Ltd.,125,CER
09/06/2017,Corporate Carbon Advisory Pty Ltd,"30,000",NKACCU
05/06/2017,Tasman Environmental Markets Pty Ltd,"1,068",NKACCU
05/06/2017,Tasman Environmental Markets Pty Ltd,150,NKACCU
05/06/2017,Tasman Environmental Markets Pty Ltd,121,NKACCU
22/05/2017,Balkanu Cape York Development Corporation Pty Ltd,50,KACCU
27/04/2017,Perenia Pty Ltd,53,NKACCU
10/04/2017,Carbon Estate Pty Ltd,"5,701",KACCU
30/03/2017,Corporate Carbon Advisory Pty Ltd,"4,680",NKACCU
29/03/2017,Thomas Winklehner,"16,031",CER
29/03/2017,Thomas Winklehner,"1,641",CER
23/03/2017,Tasman Environmental Markets Pty Ltd,103,NKACCU
05/01/2017,Climate Friendly Pty Ltd,"8,000",NKACCU
05/01/2017,Climate Friendly Pty Ltd,635,NKACCU
22/12/2016,Brisbane City Council,"28,202",NKACCU
22/12/2016,Brisbane City Council,"12,232",KACCU
16/12/2016,Tasman Environmental Markets Pty Ltd,200,KACCU
12/12/2016,Climate Friendly Pty Ltd,40,NKACCU
12/12/2016,Climate Friendly Pty Ltd,170,NKACCU
12/12/2016,Climate Friendly Pty Ltd,30,NKACCU
12/12/2016,Climate Friendly Pty Ltd,77,NKACCU
12/12/2016,Climate Friendly Pty Ltd,3,NKACCU
12/12/2016,Climate Friendly Pty Ltd,30,NKACCU
12/12/2016,Climate Friendly Pty Ltd,59,NKACCU
12/12/2016,Climate Friendly Pty Ltd,63,NKACCU
12/12/2016,Climate Friendly Pty Ltd,50,NKACCU
12/12/2016,Climate Friendly Pty Ltd,"2,000",NKACCU
12/12/2016,Climate Friendly Pty Ltd,"10,000",KACCU
02/12/2016,Jawoyn Association Aboriginal Corporation,121,KACCU
29/11/2016,Balkanu Cape York Development Corporation Pty Ltd,10,KACCU
11/11/2016,Tasman Environmental Markets Pty Ltd,500,KACCU
02/11/2016,Carbon Estate Pty Ltd,299,KACCU
27/10/2016,Carbon Estate Pty Ltd,"8,000",KACCU
26/10/2016,Carbon Financial Services Pty. Ltd.,813,KACCU
20/10/2016,Tasman Environmental Markets Pty Ltd,480,NKACCU
20/10/2016,Tasman Environmental Markets Pty Ltd,480,KACCU
14/10/2016,Carbon Financial Services Pty. Ltd.,100,KACCU
10/10/2016,Climate Friendly Pty Ltd,90,NKACCU
10/10/2016,Climate Friendly Pty Ltd,"5,263",NKACCU
07/10/2016,Carbon Financial Services Pty. Ltd.,100,KACCU
06/09/2016,Jawoyn Association Aboriginal Corporation,50,KACCU
10/08/2016,Tasman Environmental Markets Pty Ltd,42,NKACCU
09/08/2016,Australian Carbon Traders Pty Ltd,250,NKACCU
08/08/2016,Tasman Environmental Markets Pty Ltd,50,NKACCU
08/08/2016,Tasman Environmental Markets Pty Ltd,604,KACCU
08/08/2016,Tasman Environmental Markets Pty Ltd,"1,250",KACCU
08/08/2016,Tasman Environmental Markets Pty Ltd,157,KACCU
05/08/2016,The Sigma Global Company Pty Limited,"4,416",KACCU
05/08/2016,GREENFLEET AUSTRALIA,"6,000",KACCU
14/07/2016,Climate Friendly Pty Ltd,"3,715",CER
30/06/2016,EnergyAustralia Pty Ltd,"53,569",CER
16/06/2016,Origin Energy Electricity Ltd,"148,922",CER
09/06/2016,Climate Friendly Pty Ltd,573,NKACCU
09/06/2016,Climate Friendly Pty Ltd,"2,376",NKACCU
09/06/2016,Climate Friendly Pty Ltd,"4,762",NKACCU
07/06/2016,Aboriginal Carbon Fund Limited,"7,000",KACCU
31/05/2016,Carbon Financial Services Pty. Ltd.,"10,000",KACCU
31/05/2016,Carbon Financial Services Pty. Ltd.,100,KACCU
09/05/2016,Climate Friendly Pty Ltd,"22,353",NKACCU
21/04/2016,Thomas Winklehner,"6,771",CER
22/02/2016,Kowanyama Aboriginal Shire Council,50,KACCU
21/01/2016,Thomas Winklehner,"4,934",CER
21/01/2016,Thomas Winklehner,"32,885",CER
04/01/2016,Thomas Winklehner,"8,643",CER
20/11/2015,Carbon Financial Services Pty. Ltd.,"2,520",CER
17/11/2015,Carbon Financial Services Pty. Ltd.,"838,979",CER
16/11/2015,Thomas Winklehner,"25,771",CER
16/11/2015,Thomas Winklehner,"9,232",CER
16/11/2015,Carbon Financial Services Pty. Ltd.,"40,000",CER
13/11/2015,BP Energy Asia Pte. Limited,"75,000",CER
13/11/2015,Carbon Financial Services Pty. Ltd.,"3,765",CER
13/11/2015,Carbon Financial Services Pty. Ltd.,"10,000",CER
13/11/2015,Carbon Financial Services Pty. Ltd.,"10,000",CER
13/11/2015,Carbon Financial Services Pty. Ltd.,"10,000",CER
13/11/2015,Carbon Financial Services Pty. Ltd.,"10,000",CER
13/11/2015,Carbon Financial Services Pty. Ltd.,"34,558",CER
12/11/2015,Carbon Financial Services Pty. Ltd.,"49,993",CER
10/11/2015,Thomas Winklehner,"10,250",CER
06/11/2015,Perenia Pty Ltd,"5,137",CER
06/11/2015,Westpac Banking Corporation,"91,766",ERU
05/11/2015,Perenia Pty Ltd,"7,441",CER
04/11/2015,Westpac Banking Corporation,"475,590",CER
29/10/2015,Perenia Pty Ltd,"2,000",CER
28/10/2015,Carbon Financial Services Pty. Ltd.,"33,138",CER
27/10/2015,Carbon Financial Services Pty. Ltd.,810,KACCU
22/10/2015,Perenia Pty Ltd,"48,383",CER
20/10/2015,Perenia Pty Ltd,102,CER
19/10/2015,Carbon Financial Services Pty. Ltd.,"50,007",CER
19/10/2015,Carbon Financial Services Pty. Ltd.,"14,000",CER
16/10/2015,Perenia Pty Ltd,120,CER
16/10/2015,Perenia Pty Ltd,221,CER
12/10/2015,Carbon Financial Services Pty. Ltd.,"26,000",ERU
07/10/2015,Carbon Financial Services Pty. Ltd.,"22,371",CER
30/09/2015,Carbon Financial Services Pty. Ltd.,"22,749",CER
25/09/2015,Westpac Banking Corporation,"240,369",CER
23/09/2015,Carbon Financial Services Pty. Ltd.,"2,564",CER
23/09/2015,Carbon Financial Services Pty. Ltd.,"26,536",CER
17/09/2015,Commonwealth Holding Account,"848,465",AAU
08/09/2015,Carbon Financial Services Pty. Ltd.,900,CER
08/09/2015,Carbon Financial Services Pty. Ltd.,100,KACCU
31/08/2015,Carbon Financial Services Pty. Ltd.,250,CER
25/08/2015,Carbon Financial Services Pty. Ltd.,"94,000",CER
24/08/2015,Perenia Pty Ltd,100,CER
05/08/2015,Carbon Financial Services Pty. Ltd.,"131,870",CER
24/07/2015,Perenia Pty Ltd,150,CER
29/06/2015,Westpac Banking Corporation,"10,000",CER
15/06/2015,Origin Energy Electricity Ltd,"65,683",CER
26/05/2015,Climate Friendly Pty Ltd,"24,332",NKACCU
20/05/2015,Carbon Financial Services Pty. Ltd.,"187,301",CER
25/03/2015,Carbon Financial Services Pty. Ltd.,"47,668",CER
11/03/2015,Carbon Financial Services Pty. Ltd.,"210,000",CER
05/02/2015,Carbon Financial Services Pty. Ltd.,"248,370",CER
27/01/2015,Carbon Financial Services Pty. Ltd.,"1,000",CER
11/11/2014,Westpac Banking Corporation,802,CER
16/10/2014,Carbon Financial Services Pty. Ltd.,"15,000",CER
07/10/2014,Westpac Banking Corporation,"241,534","ERU, CER"
13/08/2014,Carbon Financial Services Pty. Ltd.,100,CER
05/08/2014,GREENFLEET AUSTRALIA,51,KACCU
08/07/2014,GREENFLEET AUSTRALIA,379,KACCU
21/03/2014,Westpac Banking Corporation,"10,000",CER
18/10/2013,Westpac Banking Corporation,684,CER
04/10/2013,Westpac Banking Corporation,"256,818","ERU, CER"
15/07/2013,Climate Bridge Pty Ltd,500,CER
22/04/2013,Commonwealth Holding Account,"2,300,861",AAU
25/03/2013,Westpac Banking Corporation,324,CER
19/12/2012,Westpac Banking Corporation,"10,000",CER
14/09/2012,Carbon Banc Limited,500,CER
15/03/2012,Westpac Banking Corporation,"10,000",CER